datetime,energy_kwh,avg_voltage,avg_intensity,avg_reactive_power,sub_metering_1,sub_metering_2,sub_metering_3
2006-12-16,20.152933333333333,236.24376262626262,13.082828282828283,0.08818686868686867,0.0,546.0,4926.0
2006-12-17,56.507666666666665,240.0870277777778,9.999027777777778,0.1569486111111111,2033.0,4187.0,13341.0
2006-12-18,36.73043333333333,241.23169444444446,6.421666666666667,0.11235555555555556,1063.0,2621.0,14018.0
2006-12-19,27.7699,241.9993125,4.926388888888889,0.10482083333333334,839.0,7602.0,6197.0
2006-12-20,37.095800000000004,242.30806249999998,6.467361111111111,0.11180416666666666,0.0,2648.0,14063.0
2006-12-21,28.618566666666666,241.0419027777778,5.028194444444445,0.10011527777777778,1765.0,2623.0,10421.0
2006-12-22,39.0223,241.1845486111111,6.872916666666667,0.12979583333333333,3151.0,350.0,11131.0
2006-12-23,79.55643333333335,240.1360763888889,14.028055555555557,0.15379861111111112,2669.0,425.0,14726.0
2006-12-24,42.5002,241.6874375,7.640416666666667,0.10409722222222223,1703.0,5082.0,6891.0
2006-12-25,45.718666666666664,243.39993055555558,7.951527777777779,0.1668611111111111,6620.0,1962.0,5795.0
2006-12-26,65.5685,241.6254375,11.347916666666666,0.11465416666666667,1086.0,2533.0,14979.0
2006-12-27,25.479333333333333,243.76736111111111,4.5175,0.12423749999999999,0.0,314.0,6976.0
2006-12-28,34.54396666666666,243.26833333333335,6.086250000000001,0.14505277777777778,2207.0,4419.0,9176.0
2006-12-29,52.90653333333333,240.87130555555555,9.271388888888888,0.13638472222222223,1252.0,5162.0,11329.0
2006-12-30,46.7056,240.53597222222223,8.318888888888889,0.21716666666666667,3147.0,7938.0,12515.0
2006-12-31,58.236599999999996,239.8965763888889,10.199583333333333,0.10475833333333334,0.0,347.0,6502.0
2007-01-01,45.81673333333333,240.12897916666665,7.916944444444444,0.10289305555555556,0.0,352.0,5880.0
2007-01-02,21.153933333333335,241.94377777777777,3.7140277777777775,0.13218194444444445,0.0,348.0,6562.0
2007-01-03,16.9009,243.5570902777778,3.0140277777777778,0.13661666666666666,0.0,344.0,4765.0
2007-01-04,54.32353333333333,239.7502986111111,9.478194444444444,0.1404875,1051.0,7597.0,10896.0
2007-01-05,45.22273333333333,240.49576388888892,7.885138888888889,0.12024583333333333,1483.0,379.0,7602.0
2007-01-06,25.139633333333332,239.67305555555555,4.543888888888889,0.13346388888888888,1336.0,402.0,5678.0
2007-01-07,40.79366666666667,240.90248611111113,7.282638888888889,0.17088472222222223,1987.0,8177.0,12810.0
2007-01-08,37.356,239.5769513888889,6.551666666666667,0.14414444444444446,0.0,467.0,17547.0
2007-01-09,31.1509,240.48752083333335,5.521111111111111,0.14392222222222223,1688.0,4267.0,9790.0
2007-01-10,35.913333333333334,241.02745138888892,6.357777777777779,0.15864722222222222,771.0,4456.0,11012.0
2007-01-11,37.58656666666666,241.1556875,6.658333333333333,0.1597361111111111,1378.0,2170.0,12415.0
2007-01-12,24.354933333333335,241.53820833333336,4.309166666666666,0.13829166666666665,0.0,439.0,8276.0
2007-01-13,53.113566666666664,239.28361111111113,9.453055555555554,0.2019,7806.0,2975.0,11341.0
2007-01-14,50.183816666666665,238.81780555555557,8.971666666666668,0.15790069444444446,1777.0,4215.0,12991.5
2007-01-15,35.811299999999996,241.2409097222222,6.261527777777778,0.12143055555555557,1099.0,2239.0,15163.0
2007-01-16,28.106733333333334,241.94475694444446,4.975972222222222,0.12876944444444444,2063.0,644.0,6583.0
2007-01-17,47.46146666666667,241.00525,8.283888888888889,0.13941111111111112,3500.0,5737.0,16064.0
2007-01-18,30.3577,240.89359722222224,5.3425,0.12341111111111111,0.0,336.0,13491.0
2007-01-19,24.674,240.16094444444445,4.37625,0.11809166666666666,2103.0,330.0,7172.0
2007-01-20,52.22886666666667,238.8674722222222,9.348055555555556,0.16552916666666667,4324.0,5222.0,11440.0
2007-01-21,56.7877,238.96811805555558,10.190694444444444,0.15953888888888887,10346.0,5567.0,11599.0
2007-01-22,36.34156666666667,241.60313194444444,6.355277777777778,0.1171125,1054.0,2983.0,11361.0
2007-01-23,29.627333333333336,242.76255555555556,5.260833333333333,0.09602777777777778,0.0,1064.0,5061.0
2007-01-24,49.79756666666666,241.45769444444446,8.733611111111111,0.12365277777777778,3464.0,2480.0,11744.0
2007-01-25,26.605733333333333,243.42436111111112,4.629305555555556,0.10011111111111111,1158.0,262.0,11239.0
2007-01-26,26.9662,242.77179166666667,4.721388888888889,0.09923749999999999,1163.0,261.0,8238.0
2007-01-27,34.06786666666667,241.61656944444442,5.949861111111111,0.10294583333333332,1170.0,3896.0,12374.0
2007-01-28,51.54041666666667,240.30152083333334,9.133888888888889,0.10668611111111112,3466.0,3997.5,12061.0
2007-01-29,33.0444,240.9295972222222,5.788888888888889,0.11506666666666666,1123.0,294.0,15254.0
2007-01-30,28.4633,241.84087499999998,5.028194444444445,0.1256486111111111,1123.0,1424.0,8149.0
2007-01-31,39.39586666666666,239.92113194444443,6.923611111111111,0.12915833333333332,0.0,5950.0,15052.0
2007-02-01,30.412666666666667,240.3921388888889,5.3325000000000005,0.10435000000000001,1170.0,386.0,13145.0
2007-02-02,27.7956,240.3343888888889,4.870833333333334,0.09690416666666667,0.0,356.0,11338.0
2007-02-03,67.16203333333334,238.91019444444444,11.815972222222221,0.17071111111111112,4746.0,4573.0,17834.0
2007-02-04,59.93233333333333,239.63333333333333,10.565416666666668,0.12950972222222223,3391.0,4597.0,14472.0
2007-02-05,27.421333333333333,240.81031249999998,4.820416666666667,0.10224166666666668,896.0,2564.0,7849.0
2007-02-06,21.224666666666668,241.26415972222225,3.7719444444444448,0.09900416666666667,1185.0,405.0,4517.0
2007-02-07,38.8003,241.14969444444444,6.791666666666667,0.12340833333333333,3299.0,3513.0,11986.0
2007-02-08,30.023566666666667,241.79730555555554,5.248333333333334,0.09645555555555554,2226.0,366.0,10157.0
2007-02-09,27.003300000000003,241.74044444444445,4.727222222222222,0.10976805555555556,0.0,3045.0,9770.0
2007-02-10,47.15546666666667,240.0368263888889,8.303749999999999,0.1340097222222222,5071.0,2831.0,14405.0
2007-02-11,59.52046666666667,239.5061458333333,10.526805555555557,0.1418847222222222,2430.0,4765.0,13114.0
2007-02-12,31.293499999999998,240.09850000000003,5.503472222222222,0.09493333333333334,2227.0,399.0,11517.0
2007-02-13,23.575766666666667,241.16685416666667,4.14375,0.09352638888888888,0.0,2828.0,6256.0
2007-02-14,41.644533333333335,240.3753888888889,7.315138888888888,0.14062916666666667,3295.0,3793.0,11579.0
2007-02-15,33.0891,240.66922222222223,5.820277777777778,0.11525277777777777,0.0,2363.0,14028.0
2007-02-16,28.375466666666668,240.82094444444442,5.0465277777777775,0.1053375,1148.0,859.0,8689.0
2007-02-17,34.615199999999994,239.31603472222224,6.129166666666666,0.16595,1765.0,2226.0,7157.0
2007-02-18,63.82936666666667,239.17080555555557,11.238888888888889,0.17744583333333333,6107.0,8003.0,13129.0
2007-02-19,36.44356666666667,239.78958333333333,6.442222222222222,0.12262777777777778,1634.0,2900.0,13085.0
2007-02-20,52.498799999999996,239.86544444444445,9.168472222222222,0.1299708333333333,2058.0,5191.0,9713.0
2007-02-21,34.5479,240.46096527777777,6.0744444444444445,0.13185416666666666,3527.0,2332.0,11548.0
2007-02-22,56.290333333333336,238.62018055555555,9.880277777777778,0.09593333333333334,1409.0,4165.0,12285.0
2007-02-23,21.891333333333332,240.68596527777777,3.825416666666667,0.1037111111111111,0.0,503.0,10786.0
2007-02-24,11.915366666666667,239.86310416666666,2.0858333333333334,0.0848625,0.0,363.0,3562.0
2007-02-25,8.362333333333334,241.6815486111111,1.462222222222222,0.07898333333333334,0.0,329.0,1660.0
2007-02-26,9.474733333333335,241.27359027777777,1.658888888888889,0.07519444444444444,0.0,331.0,2830.0
2007-02-27,8.6352,242.94427083333332,1.5245833333333334,0.07861388888888889,0.0,314.0,1924.0
2007-02-28,8.679566666666666,242.15959027777777,1.5284722222222222,0.07873055555555555,0.0,340.0,1973.0
2007-03-01,8.626066666666667,241.3214027777778,1.508888888888889,0.07474166666666666,0.0,316.0,1980.0
2007-03-02,8.5948,240.59159722222225,1.5068055555555557,0.0743111111111111,0.0,340.0,1969.0
2007-03-03,13.652033333333332,241.28808333333336,2.401111111111111,0.09374444444444444,0.0,347.0,4597.0
2007-03-04,34.845,240.0297986111111,6.158194444444444,0.12200138888888888,1476.0,8711.0,9408.0
2007-03-05,44.33886666666667,240.03090972222222,7.840277777777778,0.14302499999999999,5727.0,12109.0,10026.0
2007-03-06,20.775,240.98806944444445,3.6956944444444444,0.12926944444444444,0.0,1740.0,4700.0
2007-03-07,39.58676666666667,240.3235625,6.935,0.11888888888888888,1076.0,4761.0,15513.0
2007-03-08,26.2022,240.66542361111112,4.665138888888889,0.13014166666666666,2180.0,3385.0,6655.0
2007-03-09,21.2102,240.88846527777778,3.73125,0.08280416666666666,1093.0,345.0,8631.0
2007-03-10,41.41186666666667,239.80283333333335,7.341944444444445,0.16911666666666667,4130.0,5422.0,10979.0
2007-03-11,58.0106,240.00729166666667,10.121527777777779,0.12039861111111111,4810.0,3420.0,9500.0
2007-03-12,32.51113333333333,240.55871527777776,5.728472222222222,0.0933486111111111,1403.0,2841.0,12353.0
2007-03-13,21.5024,240.89796527777779,3.8056944444444443,0.08799861111111111,1350.0,3859.0,5323.0
2007-03-14,29.889400000000002,240.77729166666666,5.2675,0.10939027777777777,3485.0,480.0,8607.0
2007-03-15,31.413566666666668,240.28049305555552,5.523194444444444,0.11064305555555555,0.0,3263.0,11036.0
2007-03-16,28.36756666666667,239.52713194444445,4.992361111111111,0.09042222222222222,1106.0,4604.0,5370.0
2007-03-17,33.8015,238.22465277777778,5.946111111111111,0.08824166666666666,2208.0,359.0,12275.0
2007-03-18,39.51743333333333,241.04781944444443,7.007916666666667,0.1676736111111111,6564.0,7369.0,5856.0
2007-03-19,35.8753,240.49709027777777,6.281944444444444,0.10053055555555557,1648.0,2686.0,14118.0
2007-03-20,34.77046666666667,240.8156388888889,6.151249999999999,0.11449305555555556,3745.0,2837.0,11255.0
2007-03-21,35.70153333333334,240.98664583333334,6.237222222222223,0.09918750000000001,1865.0,4133.0,12335.0
2007-03-22,24.249633333333335,241.76352777777777,4.223055555555556,0.07904583333333333,353.0,736.0,10462.0
2007-03-23,21.8168,241.64547916666666,3.80375,0.08297777777777778,1127.0,777.0,8369.0
2007-03-24,49.47383333333333,239.70447222222222,8.703333333333333,0.13265555555555555,3707.0,5797.0,16382.0
2007-03-25,55.61088333333333,240.03453819444442,9.717152777777779,0.16402777777777777,4630.0,3600.0,9358.0
2007-03-26,23.601366666666667,241.3368125,4.183055555555556,0.11178194444444445,1088.0,344.0,9096.0
2007-03-27,18.419,240.60197916666664,3.296527777777778,0.10536527777777778,0.0,3019.0,3697.0
2007-03-28,38.8983,240.4446111111111,6.854583333333333,0.13647083333333335,1122.0,8527.0,13888.0
2007-03-29,26.506766666666667,240.5366875,4.676805555555556,0.13798333333333332,1162.0,460.0,10724.0
2007-03-30,23.373233333333335,241.03922916666667,4.189583333333333,0.12578333333333333,1094.0,468.0,8217.0
2007-03-31,58.49183333333334,239.26077083333334,10.264722222222222,0.16076666666666667,2620.0,7707.0,17682.0
2007-04-01,46.43253333333333,240.02448611111112,8.149444444444445,0.1406611111111111,4629.0,5401.0,19509.0
2007-04-02,32.679633333333335,240.46011805555557,5.71263888888889,0.12106666666666667,1755.0,970.0,16641.0
2007-04-03,27.380333333333333,240.50495833333335,4.84625,0.11719444444444443,3630.0,1042.0,7637.0
2007-04-04,34.1978,240.33178472222224,5.98625,0.11966527777777779,3434.0,420.0,14748.0
2007-04-05,30.73463333333333,241.1731041666667,5.491527777777778,0.16981805555555557,1086.0,4277.0,10523.0
2007-04-06,26.68566666666667,241.18445138888887,4.688611111111111,0.09945416666666666,0.0,5466.0,9166.0
2007-04-07,25.898733333333332,240.37859027777776,4.564583333333333,0.09634027777777777,1127.0,3111.0,5923.0
2007-04-08,26.8136,240.34918055555556,4.719861111111111,0.0943625,0.0,485.0,3545.0
2007-04-09,16.682,240.55048611111113,2.974583333333333,0.1111875,2667.0,514.0,3801.0
2007-04-10,12.956066666666667,240.8137013888889,2.347361111111111,0.10343055555555555,209.0,742.0,2572.0
2007-04-11,14.791366666666667,241.1548263888889,2.61875,0.13364305555555556,0.0,1112.0,6421.0
2007-04-12,8.961766666666668,240.25606249999998,1.5979166666666667,0.10264722222222224,0.0,541.0,1818.0
2007-04-13,9.1837,240.05048611111113,1.6433333333333333,0.10530555555555554,0.0,558.0,1988.0
2007-04-14,9.2378,240.31314583333332,1.6513888888888888,0.1080625,0.0,578.0,2008.0
2007-04-15,12.102733333333333,240.23668750000002,2.1865277777777776,0.11912777777777779,0.0,1026.0,2893.0
2007-04-16,15.873166666666666,240.6571388888889,2.8724999999999996,0.12921805555555557,952.0,1305.0,4656.0
2007-04-17,20.395566666666664,240.19566666666668,3.6908333333333334,0.15163472222222224,1532.0,389.0,6199.0
2007-04-18,16.637433333333334,240.14677777777777,2.9954166666666664,0.11473888888888888,1579.0,355.0,3430.0
2007-04-19,17.144299999999998,240.42984027777777,3.055833333333333,0.10393055555555555,733.0,1605.0,5748.0
2007-04-20,13.709666666666667,240.13289583333332,2.494861111111111,0.10114305555555557,1069.0,360.0,3499.0
2007-04-21,27.894266666666667,239.21323611111112,5.035694444444444,0.14767916666666667,6575.0,463.0,11129.0
2007-04-22,37.228566666666666,239.60888194444442,6.688472222222222,0.1855513888888889,4264.0,2287.0,11102.0
2007-04-23,17.5761,237.23564583333334,3.264166666666666,0.09419444444444444,1402.0,506.0,6005.0
2007-04-24,17.201666666666664,235.3449236111111,3.1448611111111116,0.09393333333333334,1125.0,527.0,6680.0
2007-04-25,21.069366666666667,234.94111111111113,3.858055555555556,0.11439999999999999,0.0,1469.0,8812.0
2007-04-26,21.257766666666665,234.7872986111111,3.92375,0.11361527777777777,1324.0,1845.0,7163.0
2007-04-27,18.23886666666667,235.21616666666668,3.3125,0.11245,1772.0,545.0,4756.0
2007-04-28,0.8688372359470103,235.6455475328533,2.824818660407633,0.18859403800506555,0.0,18.0,0.0
2007-04-30,7.247829430719657,234.84301988968377,3.028914604570726,0.12022308635470078,1214.0,500.0,1131.0
2007-05-01,27.730966666666667,234.6787013888889,5.073333333333333,0.12611666666666668,4005.0,995.0,8546.0
2007-05-02,16.724766666666667,235.58207638888888,3.1415277777777777,0.11117500000000001,7.0,1490.0,3754.0
2007-05-03,18.170633333333335,235.1348888888889,3.307638888888889,0.10482083333333334,1906.0,1725.0,7836.0
2007-05-04,16.635466666666666,235.71019444444443,3.0780555555555553,0.12134722222222223,2259.0,538.0,3990.0
2007-05-05,26.050866666666664,235.03502083333333,4.736111111111111,0.12090416666666667,2913.0,2493.0,11303.0
2007-05-06,35.035066666666665,234.4096527777778,6.409027777777778,0.12662222222222222,3215.0,949.0,10095.0
2007-05-07,27.3944,234.5369722222222,4.980972222222222,0.11730416666666667,946.0,4935.0,9433.0
2007-05-08,29.82153333333333,234.9062361111111,5.356388888888889,0.12611944444444445,4581.0,2011.0,8777.0
2007-05-09,27.76226666666667,234.8737222222222,5.056111111111111,0.12741944444444445,3018.0,5631.0,9474.0
2007-05-10,11.798066666666667,235.79625694444442,2.2068055555555555,0.11688472222222222,946.0,534.0,3261.0
2007-05-11,16.319233333333333,235.22975694444443,3.027638888888889,0.09173333333333333,926.0,491.0,6471.0
2007-05-12,24.0261,234.72290277777776,4.360555555555555,0.14525833333333332,2247.0,1075.0,10408.0
2007-05-13,27.245633333333334,235.7087083333333,4.969166666666667,0.15324305555555554,3612.0,2414.0,8958.0
2007-05-14,24.463033333333332,235.69006944444445,4.574166666666667,0.2073277777777778,3176.0,2417.0,5517.0
2007-05-15,15.073200000000002,235.61199305555556,2.7333333333333334,0.07720972222222222,0.0,408.0,5318.0
2007-05-16,28.215733333333333,235.26081250000001,5.071805555555556,0.09437083333333333,2213.0,5756.0,9077.0
2007-05-17,20.530266666666666,235.86845833333334,3.720972222222222,0.09110277777777777,1014.0,2073.0,7687.0
2007-05-18,27.192166666666665,235.9945972222222,4.876666666666666,0.11892916666666667,3270.0,3913.0,8116.0
2007-05-19,23.824033333333333,234.94472222222223,4.319305555555555,0.11656805555555556,4683.0,530.0,7022.0
2007-05-20,32.80546666666667,235.34811805555555,5.941527777777777,0.13023055555555557,5420.0,1733.0,7611.0
2007-05-21,18.6677,234.6919097222222,3.338611111111111,0.08144444444444444,0.0,468.0,9060.0
2007-05-22,18.88086666666667,235.48057638888892,3.3998611111111114,0.089525,931.0,3966.0,3984.0
2007-05-23,24.415599999999998,234.81249305555554,4.3975,0.11519305555555555,956.0,3792.0,8119.0
2007-05-24,19.2398,235.5460625,3.462083333333333,0.0941388888888889,955.0,4116.0,4746.0
2007-05-25,26.903666666666666,234.44720138888886,4.863472222222222,0.12124166666666666,8060.0,586.0,6539.0
2007-05-26,25.204133333333335,235.0698888888889,4.562777777777778,0.12100000000000001,2373.0,2754.0,8628.0
2007-05-27,35.8968,234.90843750000002,6.5065277777777775,0.15270416666666667,4366.0,5534.0,10444.0
2007-05-28,27.291133333333335,234.90657638888888,4.921944444444445,0.10493055555555555,4554.0,473.0,9586.0
2007-05-29,17.689,235.6943472222222,3.2072222222222218,0.07864166666666667,0.0,1907.0,4332.0
2007-05-30,26.8311,234.83139583333335,4.8284722222222225,0.10212361111111111,2250.0,5948.0,7804.0
2007-05-31,15.6425,235.09652777777777,2.7918055555555554,0.08999027777777778,935.0,477.0,3552.0
2007-06-01,17.422833333333333,235.32296527777777,3.1349305555555556,0.09954513888888888,0.0,483.0,7664.0
2007-06-02,24.73936666666667,234.4690277777778,4.474027777777778,0.11535277777777778,3971.0,1250.0,7633.0
2007-06-03,35.133766666666666,234.762375,6.352916666666667,0.12670694444444444,4985.0,7529.0,8334.0
2007-06-04,15.193633333333334,234.7480694444444,2.8222222222222224,0.15499444444444446,1585.0,836.0,4533.0
2007-06-05,24.314866666666667,234.6927638888889,4.465138888888889,0.17756388888888888,4484.0,1027.0,6448.0
2007-06-06,28.263550000000002,234.62111458333337,5.111736111111111,0.16059097222222224,3330.0,829.0,11679.0
2007-06-07,16.4167,234.47880555555554,2.9823611111111115,0.11967638888888889,985.0,699.0,3959.0
2007-06-08,35.80076666666666,236.19744444444444,6.448194444444444,0.1595361111111111,2799.0,11440.0,11380.0
2007-06-09,18.421,240.697375,3.3024305555555555,0.16193888888888888,852.0,620.0,6920.0
2007-06-10,22.346866666666664,240.84428472222223,4.005694444444444,0.1660361111111111,4202.0,1924.0,5983.0
2007-06-11,13.244233333333334,240.85674999999998,2.4179166666666667,0.13516250000000002,0.0,487.0,5328.0
2007-06-12,15.312766666666667,240.2248958333333,2.8586111111111108,0.1502888888888889,1882.0,475.0,3898.0
2007-06-13,15.454533333333334,240.39760416666667,2.8175,0.144625,957.0,857.0,5216.0
2007-06-14,20.984733333333335,239.84778472222223,3.783333333333333,0.1609,3322.0,2147.0,7054.0
2007-06-15,16.4934,240.46438194444445,3.0662499999999997,0.1748347222222222,2269.0,4011.0,4547.0
2007-06-16,33.62936666666666,239.50169444444444,5.975,0.21358194444444445,3289.0,4498.0,11108.0
2007-06-17,32.451499999999996,240.21918055555554,5.7693055555555555,0.1665375,4124.0,5038.0,8734.0
2007-06-18,11.3079,240.77620138888886,2.07875,0.1255625,0.0,529.0,4241.0
2007-06-19,14.088433333333334,240.26706944444445,2.5656944444444445,0.13067083333333332,973.0,537.0,4386.0
2007-06-20,17.904766666666667,240.15616666666668,3.3068055555555556,0.1578486111111111,1761.0,2588.0,5106.0
2007-06-21,13.4491,240.57494444444444,2.500833333333333,0.15454583333333333,932.0,2400.0,3711.0
2007-06-22,9.438233333333333,240.83563194444443,1.807361111111111,0.14480972222222224,0.0,951.0,3482.0
2007-06-23,7.959433333333334,240.31896527777778,1.5356944444444445,0.13411111111111113,0.0,786.0,2402.0
2007-06-24,11.910933333333332,241.1322152777778,2.207638888888889,0.12455694444444444,0.0,791.0,3449.0
2007-06-25,17.870033333333332,240.4222638888889,3.25,0.13699305555555558,1985.0,3621.0,4816.0
2007-06-26,15.748466666666667,240.09450694444448,2.877083333333333,0.12668055555555555,971.0,1334.0,5231.0
2007-06-27,24.680433333333333,239.7584097222222,4.429166666666666,0.1437486111111111,2603.0,6451.0,7270.0
2007-06-28,21.590633333333336,239.4236666666667,3.8895833333333334,0.15100416666666666,0.0,4368.0,9541.0
2007-06-29,21.741366666666668,240.17944444444447,3.9406944444444445,0.14325208333333334,4363.0,667.0,6797.0
2007-06-30,22.255233333333333,240.01161111111108,3.9715277777777778,0.1308013888888889,3049.0,792.0,8376.0
2007-07-01,17.111066666666666,240.06715277777778,3.080694444444444,0.11975555555555556,969.0,736.0,4690.0
2007-07-02,16.1172,240.6718125,2.9277777777777776,0.1228638888888889,1018.0,5281.0,3445.0
2007-07-03,17.665200000000002,240.1869375,3.2306944444444445,0.1252347222222222,467.0,3214.0,4695.0
2007-07-04,16.723499999999998,240.65963194444444,3.0954166666666665,0.1759263888888889,2329.0,2218.0,5632.0
2007-07-05,17.6215,240.44444444444446,3.2331944444444445,0.17133055555555557,2922.0,770.0,3973.0
2007-07-06,17.825400000000002,240.5994513888889,3.2686111111111114,0.1523263888888889,2826.0,3563.0,4005.0
2007-07-07,22.636766666666666,239.91013888888887,4.034861111111111,0.14864166666666667,997.0,3047.0,10177.0
2007-07-08,18.151333333333334,240.33889583333334,3.289305555555556,0.13674999999999998,1825.0,2831.0,5277.0
2007-07-09,19.6693,240.6176458333333,3.51625,0.1197375,923.0,594.0,9386.0
2007-07-10,15.138733333333333,239.98305555555555,2.786111111111111,0.12239166666666666,67.0,2227.0,4631.0
2007-07-11,12.0392,241.0300347222222,2.1994444444444445,0.10684444444444444,1015.0,647.0,5284.0
2007-07-12,17.82636666666667,240.76461805555556,3.2336111111111108,0.14520694444444446,1029.0,2550.0,6419.0
2007-07-13,13.2397,240.85480555555554,2.450833333333333,0.14353749999999998,0.0,633.0,4427.0
2007-07-14,21.4695,241.29188194444444,3.8940277777777776,0.17947916666666666,3775.0,1968.0,6604.0
2007-07-15,17.441683333333334,240.54533333333336,3.224375,0.19200972222222223,862.0,715.0,5585.0
2007-07-16,14.2279,236.5072361111111,2.6605555555555553,0.16247222222222224,830.0,695.0,4176.0
2007-07-17,11.993866666666666,234.74125694444442,2.27625,0.12228333333333333,848.0,694.0,3335.0
2007-07-18,12.618033333333333,231.08822916666665,2.3868055555555556,0.10869027777777779,909.0,671.0,4628.0
2007-07-19,11.2981,234.26186111111113,2.1438888888888887,0.12986944444444445,1068.0,703.0,3130.0
2007-07-20,18.507033333333332,235.56890277777777,3.451666666666666,0.15494305555555554,2111.0,2418.0,4765.0
2007-07-21,17.6708,234.25662499999999,3.291527777777778,0.1639986111111111,428.0,512.0,7756.0
2007-07-22,22.955750000000002,235.9622673611111,4.228541666666667,0.15188819444444443,7091.0,2136.0,5574.0
2007-07-23,16.51696666666667,234.50086805555554,3.075972222222222,0.09984027777777779,1747.0,1288.0,3847.0
2007-07-24,13.754733333333332,235.36304166666667,2.550972222222222,0.07834027777777777,0.0,1607.0,5599.0
2007-07-25,7.876,235.6410486111111,1.4793055555555554,0.0751625,0.0,151.0,2333.0
2007-07-26,15.408333333333333,234.94372222222225,2.8381944444444445,0.079925,975.0,3633.0,4346.0
2007-07-27,20.0419,235.55368055555556,3.6233333333333335,0.08365,1837.0,49.0,7157.0
2007-07-28,27.031033333333333,235.5072361111111,4.941666666666666,0.12411805555555555,907.0,10265.0,6559.0
2007-07-29,5.351933333333333,235.71203472222223,1.0334722222222223,0.08234444444444444,0.0,0.0,1288.0
2007-07-30,7.780266666666666,235.5302291666667,1.4672222222222224,0.08992499999999999,0.0,0.0,2528.0
2007-07-31,13.538866666666667,234.9148125,2.5025,0.10124027777777778,3277.0,0.0,3575.0
2007-08-01,18.06955,234.972,3.278888888888889,0.10052847222222222,1583.0,0.0,9990.5
2007-08-02,16.990266666666667,234.85659027777777,3.087083333333333,0.1006625,482.0,0.0,6869.0
2007-08-03,17.722733333333334,234.4856041666667,3.2072222222222218,0.087075,958.0,0.0,9139.0
2007-08-04,19.083166666666667,235.25722222222223,3.4523611111111108,0.09668472222222223,552.0,398.0,7966.0
2007-08-05,13.1183,235.11527083333334,2.4368055555555554,0.10503749999999999,169.0,0.0,6647.0
2007-08-06,18.162,234.70274305555557,3.3170833333333336,0.10724583333333333,1096.0,0.0,7985.0
2007-08-07,24.726333333333333,234.55388194444447,4.425972222222222,0.0910986111111111,437.0,2168.0,9042.0
2007-08-08,18.758033333333334,234.512375,3.3805555555555555,0.08270555555555556,1055.0,1111.0,9660.0
2007-08-09,17.861333333333334,234.21438888888886,3.272361111111111,0.07602361111111111,182.0,4515.0,6646.0
2007-08-10,17.1335,234.48881250000002,3.1297222222222225,0.08170555555555556,336.0,2651.0,8287.0
2007-08-11,18.194166666666668,234.98018055555556,3.2856944444444443,0.08039583333333333,1180.0,910.0,10339.0
2007-08-12,20.6984,235.6648541666667,3.742777777777778,0.08873333333333333,1123.0,1156.0,8582.0
2007-08-13,19.216866666666665,235.21656944444445,3.44875,0.09093055555555556,93.0,476.0,11101.0
2007-08-14,15.686499999999999,237.07638888888889,2.8541666666666665,0.09167361111111111,951.0,685.0,6256.0
2007-08-15,19.86433333333333,239.99340972222222,3.5420833333333337,0.11094722222222222,338.0,508.0,9787.0
2007-08-16,15.974933333333333,239.73765972222222,2.843888888888889,0.09134166666666667,962.0,0.0,7476.0
2007-08-17,16.831533333333333,240.4940486111111,2.9815277777777776,0.0884638888888889,244.0,0.0,7769.0
2007-08-18,5.799333333333333,241.27963194444445,1.0788888888888888,0.08280555555555555,0.0,0.0,1830.0
2007-08-19,23.704900000000002,239.9536666666667,4.2619444444444445,0.11112361111111112,1025.0,8912.0,5989.0
2007-08-20,22.314033333333334,241.30069444444445,3.9633333333333334,0.10825,1032.0,6965.0,7383.0
2007-08-21,10.709266666666668,240.57305555555556,1.961111111111111,0.10924166666666667,0.0,38.0,3296.0
2007-08-22,20.163466666666668,240.81731944444445,3.57125,0.10714444444444446,3048.0,1836.0,7241.0
2007-08-23,18.53853333333333,240.64730555555556,3.330277777777778,0.10969027777777779,2502.0,259.0,5342.0
2007-08-24,27.608566666666665,240.49481944444443,4.936180555555556,0.1825215277777778,1891.0,3783.5,9944.0
2007-08-25,19.181333333333335,239.8598263888889,3.55375,0.18926944444444443,4149.0,2191.0,5678.0
2007-08-26,21.9151,239.95091666666667,4.012638888888889,0.2079083333333333,1541.0,3645.0,5658.0
2007-08-27,20.1955,239.92358333333334,3.6912499999999997,0.20769722222222223,2305.0,1229.0,6344.0
2007-08-28,16.616733333333332,239.54987500000001,2.996111111111111,0.12577361111111113,1038.0,2468.0,5483.0
2007-08-29,12.466533333333333,240.74499305555554,2.279583333333333,0.1218236111111111,957.0,562.0,4932.0
2007-08-30,20.04096666666667,240.57317361111112,3.6043055555555554,0.13267222222222222,3822.0,2580.0,4221.0
2007-08-31,21.330366666666666,239.98570138888888,3.788472222222222,0.1300388888888889,1200.0,666.0,8738.0
2007-09-01,28.3581,239.35574305555556,5.065416666666667,0.20128194444444444,2497.0,569.0,9733.0
2007-09-02,27.707800000000002,240.04533333333336,5.017222222222222,0.16083194444444446,3613.0,1617.0,8806.0
2007-09-03,17.315366666666666,239.62034722222222,3.1306944444444444,0.1308486111111111,621.0,2515.0,5323.0
2007-09-04,26.415733333333332,239.65966666666665,4.755972222222223,0.12474027777777778,2928.0,3501.0,9821.0
2007-09-05,20.60953333333333,239.1481597222222,3.697638888888889,0.10337777777777778,0.0,4144.0,6705.0
2007-09-06,15.024566666666667,239.3400486111111,2.752222222222222,0.11946250000000001,0.0,3888.0,3461.0
2007-09-07,22.274933333333333,239.0317013888889,4.007222222222222,0.12620694444444444,3632.0,551.0,9388.0
2007-09-08,24.495866666666664,239.73044444444446,4.391944444444444,0.12939583333333335,3339.0,1801.0,9164.0
2007-09-09,27.991699999999998,238.92214583333333,5.054027777777778,0.14524444444444443,2184.0,4438.0,9233.0
2007-09-10,18.622933333333332,239.3886597222222,3.36375,0.1232625,935.0,595.0,5613.0
2007-09-11,16.392866666666666,240.07199305555554,2.9520833333333334,0.10539166666666668,943.0,550.0,5792.0
2007-09-12,21.462733333333333,240.01505555555556,3.86,0.1193013888888889,0.0,3217.0,7755.0
2007-09-13,19.106366666666666,239.3098333333333,3.4644444444444447,0.11524861111111111,1175.0,2523.0,3853.0
2007-09-14,18.924500000000002,239.30189583333333,3.444722222222222,0.12717083333333334,901.0,676.0,5804.0
2007-09-15,18.2552,240.00197222222224,3.278194444444445,0.1281013888888889,0.0,1449.0,6464.0
2007-09-16,27.537066666666664,239.56046527777778,4.96625,0.13357777777777777,3118.0,3064.0,9310.0
2007-09-17,24.353099999999998,239.21479861111112,4.413472222222222,0.14049583333333332,6651.0,926.0,6279.0
2007-09-18,19.458666666666666,238.26067361111112,3.5127777777777776,0.102175,1888.0,2029.0,5425.0
2007-09-19,21.64473333333333,240.30520833333333,3.8833333333333333,0.1054125,0.0,2743.0,7937.0
2007-09-20,20.92553333333333,239.71498611111113,3.720972222222222,0.09229722222222221,1056.0,489.0,9996.0
2007-09-21,20.646333333333335,239.38146527777778,3.732638888888889,0.10613472222222223,3130.0,2745.0,6316.0
2007-09-22,19.602866666666667,239.48303472222221,3.515138888888889,0.12738333333333332,944.0,1311.0,7688.0
2007-09-23,23.632833333333334,239.50043055555554,4.28,0.16873194444444445,2831.0,1929.0,7382.0
2007-09-24,22.575499999999998,238.60060416666667,4.078749999999999,0.13723888888888888,929.0,3935.0,7955.0
2007-09-25,29.405700000000003,238.0996111111111,5.206388888888889,0.09033194444444445,916.0,2253.0,9820.0
2007-09-26,30.525,239.41785416666667,5.396944444444444,0.11763611111111111,1058.0,9452.0,5695.0
2007-09-27,23.209999999999997,239.56705555555556,4.0777777777777775,0.10465972222222222,1066.0,643.0,7324.0
2007-09-28,28.008300000000002,239.46243055555558,4.994166666666667,0.15466527777777778,996.0,3722.0,9952.0
2007-09-29,38.27536666666666,239.1401111111111,6.7931944444444445,0.12647361111111113,4085.0,7457.0,8190.0
2007-09-30,25.2715,240.0647847222222,4.452500000000001,0.11360277777777777,1405.0,582.0,10225.0
2007-10-01,28.682033333333333,239.23991666666666,5.0737499999999995,0.10189861111111112,1507.0,6622.0,5960.0
2007-10-02,36.647733333333335,238.49379166666665,6.474027777777778,0.11238055555555555,508.0,8022.0,12815.0
2007-10-03,21.340899999999998,239.26106944444444,3.8,0.10954027777777778,979.0,5024.0,3692.0
2007-10-04,25.307633333333335,239.2050763888889,4.454583333333334,0.09614444444444445,2400.0,444.0,9710.0
2007-10-05,23.23486666666667,238.8271111111111,4.089722222222222,0.10460833333333333,0.0,351.0,9425.0
2007-10-06,29.270666666666667,238.38071527777777,5.167638888888889,0.1293,4840.0,347.0,9666.0
2007-10-07,35.1019,238.8262777777778,6.207916666666667,0.10637361111111111,2498.0,8255.0,10886.0
2007-10-08,18.254033333333332,239.09654861111113,3.2311111111111113,0.08465,0.0,420.0,5082.0
2007-10-09,28.130966666666666,238.87914583333333,4.9823611111111115,0.1109736111111111,2034.0,2147.0,9290.0
2007-10-10,19.44953333333333,239.4211597222222,3.4886111111111116,0.09218888888888889,1863.0,2117.0,3345.0
2007-10-11,28.8741,238.4441527777778,5.1090277777777775,0.106325,2630.0,414.0,7806.0
2007-10-12,31.908399999999997,238.48131250000003,5.667083333333333,0.09582222222222223,1020.0,5028.0,11659.0
2007-10-13,32.11213333333333,238.76540972222222,5.700694444444444,0.08694722222222222,969.0,3799.0,8463.0
2007-10-14,34.3542,239.1010347222222,6.078749999999999,0.1042013888888889,2930.0,7494.0,7126.0
2007-10-15,21.1055,239.29270833333334,3.7219444444444445,0.08207083333333333,1061.0,339.0,7654.0
2007-10-16,32.7407,238.86261805555554,5.823194444444444,0.1287597222222222,0.0,7871.0,9876.0
2007-10-17,26.28216666666667,239.19213194444444,4.6369444444444445,0.09472222222222222,1065.0,453.0,8968.0
2007-10-18,25.308833333333332,239.80028472222222,4.43375,0.08506944444444445,1162.0,317.0,9864.0
2007-10-19,34.7608,239.65217361111112,6.103194444444445,0.08435972222222222,1299.0,3124.0,11648.0
2007-10-20,27.67076666666667,241.82481944444444,4.814722222222222,0.09690555555555556,2363.0,296.0,13225.0
2007-10-21,32.36566666666667,241.49074305555555,5.701666666666666,0.10696388888888889,3712.0,4357.0,7313.0
2007-10-22,27.548266666666667,240.54540277777778,4.805833333333333,0.08084027777777777,0.0,299.0,13027.0
2007-10-23,32.66153333333333,241.23120833333334,5.719166666666667,0.08892083333333332,1067.0,5214.0,10680.0
2007-10-24,31.093933333333332,240.80827083333332,5.473194444444444,0.10193194444444445,4459.0,364.0,9115.0
2007-10-25,30.898633333333333,240.47263194444446,5.413611111111111,0.09180555555555554,1478.0,2433.0,7385.0
2007-10-26,23.959466666666668,240.68085416666665,4.365833333333334,0.07616388888888889,0.0,348.0,5766.0
2007-10-27,29.761466666666667,240.20120833333334,5.309166666666666,0.07582361111111112,1374.0,4856.0,8949.0
2007-10-28,8.535966666666667,240.86605555555556,1.485277777777778,0.06409583333333334,0.0,283.0,1765.0
2007-10-29,9.090466666666666,241.19330555555555,1.5744444444444443,0.06041527777777778,0.0,269.0,2749.0
2007-10-30,13.5168,240.62592361111112,2.3513888888888888,0.06238888888888889,0.0,1935.0,4256.0
2007-10-31,21.386833333333335,240.33897916666666,3.7423611111111112,0.07444444444444445,0.0,4700.0,8915.0
2007-11-01,8.270266666666666,240.93840277777778,1.4359722222222224,0.05905972222222223,0.0,293.0,1991.0
2007-11-02,24.060033333333333,239.3489861111111,4.202638888888889,0.06483472222222222,1346.0,2115.0,12245.0
2007-11-03,8.209166666666667,240.19050694444445,1.4343055555555557,0.06119722222222222,0.0,282.0,1936.0
2007-11-04,24.761433333333333,240.20552083333334,4.384027777777778,0.09639027777777777,0.0,4387.0,7068.0
2007-11-05,25.009866666666667,239.65911111111112,4.39625,0.09121527777777777,1265.0,397.0,6583.0
2007-11-06,34.706300000000006,238.70195833333335,6.149861111111111,0.13925416666666668,1105.0,5515.0,10690.0
2007-11-07,30.745966666666668,239.5649097222222,5.481111111111111,0.1343888888888889,5042.0,301.0,6374.0
2007-11-08,25.017666666666667,240.75264583333333,4.435,0.09354027777777778,1715.0,314.0,6500.0
2007-11-09,36.1871,238.71543749999998,6.367222222222222,0.07864027777777778,0.0,4573.0,15375.0
2007-11-10,43.526666666666664,239.11040972222222,7.706944444444445,0.1650361111111111,3697.0,304.0,13767.0
2007-11-11,31.452066666666667,240.26026388888891,5.540555555555556,0.12889583333333335,3445.0,320.0,6024.0
2007-11-12,35.93576666666667,239.82559027777776,6.271944444444444,0.09546388888888888,1018.0,4165.0,13281.0
2007-11-13,36.90663333333334,241.12297916666668,6.4534722222222225,0.09788333333333334,978.0,4933.0,11076.0
2007-11-14,34.13323333333333,239.9460277777778,5.9406944444444445,0.0983263888888889,1055.0,295.0,16345.0
2007-11-15,24.866466666666668,239.98499305555558,4.396388888888889,0.09240694444444444,1606.0,571.0,7503.0
2007-11-16,38.4959,240.9835138888889,6.718055555555556,0.08609583333333333,1991.0,4660.0,13564.0
2007-11-17,43.50156666666667,240.6034236111111,7.598888888888888,0.1166875,2588.0,2199.0,14990.0
2007-11-18,36.39763333333334,242.26045833333333,6.3476388888888895,0.11233472222222222,5201.0,2097.0,7066.0
2007-11-19,28.727566666666668,242.76635416666664,5.00625,0.07779861111111111,1089.0,253.0,10750.0
2007-11-20,34.930933333333336,241.33882638888886,6.090416666666667,0.08668888888888888,1015.0,3954.0,11026.0
2007-11-21,29.250999999999998,241.4952048611111,5.120694444444444,0.09138750000000001,1140.5,549.0,9470.5
2007-11-22,32.2063,241.5650486111111,5.65625,0.09938055555555556,2867.0,297.0,9001.0
2007-11-23,42.04363333333333,240.72236805555556,7.340694444444445,0.09646666666666667,2168.0,6181.0,13685.0
2007-11-24,31.6509,241.80274305555557,5.512638888888889,0.10452222222222222,1573.0,4131.0,13451.0
2007-11-25,23.259966666666667,242.66115972222224,4.086666666666667,0.08526111111111111,3556.0,279.0,5678.0
2007-11-26,26.16193333333333,241.11649305555557,4.601388888888889,0.08128472222222222,1088.0,288.0,8926.0
2007-11-27,46.68353333333334,241.32109722222222,8.15625,0.09721805555555556,1063.0,11020.0,15111.0
2007-11-28,27.415666666666667,242.89480555555556,4.775555555555556,0.08016805555555556,1182.0,769.0,7810.0
2007-11-29,28.657633333333333,242.73200347222223,5.015694444444445,0.0824375,2031.0,283.0,8818.0
2007-11-30,38.86213333333333,243.48774999999998,6.757222222222222,0.10227777777777777,0.0,7941.0,13601.0
2007-12-01,52.24903333333334,240.2660833333333,9.191527777777777,0.20061944444444443,9356.0,353.0,17847.0
2007-12-02,49.10313333333333,240.73000694444445,8.618611111111111,0.22575138888888888,2090.0,6915.0,10636.0
2007-12-03,29.367666666666665,241.07959027777775,5.165555555555556,0.09160694444444444,1141.0,299.0,10428.0
2007-12-04,34.4606,241.53597916666666,6.045138888888889,0.10070555555555555,1012.0,5828.0,8561.0
2007-12-05,35.88533333333333,241.22788194444445,6.348194444444444,0.1238875,3422.0,295.0,10919.0
2007-12-06,41.46556666666667,239.7100972222222,7.337916666666667,0.11245555555555556,4751.0,318.0,11908.0
2007-12-07,29.483600000000003,240.6710486111111,5.157916666666666,0.10252777777777777,459.0,3710.0,10263.0
2007-12-08,36.89006666666667,239.55993055555555,6.508055555555556,0.10718055555555556,1133.0,2354.0,12283.0
2007-12-09,37.90973333333333,239.9150763888889,6.701527777777779,0.1395388888888889,4176.0,2428.0,8728.0
2007-12-10,29.312566666666665,241.90383333333335,5.174583333333333,0.08681388888888888,1102.0,278.0,8281.0
2007-12-11,38.4184,241.4602361111111,6.7122222222222225,0.09284583333333334,1050.0,3817.0,12740.0
2007-12-12,26.467699999999997,242.47632638888888,4.591111111111111,0.08117083333333333,1152.0,254.0,7759.0
2007-12-13,30.79576666666667,241.82734027777778,5.419583333333334,0.07742361111111111,1103.0,1448.0,8911.0
2007-12-14,32.913466666666665,241.9859236111111,5.757777777777778,0.1246875,980.0,3849.0,12941.0
2007-12-15,45.6146,241.28064583333332,7.98,0.1094625,1706.0,3687.0,14313.0
2007-12-16,46.036966666666665,242.6849861111111,7.992222222222222,0.08815138888888889,3410.0,2281.0,12929.0
2007-12-17,29.974933333333336,242.62617708333335,5.189930555555556,0.07306666666666667,1636.0,243.0,10567.0
2007-12-18,43.7199,242.93998611111112,7.602083333333334,0.10005555555555556,1123.0,5810.0,11093.0
2007-12-19,36.60086666666667,242.70109722222224,6.334444444444444,0.07592777777777777,1233.0,2658.0,11679.0
2007-12-20,32.49596666666667,243.16793750000002,5.613333333333333,0.08294027777777778,1859.0,276.0,13592.0
2007-12-21,33.04293333333333,242.88163194444445,5.713749999999999,0.0739375,1191.0,200.0,12251.0
2007-12-22,43.52106666666667,242.14553472222224,7.593472222222222,0.09813472222222222,3819.0,4550.0,12673.0
2007-12-23,40.1508,242.5579375,6.982777777777779,0.12241111111111111,1971.0,3091.0,11962.0
2007-12-24,37.6308,242.6504236111111,6.549722222222223,0.10399583333333333,2985.0,2316.0,14350.0
2007-12-25,44.91613333333333,242.98086805555556,7.790972222222222,0.105425,4588.0,3368.0,9084.0
2007-12-26,43.00466666666667,242.39239583333332,7.426111111111111,0.09744027777777778,1109.0,2773.0,9480.0
2007-12-27,42.2033,242.1116111111111,7.395833333333333,0.1323486111111111,4122.0,1490.0,7960.0
2007-12-28,51.8842,242.28447916666667,9.030555555555555,0.1436111111111111,1980.0,8554.0,15823.0
2007-12-29,54.982600000000005,240.55066666666667,9.56,0.13881388888888888,4836.0,2434.0,14906.0
2007-12-30,42.6486,242.0991736111111,7.465694444444445,0.12391388888888889,3595.0,3597.0,13485.0
2007-12-31,36.942366666666665,241.09479166666668,6.455,0.10106666666666667,0.0,3457.0,14071.0
2008-01-01,45.99563333333333,241.0366736111111,7.978611111111111,0.09896388888888889,2461.0,2739.0,12355.0
2008-01-02,27.401766666666667,242.41745138888888,4.770416666666667,0.07754583333333333,0.0,3094.0,8987.0
2008-01-03,25.168466666666667,243.0774583333333,4.401666666666666,0.08415416666666667,1130.0,846.0,6671.0
2008-01-04,38.19753333333333,241.27338194444442,6.715138888888888,0.09493472222222221,1241.0,5326.0,11752.0
2008-01-05,36.38746666666667,238.82294444444443,6.446805555555556,0.08990555555555556,2113.0,286.0,14591.0
2008-01-06,30.419733333333333,239.40729166666668,5.390138888888889,0.08122083333333333,1966.0,2445.0,7824.0
2008-01-07,28.26356666666667,240.74393750000002,4.915277777777778,0.080675,1288.0,282.0,10294.0
2008-01-08,34.05916666666666,240.82180555555558,5.99,0.08850833333333333,2197.0,3511.0,9793.0
2008-01-09,29.807333333333336,241.2586388888889,5.231944444444444,0.08703888888888889,1162.0,284.0,8963.0
2008-01-10,31.567933333333333,240.80713888888891,5.5945833333333335,0.08368333333333333,1307.0,285.0,9992.0
2008-01-11,28.4303,240.41004861111108,4.963472222222222,0.06630833333333333,1261.0,290.0,7997.0
2008-01-12,47.8568,239.96018055555552,8.523888888888889,0.11300277777777777,5594.0,2621.0,11116.0
2008-01-13,48.10175,239.74699652777778,8.45673611111111,0.10053124999999999,6505.5,341.5,9378.5
2008-01-14,33.748866666666665,240.29900694444444,6.014583333333333,0.08340972222222222,5918.0,339.0,9738.0
2008-01-15,44.781866666666666,240.7094861111111,7.891249999999999,0.07857222222222222,782.0,6883.0,14512.0
2008-01-16,35.59753333333333,240.42214583333333,6.319583333333334,0.08953472222222222,1162.0,3430.0,9391.0
2008-01-17,26.2047,241.62799305555555,4.6450000000000005,0.08105416666666666,1007.0,350.0,8657.0
2008-01-18,36.449799999999996,239.93293055555554,6.432222222222222,0.08284027777777778,1034.0,846.0,14983.0
2008-01-19,33.0051,239.60592361111114,5.828888888888889,0.0937375,2521.0,6054.0,8015.0
2008-01-20,29.00613333333333,239.94454166666668,5.148888888888889,0.09625972222222222,1775.0,380.0,4940.0
2008-01-21,30.9833,239.56475,5.519027777777778,0.085,0.0,376.0,10447.0
2008-01-22,38.7503,240.09477777777778,6.92875,0.09962638888888888,4670.0,7640.0,7552.0
2008-01-23,31.3718,240.90704861111112,5.520277777777777,0.07498888888888888,1116.0,387.0,13359.0
2008-01-24,27.417033333333332,240.77922916666668,4.887916666666667,0.07243472222222222,1107.0,320.0,5935.0
2008-01-25,37.330933333333334,240.70544444444445,6.544027777777777,0.08307361111111111,0.0,2421.0,11409.0
2008-01-26,47.2498,239.76020833333334,8.366666666666667,0.11695972222222221,4925.0,311.0,15606.0
2008-01-27,39.6961,241.3036736111111,6.984861111111112,0.09774861111111112,3725.0,3818.0,7367.0
2008-01-28,38.46993333333333,240.46677777777776,6.769583333333334,0.07488611111111111,1142.0,280.0,12792.0
2008-01-29,44.6004,240.62310416666668,7.8422222222222215,0.08137222222222222,1487.0,6199.0,11077.0
2008-01-30,27.3441,241.61465277777776,4.826388888888889,0.08088194444444444,0.0,261.0,7261.0
2008-01-31,32.56536666666667,241.88574999999997,5.793333333333333,0.09553888888888888,1165.0,267.0,9437.0
2008-02-01,25.577533333333335,240.36027083333332,4.5176388888888885,0.12447916666666667,336.0,280.0,7241.0
2008-02-02,49.00745,240.28889930555556,8.656319444444446,0.1607097222222222,6283.5,2764.0,15205.0
2008-02-03,34.7428,240.34072222222224,6.135694444444444,0.10674166666666667,2319.0,4435.0,8452.0
2008-02-04,27.13563333333333,240.25520833333334,4.777222222222222,0.07224583333333334,1161.0,252.0,9531.0
2008-02-05,41.2076,240.97691666666668,7.2105555555555565,0.10610138888888888,1098.0,7803.0,13717.0
2008-02-06,27.825666666666667,238.41371527777778,4.9336111111111105,0.07934722222222222,2114.0,356.0,8428.0
2008-02-07,25.305166666666665,241.07054861111112,4.439305555555555,0.07549027777777778,0.0,295.0,8089.0
2008-02-08,32.5094,240.43311805555555,5.747222222222222,0.08270416666666666,940.0,1921.0,9563.0
2008-02-09,35.03793333333333,241.76450694444446,6.09,0.10036666666666666,2050.0,2838.0,10293.0
2008-02-10,36.411899999999996,241.2752013888889,6.396805555555555,0.10537222222222221,2562.0,2955.0,10128.0
2008-02-11,28.200266666666668,241.69219444444445,4.931805555555556,0.07100416666666666,1018.0,297.0,8930.0
2008-02-12,33.12996666666667,239.50915277777779,5.847083333333333,0.09093472222222222,2009.0,1856.0,12138.0
2008-02-13,31.674966666666666,241.20309722222223,5.5801388888888885,0.08922083333333333,2530.0,3615.0,7568.0
2008-02-14,26.7437,240.76481944444447,4.68375,0.07892083333333333,1300.0,291.0,9299.0
2008-02-15,33.42013333333333,241.89060416666663,5.78125,0.07496666666666667,1109.0,1723.0,13417.0
2008-02-16,39.1158,241.08755555555555,6.893888888888889,0.09652361111111112,1076.0,2360.0,11599.0
2008-02-17,32.2228,242.46983333333333,5.654444444444445,0.08338611111111112,3182.0,2257.0,6049.0
2008-02-18,25.240066666666667,242.06393055555554,4.37625,0.07081388888888888,0.0,251.0,10345.0
2008-02-19,35.448600000000006,241.01013194444445,6.219722222222222,0.09553333333333335,1881.0,4711.0,11200.0
2008-02-20,37.56316666666667,241.66968749999998,6.608333333333333,0.13213055555555556,3655.0,5516.0,7704.0
2008-02-21,27.230833333333333,240.7503888888889,4.788472222222222,0.07796805555555555,0.0,307.0,8523.0
2008-02-22,28.876066666666667,241.43576388888889,5.055277777777778,0.08450555555555556,1167.0,1985.0,10101.0
2008-02-23,30.608900000000002,239.6676111111111,5.411527777777778,0.09201666666666666,1684.0,2250.0,10074.0
2008-02-24,21.050133333333335,240.37779861111113,3.638888888888889,0.07453611111111111,754.0,332.0,11447.0
2008-02-25,8.408133333333334,239.77600694444445,1.4555555555555555,0.06369444444444444,0.0,321.0,1856.0
2008-02-26,8.452,239.5333263888889,1.4590277777777778,0.058743055555555555,0.0,295.0,2013.0
2008-02-27,9.445333333333334,239.5540208333333,1.6341666666666665,0.05983888888888889,0.0,326.0,2969.0
2008-02-28,8.4864,239.80427083333336,1.4669444444444446,0.05781111111111111,0.0,281.0,2028.0
2008-02-29,22.222466666666666,238.03849305555556,3.872638888888889,0.06176944444444444,0.0,3773.0,8062.0
2008-03-01,19.031266666666667,239.4315138888889,3.277638888888889,0.07302638888888889,0.0,1287.0,2724.0
2008-03-02,19.370433333333335,239.74624305555557,3.425,0.10049305555555556,0.0,5244.0,2565.0
2008-03-03,17.342499999999998,240.3519861111111,2.9775,0.07939861111111111,0.0,2207.0,1755.0
2008-03-04,27.8165,241.02641666666665,4.867638888888889,0.07566527777777778,1249.0,2443.0,9415.0
2008-03-05,33.95346666666667,241.06524305555556,5.970833333333333,0.09784583333333333,1145.0,9797.0,5529.0
2008-03-06,41.72013333333334,240.4292291666667,7.214583333333334,0.07373888888888888,1082.0,372.0,6965.0
2008-03-07,31.049266666666664,240.81606944444445,5.441666666666666,0.08985555555555555,1235.0,3471.0,9033.0
2008-03-08,37.477666666666664,241.59095138888887,6.588333333333334,0.1646388888888889,6286.0,346.0,8435.0
2008-03-09,26.007633333333334,240.74638194444444,4.591111111111111,0.09414861111111111,2607.0,333.0,4155.0
2008-03-10,26.978099999999998,241.72734722222222,4.7125,0.08828055555555556,2009.0,368.0,8660.0
2008-03-11,36.667366666666666,240.4241527777778,6.466944444444445,0.10493055555555555,1271.0,3901.0,12936.0
2008-03-12,29.570533333333334,241.05720833333334,5.1722222222222225,0.09596805555555554,1120.0,2374.0,11042.0
2008-03-13,27.92523333333333,240.802625,4.941666666666666,0.08921805555555555,3263.0,3590.0,5464.0
2008-03-14,36.836999999999996,240.62736805555554,6.44625,0.11093611111111111,980.0,3881.0,14476.0
2008-03-15,26.271666666666665,240.19799305555554,4.6506944444444445,0.10723055555555557,2550.0,502.0,5910.0
2008-03-16,30.032666666666668,241.29466666666667,5.298333333333334,0.12059166666666665,2394.0,566.0,11286.0
2008-03-17,28.448633333333337,240.8052291666667,5.006944444444445,0.12171805555555555,236.0,6651.0,9346.0
2008-03-18,31.959433333333333,241.9289861111111,5.571944444444445,0.10238888888888889,1156.0,4019.0,12544.0
2008-03-19,21.807466666666667,242.40221527777777,3.825555555555556,0.09895694444444444,2110.0,411.0,6154.0
2008-03-20,20.887900000000002,241.76258333333334,3.6595833333333334,0.08392638888888888,1107.0,478.0,6670.0
2008-03-21,34.4407,241.36990972222222,6.038194444444445,0.15543333333333334,2171.0,4778.0,13275.0
2008-03-22,34.22526666666667,241.61215277777777,6.020277777777778,0.12894444444444444,3322.0,588.0,12405.0
2008-03-23,38.76649999999999,242.65262500000003,6.790555555555556,0.10586527777777778,6279.0,2112.0,13878.0
2008-03-24,32.93783333333333,242.7059201388889,5.758611111111111,0.09105277777777777,1131.0,5988.5,7026.0
2008-03-25,33.5976,242.1382152777778,5.870555555555556,0.08877222222222222,2246.0,3677.0,13494.0
2008-03-26,27.224533333333333,242.8097986111111,4.763055555555556,0.0927763888888889,2547.0,3831.0,7547.0
2008-03-27,22.847033333333336,242.0955416666667,3.9608333333333334,0.0808611111111111,0.0,356.0,9022.0
2008-03-28,31.423733333333335,242.32334027777776,5.479027777777778,0.09558333333333333,2325.0,3605.0,11581.0
2008-03-29,41.185833333333335,241.2535486111111,7.209305555555555,0.121575,5153.0,375.0,17240.0
2008-03-30,35.773199999999996,241.16375694444443,6.2775,0.12220138888888889,5045.0,1315.0,9769.0
2008-03-31,22.9595,242.72704166666668,4.005972222222223,0.09087500000000001,1091.0,411.0,9387.0
2008-04-01,35.4842,241.61580555555557,6.202500000000001,0.11833055555555555,1079.0,6657.0,14515.0
2008-04-02,28.194533333333332,238.66715972222224,5.007638888888889,0.09898611111111111,1106.0,3674.0,7989.0
2008-04-03,18.8126,240.69424305555557,3.2808333333333333,0.08419166666666666,0.0,422.0,6901.0
2008-04-04,27.19863333333333,241.33105555555554,4.726388888888889,0.08701805555555556,2133.0,775.0,13246.0
2008-04-05,32.84603333333333,240.55802777777777,5.784861111111112,0.14144722222222222,2929.0,874.0,13644.0
2008-04-06,28.271966666666668,241.14960416666665,4.946388888888889,0.10456388888888889,1124.0,2615.0,7552.0
2008-04-07,25.647299999999998,243.2283263888889,4.484166666666667,0.09811111111111111,2420.0,672.0,9466.0
2008-04-08,44.29193333333333,242.06658333333334,7.6994444444444445,0.12789999999999999,2752.0,10713.0,17519.0
2008-04-09,20.314200000000003,242.31770833333334,3.5229166666666667,0.09226666666666666,0.0,376.0,9003.0
2008-04-10,24.6291,241.94904861111112,4.305416666666667,0.11366666666666667,3261.0,457.0,6527.0
2008-04-11,31.2944,240.758375,5.452638888888889,0.0999236111111111,1802.0,491.0,14522.0
2008-04-12,46.666900000000005,241.0631736111111,8.218194444444444,0.2724111111111111,7076.0,2499.0,15225.0
2008-04-13,37.216433333333335,240.4233263888889,6.551805555555556,0.14827361111111112,2554.0,5942.0,13007.0
2008-04-14,26.493033333333333,242.31405555555554,4.604305555555555,0.10760972222222222,0.0,425.0,11197.0
2008-04-15,27.8401,241.23874305555555,4.909583333333334,0.12415416666666668,1174.0,3998.0,9874.0
2008-04-16,24.817733333333333,241.74438888888886,4.316111111111111,0.08743333333333334,838.0,403.0,11322.0
2008-04-17,23.264366666666668,241.40359722222223,4.104305555555555,0.10130416666666665,1719.0,417.0,8638.0
2008-04-18,31.039833333333334,240.6415763888889,5.457638888888889,0.12822638888888888,2174.0,3832.0,10921.0
2008-04-19,37.56183333333333,241.14318055555555,6.636111111111111,0.1703361111111111,4319.0,2457.0,14722.0
2008-04-20,29.856966666666665,241.43287500000002,5.260555555555555,0.15823194444444447,1030.0,4544.0,10401.0
2008-04-21,19.4026,241.99249305555557,3.404166666666667,0.12180555555555556,0.0,2673.0,6788.0
2008-04-22,27.12793333333333,240.95971527777778,4.7725,0.13413194444444446,971.0,5093.0,10603.0
2008-04-23,22.622133333333334,241.51134027777778,3.9675,0.13159861111111112,1380.0,492.0,8406.0
2008-04-24,17.3962,240.60532638888887,3.0580555555555557,0.11939166666666667,1263.0,522.0,5296.0
2008-04-25,21.128899999999998,241.00715277777778,3.7,0.11265555555555555,824.0,2004.0,9400.0
2008-04-26,15.052766666666667,240.79256249999997,2.634027777777778,0.11715,0.0,634.0,3586.0
2008-04-27,16.804,240.90728472222222,2.96375,0.13758194444444444,693.0,588.0,5488.0
2008-04-28,10.9842,240.97845833333332,1.9506944444444445,0.11605416666666667,0.0,621.0,2786.0
2008-04-29,32.876933333333334,240.70690277777777,5.770694444444444,0.14955277777777778,1402.0,5411.0,10481.0
2008-04-30,18.362099999999998,241.43364583333334,3.218611111111111,0.11913611111111112,1057.0,590.0,6653.0
2008-05-01,9.600233333333334,241.4462638888889,1.7023611111111112,0.10464999999999999,0.0,530.0,2586.0
2008-05-02,24.9628,241.64894444444442,4.377777777777778,0.14275555555555555,3114.0,584.0,8687.0
2008-05-03,21.493333333333332,240.8336875,3.8009722222222218,0.14028055555555555,996.0,541.0,6535.0
2008-05-04,24.516166666666667,241.38047916666667,4.3625,0.14543194444444443,2196.0,2872.0,5464.0
2008-05-05,22.7822,240.73685416666666,3.997777777777778,0.12899305555555557,1008.0,378.0,10197.0
2008-05-06,29.833000000000002,240.29031944444444,5.245972222222222,0.13860833333333333,1354.0,5410.0,12200.0
2008-05-07,19.6044,241.0812638888889,3.4575,0.13260833333333333,1030.0,423.0,6649.0
2008-05-08,35.278299999999994,239.85129166666667,6.178472222222222,0.17586388888888888,3667.0,702.0,12717.0
2008-05-09,29.121199999999998,240.47122222222222,5.136111111111111,0.15963472222222222,2229.0,423.0,11904.0
2008-05-10,31.8188,240.08622916666667,5.636388888888889,0.20125972222222224,6950.0,612.0,11714.0
2008-05-11,26.848666666666666,240.48559722222222,4.804166666666666,0.1914597222222222,563.0,1340.0,6930.0
2008-05-12,25.403399999999998,241.041625,4.519444444444445,0.159125,2082.0,1085.0,11959.0
2008-05-13,24.6149,240.3740625,4.391805555555555,0.16421388888888888,823.0,4089.0,8370.0
2008-05-14,26.404366666666665,240.7085138888889,4.713333333333333,0.19262083333333335,2467.0,3436.0,9716.0
2008-05-15,19.379466666666666,240.35039583333335,3.5220833333333337,0.1650861111111111,868.0,570.0,6820.0
2008-05-16,27.517400000000002,239.61642361111112,4.924444444444444,0.1635611111111111,2228.0,2568.0,8957.0
2008-05-17,27.624233333333333,239.4728611111111,4.951527777777778,0.19159444444444446,2158.0,935.0,12472.0
2008-05-18,30.065966666666668,239.68268750000001,5.4094444444444445,0.17673055555555556,1775.0,5355.0,8626.0
2008-05-19,17.171033333333334,240.43187500000002,3.0694444444444446,0.12203888888888888,1014.0,558.0,7503.0
2008-05-20,26.355566666666668,241.01960416666665,4.682222222222222,0.12783472222222222,1352.0,2431.0,11977.0
2008-05-21,22.068533333333335,240.7605138888889,3.9166666666666665,0.13217083333333332,1989.0,474.0,9251.0
2008-05-22,16.281133333333333,239.50019444444447,2.9559722222222224,0.11792777777777778,996.0,440.0,6475.0
2008-05-23,24.7486,239.49885416666666,4.358611111111111,0.1242763888888889,0.0,1390.0,14734.0
2008-05-24,26.336266666666667,240.72490277777777,4.669027777777777,0.1982986111111111,1027.0,569.0,12833.0
2008-05-25,34.141733333333335,239.94564583333332,6.136527777777778,0.2016777777777778,4307.0,8811.0,6016.0
2008-05-26,21.495166666666666,240.36368750000003,3.9297222222222223,0.1532625,985.0,666.0,9284.0
2008-05-27,28.478333333333335,239.39086805555553,5.1073611111111115,0.1440736111111111,0.0,5352.0,11478.0
2008-05-28,18.572866666666666,241.32269444444444,3.3505555555555557,0.16364166666666666,3138.0,512.0,6709.0
2008-05-29,18.917933333333334,237.67515972222222,3.4756944444444446,0.12974444444444444,1004.0,507.0,8703.0
2008-05-30,23.287399999999998,240.55369444444446,4.202916666666667,0.12654027777777777,0.0,3019.0,11298.0
2008-05-31,27.357833333333335,240.65420138888888,4.923055555555555,0.17355833333333334,1764.0,2328.0,11858.0
2008-06-01,30.8146,240.62318055555556,5.423194444444444,0.1564861111111111,1906.0,545.0,11307.0
2008-06-02,17.900199999999998,236.369875,3.2180555555555554,0.11469305555555555,960.0,558.0,6341.0
2008-06-03,26.630266666666667,234.15220833333333,4.844166666666667,0.12079027777777777,2897.0,2608.0,9265.0
2008-06-04,26.48186666666667,234.70647222222223,4.8277777777777775,0.1058361111111111,1550.0,7682.0,6508.0
2008-06-05,18.667966666666665,235.16382638888888,3.3976388888888893,0.1063236111111111,1747.0,506.0,8781.0
2008-06-06,20.295233333333332,239.7169375,3.6720833333333336,0.12119444444444445,1009.0,506.0,7871.0
2008-06-07,31.37473333333333,238.98444444444442,5.531944444444444,0.12945416666666665,2379.0,2611.0,14593.0
2008-06-08,25.705366666666666,239.96493750000002,4.596111111111111,0.1308222222222222,2536.0,3161.0,9732.0
2008-06-09,22.094966666666668,239.43468055555556,4.039722222222222,0.12752777777777777,1967.0,2085.0,7921.0
2008-06-10,17.78483333333333,239.97804861111112,3.204861111111111,0.1500125,907.0,585.0,8992.0
2008-06-11,18.7201,240.1544722222222,3.388472222222222,0.14886944444444444,977.0,842.0,7566.0
2008-06-12,20.98886666666667,239.69002083333334,3.7993055555555557,0.13145277777777778,1951.0,567.0,7246.0
2008-06-13,31.24996666666667,238.88891666666666,5.604166666666667,0.19579097222222225,2809.0,7358.5,10531.5
2008-06-14,23.082,240.01449305555556,4.207777777777777,0.23908333333333334,1862.0,1011.0,10681.0
2008-06-15,38.1517,239.45372916666668,6.773611111111111,0.19514305555555558,6471.0,6802.0,11589.0
2008-06-16,21.7174,240.43346527777777,3.9047222222222224,0.14193194444444446,1980.0,464.0,10012.0
2008-06-17,19.084733333333336,240.35443055555555,3.4345833333333333,0.12185,1080.0,432.0,10094.0
2008-06-18,31.560133333333333,239.73986805555555,5.711388888888889,0.18939166666666665,7549.0,3040.0,12687.0
2008-06-19,26.46803333333333,239.2726875,4.737916666666667,0.13154027777777777,3411.0,1514.0,10911.0
2008-06-20,27.935066666666668,239.9391875,5.008194444444444,0.15793055555555555,2948.0,2935.0,12417.0
2008-06-21,28.90423333333333,239.46340972222222,5.134166666666666,0.16599166666666665,940.0,5823.0,12828.0
2008-06-22,26.106933333333334,239.04411805555557,4.674027777777778,0.20426666666666668,4705.0,1175.0,10652.0
2008-06-23,20.863266666666668,238.93765277777777,3.7919444444444443,0.14649722222222222,2600.0,581.0,10124.0
2008-06-24,29.240866666666665,237.91538888888888,5.262222222222222,0.17570972222222223,2779.0,3489.0,14271.0
2008-06-25,21.0295,238.89490277777776,3.9109722222222225,0.2018236111111111,2773.0,569.0,9402.0
2008-06-26,17.60033333333333,239.3514027777778,3.2111111111111112,0.15098194444444443,921.0,572.0,8971.0
2008-06-27,29.252533333333336,238.9349861111111,5.236666666666666,0.18195,4159.0,2372.0,10163.0
2008-06-28,20.146666666666665,239.14238194444445,3.6859722222222224,0.14649583333333333,0.0,2000.0,7932.0
2008-06-29,12.4892,240.16064583333335,2.3311111111111114,0.12754444444444443,955.0,535.0,3896.0
2008-06-30,13.403266666666667,240.37611805555554,2.4791666666666665,0.1316152777777778,0.0,521.0,6819.0
2008-07-01,20.254,239.5402916666667,3.74,0.19290833333333335,3465.0,587.0,8390.0
2008-07-02,19.120033333333332,238.96197916666668,3.569583333333333,0.18509583333333335,962.0,650.0,7002.0
2008-07-03,18.305999999999997,239.63549305555554,3.3431944444444444,0.1484361111111111,958.0,2569.0,7410.0
2008-07-04,15.700333333333333,240.1796527777778,2.8283333333333336,0.13064722222222222,0.0,589.0,8302.0
2008-07-05,24.4848,239.56477083333334,4.386527777777778,0.15609722222222222,1875.0,6754.0,8365.0
2008-07-06,30.084400000000002,240.59022916666666,5.359444444444445,0.1760986111111111,4258.0,5230.0,7536.0
2008-07-07,16.389833333333332,239.63371527777778,2.968611111111111,0.14084027777777777,2171.0,592.0,7149.0
2008-07-08,18.770233333333334,239.700625,3.371388888888889,0.13633194444444446,991.0,503.0,7592.0
2008-07-09,15.321966666666667,240.3295763888889,2.7752777777777777,0.13314166666666666,951.0,499.0,7352.0
2008-07-10,20.8546,239.86775694444444,3.7434722222222225,0.1668347222222222,982.0,552.0,8186.0
2008-07-11,20.903599999999997,239.5169097222222,3.782222222222222,0.17433055555555554,724.0,558.0,9251.0
2008-07-12,22.147533333333335,240.05927777777777,4.050416666666667,0.18480833333333335,4436.0,2617.0,7231.0
2008-07-13,20.910566666666668,240.2902638888889,3.7665277777777777,0.11595833333333333,1671.0,3164.0,7056.0
2008-07-14,18.965433333333333,240.4941875,3.431666666666667,0.14560277777777778,2564.0,1995.0,6436.0
2008-07-15,19.264333333333333,239.78144444444447,3.435694444444444,0.13259444444444446,968.0,552.0,8585.0
2008-07-16,17.95103333333333,240.59338194444442,3.2368055555555557,0.14337638888888887,1537.0,2799.0,4978.0
2008-07-17,21.985366666666668,239.91703472222224,4.026666666666666,0.1663236111111111,1122.0,723.0,8280.0
2008-07-18,21.026400000000002,239.5771875,3.736944444444444,0.1358375,1143.0,552.0,9260.0
2008-07-19,22.400233333333333,239.15111805555554,4.019722222222222,0.1444652777777778,2941.0,3146.0,7676.0
2008-07-20,15.692233333333332,239.77769444444445,2.836388888888889,0.11984444444444443,1943.0,1076.0,5457.0
2008-07-21,19.274633333333334,239.10169444444443,3.482083333333333,0.11975694444444443,1698.0,431.0,9189.0
2008-07-22,12.337366666666666,239.67030555555556,2.272638888888889,0.11189444444444445,0.0,430.0,4886.0
2008-07-23,15.7105,240.09611805555554,2.8494444444444444,0.11277222222222222,1233.0,454.0,6325.0
2008-07-24,18.22416666666667,239.8837638888889,3.2215277777777778,0.12908472222222223,837.0,476.0,8344.0
2008-07-25,14.425566666666667,239.0572152777778,2.618333333333333,0.12688472222222222,1168.0,492.0,6731.0
2008-07-26,13.594733333333332,240.02869444444445,2.4944444444444445,0.1481375,0.0,948.0,6243.0
2008-07-27,19.123266666666666,238.4711597222222,3.5125,0.1619013888888889,1063.0,858.0,8385.0
2008-07-28,13.763399999999999,239.99369444444443,2.5743055555555556,0.13785694444444446,0.0,509.0,5963.0
2008-07-29,19.442633333333333,240.24888194444446,3.6408333333333336,0.1447111111111111,1571.0,530.0,5802.0
2008-07-30,21.665133333333333,239.08559027777778,4.065138888888889,0.1580111111111111,2548.0,773.0,6278.0
2008-07-31,23.21063333333333,240.09567361111112,4.231805555555556,0.16908055555555557,1533.0,2808.0,7588.0
2008-08-01,12.326266666666667,239.8054375,2.3279166666666664,0.1754888888888889,586.0,1150.0,5091.0
2008-08-02,8.4296,239.12872916666666,1.5879166666666666,0.12381527777777779,0.0,504.0,3803.0
2008-08-03,8.413033333333333,237.0544375,1.5766666666666667,0.11531388888888888,0.0,499.0,3926.0
2008-08-04,18.775016666666666,237.86342361111113,3.416736111111111,0.1346152777777778,596.0,4677.0,4410.5
2008-08-05,13.785300000000001,238.73645833333333,2.5059722222222223,0.1251722222222222,635.0,509.0,7118.0
2008-08-06,5.4352,240.56582638888887,1.0904166666666666,0.1489611111111111,0.0,513.0,2215.0
2008-08-07,5.5814,239.3123263888889,1.1206944444444444,0.1492638888888889,0.0,526.0,2357.0
2008-08-08,5.036666666666666,239.45654166666665,1.0055555555555555,0.13642222222222222,0.0,481.0,1980.0
2008-08-09,5.982066666666666,240.71045833333332,1.1602777777777777,0.13888194444444446,0.0,489.0,1902.0
2008-08-10,5.8671999999999995,240.2648888888889,1.1225,0.1313236111111111,0.0,464.0,1905.0
2008-08-11,6.1986,240.7183263888889,1.1706944444444445,0.13029166666666667,0.0,489.0,1880.0
2008-08-12,4.8164,240.04828472222223,0.9534722222222223,0.12989027777777779,0.0,462.0,1844.0
2008-08-13,4.709733333333333,240.87151388888887,0.9315277777777778,0.1276638888888889,0.0,451.0,1789.0
2008-08-14,4.5043,241.14088194444443,0.885,0.1235875,0.0,441.0,1641.0
2008-08-15,4.5609,241.15816666666666,0.8959722222222223,0.12373472222222222,0.0,439.0,1691.0
2008-08-16,4.580233333333334,242.09534722222222,0.8994444444444445,0.12616527777777778,0.0,442.0,1688.0
2008-08-17,4.579933333333333,241.18345138888887,0.8977777777777778,0.12466388888888888,0.0,445.0,1710.0
2008-08-18,4.562633333333333,241.35584027777776,0.8943055555555556,0.12367916666666667,0.0,440.0,1719.0
2008-08-19,4.5782,240.8947361111111,0.9033333333333333,0.12543194444444444,0.0,442.0,1697.0
2008-08-20,4.474533333333333,241.54370833333334,0.8833333333333333,0.12365555555555555,0.0,437.0,1626.0
2008-08-21,4.354966666666667,240.29566666666668,0.8497222222222222,0.11734166666666668,0.0,432.0,1577.0
2008-08-22,4.452066666666667,240.88224305555556,0.8720833333333333,0.12128749999999999,0.0,438.0,1614.0
2008-08-23,4.244033333333333,242.14265972222222,0.8308333333333334,0.11765416666666667,0.0,419.0,1485.0
2008-08-24,4.245266666666667,241.61341666666667,0.8263888888888888,0.11382638888888888,0.0,404.0,1523.0
2008-08-25,4.171633333333333,241.47397222222224,0.8083333333333333,0.11379861111111111,0.0,422.0,1436.0
2008-08-26,4.2927333333333335,241.11954861111113,0.8372222222222222,0.11567083333333333,0.0,420.0,1533.0
2008-08-27,4.3019,240.57646527777777,0.8331944444444445,0.1151888888888889,0.0,399.0,1539.0
2008-08-28,4.470766666666666,240.54265277777776,0.875,0.12090138888888889,0.0,432.0,1631.0
2008-08-29,4.4598,240.33545138888888,0.875,0.11887916666666667,0.0,430.0,1599.0
2008-08-30,4.507066666666666,240.51399305555557,0.88625,0.12329999999999999,0.0,435.0,1619.0
2008-08-31,25.0405,240.01818402777778,4.452500000000001,0.14613958333333332,2056.0,3733.0,12133.5
2008-09-01,20.791833333333333,239.9159097222222,3.7325,0.12811527777777776,950.0,521.0,10183.0
2008-09-02,23.069233333333333,239.3289652777778,4.141527777777778,0.15599583333333333,4273.0,1206.0,6648.0
2008-09-03,23.141433333333335,240.0294583333333,4.118611111111111,0.12450555555555556,1326.0,1902.0,10213.0
2008-09-04,20.420333333333335,238.66349305555556,3.6547222222222224,0.10546666666666665,2225.0,404.0,9408.0
2008-09-05,14.566,239.59059027777778,2.6055555555555556,0.10224722222222221,379.0,431.0,6943.0
2008-09-06,31.1429,239.33977777777778,5.524444444444445,0.16548055555555555,2948.0,6500.0,13400.0
2008-09-07,22.877599999999997,240.58868750000002,4.080833333333333,0.12253055555555555,3612.0,1707.0,5976.0
2008-09-08,21.822066666666668,241.3818263888889,3.8533333333333335,0.11150972222222223,747.0,2293.0,9559.0
2008-09-09,19.327566666666666,239.78166666666664,3.4644444444444447,0.12546527777777777,236.0,453.0,7728.0
2008-09-10,21.679399999999998,239.48058333333333,3.8575,0.1155763888888889,1009.0,399.0,10281.0
2008-09-11,17.145233333333334,239.09980555555555,3.080277777777778,0.13335972222222223,1005.0,417.0,7644.0
2008-09-12,23.212699999999998,239.9683125,4.144583333333333,0.12381805555555556,1867.0,402.0,8738.0
2008-09-13,27.1906,240.1245486111111,4.820138888888889,0.1293,930.0,5433.0,11807.0
2008-09-14,26.272100000000002,239.8889861111111,4.734999999999999,0.13454583333333334,4673.0,445.0,6538.0
2008-09-15,28.295133333333336,240.25590972222224,5.071805555555556,0.09452638888888888,960.0,364.0,10322.0
2008-09-16,20.36436666666667,240.94875000000002,3.6193055555555556,0.108375,0.0,368.0,8249.0
2008-09-17,25.32016666666667,240.6566736111111,4.489722222222222,0.12303333333333334,1910.0,3727.0,9371.0
2008-09-18,25.088166666666666,240.3271388888889,4.447361111111111,0.1315111111111111,4202.0,357.0,7991.0
2008-09-19,25.3141,240.3571111111111,4.47875,0.11581111111111111,1569.0,351.0,12367.0
2008-09-20,21.743333333333332,240.59411805555558,3.8055555555555554,0.108475,0.0,370.0,12477.0
2008-09-21,25.551166666666667,240.94015972222223,4.560277777777778,0.1432375,4010.0,2381.0,8347.0
2008-09-22,22.642733333333336,240.2091597222222,4.012638888888889,0.105225,1014.0,2448.0,10227.0
2008-09-23,20.546466666666667,240.18336111111108,3.6841666666666666,0.11467222222222223,0.0,2168.0,7920.0
2008-09-24,28.639166666666664,240.1257916666667,5.031666666666667,0.12046666666666667,2019.0,4730.0,10548.0
2008-09-25,18.853666666666665,240.2903263888889,3.34375,0.12067361111111112,1012.0,751.0,8485.0
2008-09-26,23.8575,240.39362500000001,4.239583333333333,0.146925,1221.0,370.0,10890.0
2008-09-27,35.457433333333334,240.14647916666667,6.258611111111111,0.17850000000000002,4347.0,2584.0,12688.0
2008-09-28,28.851733333333335,240.27841666666666,5.079583333333334,0.11386666666666666,1920.0,385.0,11242.0
2008-09-29,25.02896666666667,240.26402083333335,4.4094444444444445,0.13849444444444445,1014.0,363.0,10677.0
2008-09-30,22.916766666666668,240.58377083333335,4.0247222222222225,0.10770277777777779,998.0,360.0,7415.0
2008-10-01,31.20606666666667,241.12861111111113,5.482083333333334,0.12587222222222222,2249.0,5800.0,10808.0
2008-10-02,22.42236666666667,240.32824305555553,3.948611111111111,0.10671944444444444,0.0,367.0,9060.0
2008-10-03,26.87633333333333,239.84200694444445,4.745694444444444,0.11013750000000001,4801.0,349.0,9432.0
2008-10-04,35.00826666666667,240.1744027777778,6.144861111111111,0.15013888888888888,3462.0,629.0,12573.0
2008-10-05,25.8325,240.13754166666666,4.534166666666667,0.10159444444444445,990.0,3257.0,6071.0
2008-10-06,23.729699999999998,239.1190763888889,4.216388888888889,0.08694722222222222,990.0,286.0,9562.0
2008-10-07,28.776133333333334,238.85286805555555,5.166111111111111,0.1300236111111111,1016.0,419.0,9476.0
2008-10-08,31.0096,240.0490138888889,5.43125,0.10584027777777777,1044.0,5126.0,11650.0
2008-10-09,33.061366666666665,239.2754236111111,5.812361111111111,0.12631944444444446,1032.0,3064.0,11652.0
2008-10-10,25.305633333333333,239.63485416666666,4.436805555555556,0.10280833333333333,0.0,389.0,12046.0
2008-10-11,27.8231,239.18261805555554,4.905972222222222,0.10753333333333334,2144.0,2335.0,11373.0
2008-10-12,31.799,240.15154166666665,5.615138888888889,0.11236527777777779,2561.0,5822.0,7171.0
2008-10-13,24.366266666666665,240.80942361111113,4.254305555555556,0.10270416666666667,1037.0,535.0,9483.0
2008-10-14,26.817600000000002,239.21572916666668,4.730138888888889,0.1140875,1177.0,442.0,9939.0
2008-10-15,35.94826666666667,239.5067916666667,6.328194444444445,0.1169875,1998.0,7042.0,9984.0
2008-10-16,26.39466666666667,239.26284722222223,4.66125,0.09502777777777778,951.0,429.0,8438.0
2008-10-17,31.114766666666664,240.047625,5.475833333333333,0.1066125,2036.0,3187.0,9639.0
2008-10-18,37.319833333333335,239.83543055555558,6.547083333333333,0.11293611111111113,799.0,1655.0,12146.0
2008-10-19,32.865566666666666,240.04254861111113,5.805277777777778,0.12610833333333332,698.0,8010.0,4600.0
2008-10-20,27.79256666666667,240.43249305555554,4.860277777777778,0.09570277777777779,844.0,2648.0,10475.0
2008-10-21,34.395266666666664,239.7306875,6.080833333333333,0.10579444444444444,857.0,2663.0,11331.0
2008-10-22,27.4335,240.8157638888889,4.836944444444445,0.1037111111111111,662.0,2542.0,8487.0
2008-10-23,30.508233333333333,240.39904166666668,5.374583333333333,0.11195,815.0,1435.0,10587.0
2008-10-24,35.55376666666667,240.41369444444442,6.266944444444444,0.1166763888888889,7893.0,2277.0,10284.0
2008-10-25,26.632216666666668,240.8847777777778,4.639722222222222,0.08698333333333333,737.0,458.5,14185.5
2008-10-26,8.724866666666665,242.12346527777777,1.4991666666666668,0.08022916666666667,0.0,360.0,2013.0
2008-10-27,8.731533333333335,242.22805555555558,1.5091666666666665,0.08956805555555557,0.0,402.0,1967.0
2008-10-28,22.1215,241.32679166666668,3.8531944444444446,0.10074722222222222,2263.0,362.0,5090.0
2008-10-29,26.876266666666666,241.78959722222223,4.604305555555555,0.09255694444444446,1037.0,345.0,4015.0
2008-10-30,18.31,242.08329166666667,3.2733333333333334,0.08543611111111112,0.0,345.0,2619.0
2008-10-31,21.430533333333337,241.32977083333333,3.7663888888888892,0.07246388888888888,0.0,312.0,10483.0
2008-11-01,13.841633333333334,241.8102361111111,2.6256944444444446,0.07893888888888889,0.0,344.0,1939.0
2008-11-02,15.1769,242.15574305555558,2.864027777777778,0.0836611111111111,0.0,346.0,2824.0
2008-11-03,14.126666666666667,241.76511805555558,2.665,0.08003333333333333,963.0,347.0,1892.0
2008-11-04,26.0386,240.80244444444446,4.6523611111111105,0.08435833333333333,0.0,6214.0,4106.0
2008-11-05,52.24883333333333,239.48077083333334,9.239166666666666,0.17904166666666665,7597.0,10409.0,8362.0
2008-11-06,26.47396666666667,240.39021527777777,4.726666666666667,0.12601944444444443,1033.0,430.0,6734.0
2008-11-07,26.9864,239.75178472222223,4.754583333333334,0.07638055555555555,1032.0,389.0,10421.0
2008-11-08,28.88563333333333,239.30802777777777,5.104722222222223,0.09247777777777778,1114.0,3271.0,6069.0
2008-11-09,42.975633333333334,238.45406944444443,7.620972222222223,0.1464902777777778,6301.0,661.0,14348.0
2008-11-10,35.24056666666667,239.63163194444445,6.218472222222222,0.10911250000000002,1023.0,355.0,10354.0
2008-11-11,40.9325,239.87869444444445,7.183333333333334,0.08894444444444445,2475.0,2288.0,14651.0
2008-11-12,36.5019,240.38623611111112,6.351388888888889,0.110525,1066.0,2745.0,9430.0
2008-11-13,20.641000000000002,241.59792361111113,3.627222222222222,0.08710000000000001,0.0,338.0,6315.0
2008-11-14,27.02896666666667,241.02181944444445,4.7555555555555555,0.08881527777777778,2092.0,325.0,9929.0
2008-11-15,50.52713333333334,238.63411805555555,8.963194444444444,0.11469444444444445,3952.0,3799.0,15635.0
2008-11-16,39.42386666666666,240.4941388888889,6.919027777777777,0.11328472222222222,4791.0,1829.0,8945.0
2008-11-17,25.393933333333333,241.13493055555554,4.412083333333333,0.08255138888888888,0.0,378.0,10590.0
2008-11-18,29.15083333333333,239.90204166666666,5.141805555555555,0.09672361111111112,1079.0,369.0,11204.0
2008-11-19,30.670633333333335,240.53961805555554,5.412916666666667,0.11559166666666666,1737.0,3026.0,8704.0
2008-11-20,28.2056,239.81811805555557,4.984444444444445,0.08416111111111112,1034.0,347.0,7732.0
2008-11-21,27.898833333333336,239.9283333333333,4.946527777777778,0.08857916666666667,1039.0,348.0,10396.0
2008-11-22,28.5228,239.7318125,5.049583333333333,0.08671388888888888,1093.0,882.0,8320.0
2008-11-23,56.790083333333335,239.15058333333334,10.050416666666667,0.1438013888888889,3631.0,8829.5,10288.5
2008-11-24,53.54996666666667,240.3594861111111,9.285416666666666,0.08445694444444445,1063.0,510.0,13378.0
2008-11-25,45.0475,240.93060416666668,7.823888888888889,0.10455833333333332,3010.0,345.0,10471.0
2008-11-26,25.2659,242.40089583333332,4.356388888888889,0.08333055555555555,909.0,304.0,10002.0
2008-11-27,39.3703,241.4400138888889,6.841111111111112,0.08765138888888889,2491.0,330.0,12440.0
2008-11-28,31.43273333333333,243.06651388888892,5.409583333333334,0.0891847222222222,1113.0,295.0,11361.0
2008-11-29,40.5778,241.24075694444446,7.0536111111111115,0.11563194444444444,5268.0,2392.0,12386.0
2008-11-30,40.023133333333334,242.3745625,6.955555555555556,0.11868333333333334,1161.0,3481.0,11474.0
2008-12-01,26.9423,243.4458402777778,4.758472222222222,0.08241527777777778,1085.0,309.0,9013.0
2008-12-02,29.890733333333333,243.37936805555555,5.215138888888889,0.10132499999999998,0.0,304.0,11343.0
2008-12-03,29.25273333333333,243.38372916666668,5.069583333333333,0.0866125,1137.0,302.0,9664.0
2008-12-04,28.9773,243.46313888888886,5.02375,0.07915972222222221,1085.0,281.0,11314.0
2008-12-05,34.3103,242.9759097222222,5.967638888888889,0.08335138888888889,831.0,310.0,9852.0
2008-12-06,42.06393333333333,241.13656250000003,7.358333333333333,0.13065555555555555,4005.0,5749.0,9048.0
2008-12-07,41.11233333333333,242.23854166666666,7.157361111111111,0.12515555555555555,3294.0,310.0,13627.0
2008-12-08,31.143933333333333,243.73161805555557,5.383194444444444,0.08387638888888889,1117.0,296.0,13256.0
2008-12-09,33.385733333333334,243.5556527777778,5.757638888888889,0.092025,1985.0,2553.0,12886.0
2008-12-10,37.415499999999994,243.39702777777777,6.443888888888889,0.10690694444444444,1128.0,4144.0,12254.0
2008-12-11,23.875366666666665,243.41836111111112,4.121944444444445,0.07980277777777778,1160.0,273.0,7979.0
2008-12-12,30.258899999999997,243.04302083333334,5.221666666666667,0.09676527777777778,1157.0,255.0,12154.0
2008-12-13,30.426233333333336,241.5385486111111,5.321805555555556,0.11338749999999999,2186.0,261.0,9271.0
2008-12-14,33.36866666666666,241.62279861111114,5.8815277777777775,0.11389861111111112,3742.0,2497.0,5415.0
2008-12-15,29.924166666666668,243.0392013888889,5.190972222222222,0.07898888888888889,1178.0,252.0,9668.0
2008-12-16,29.9515,243.87990277777777,5.192638888888888,0.07958194444444444,0.0,253.0,11334.0
2008-12-17,34.97976666666667,243.3135138888889,6.080277777777778,0.09459444444444445,4251.0,284.0,10813.0
2008-12-18,28.949,242.8590625,4.989305555555556,0.08199305555555556,1125.0,258.0,11293.0
2008-12-19,31.368533333333335,241.8661736111111,5.480138888888889,0.09177361111111111,1538.0,296.0,11773.0
2008-12-20,37.402699999999996,242.56537152777778,6.500069444444445,0.11169444444444444,1133.5,6479.0,12837.0
2008-12-21,44.06016666666667,241.72008333333332,7.662638888888889,0.09380000000000001,1099.0,9189.0,14816.0
2008-12-22,33.5968,241.86449305555556,5.857083333333334,0.08671527777777778,2157.0,391.0,10433.0
2008-12-23,29.968133333333334,241.77054861111114,5.250694444444444,0.10491666666666667,2666.0,2115.0,8326.0
2008-12-24,21.160633333333333,243.960625,3.6336111111111107,0.08008194444444444,0.0,364.0,9981.0
2008-12-25,17.685299999999998,243.2330625,3.0386111111111114,0.08116805555555556,0.0,285.0,3598.0
2008-12-26,20.395533333333333,244.35365972222223,3.5006944444444446,0.08626527777777777,1121.0,279.0,7796.0
2008-12-27,49.53606666666667,243.31189583333332,8.431805555555554,0.08203611111111112,0.0,244.0,12209.0
2008-12-28,26.177366666666668,244.56038194444446,4.42,0.07795,1953.0,217.0,5291.0
2008-12-29,9.254633333333334,244.95475694444443,1.5788888888888888,0.0636375,0.0,218.0,2480.0
2008-12-30,19.920633333333335,244.63816666666668,3.4018055555555557,0.07861527777777778,0.0,245.0,7145.0
2008-12-31,32.736466666666665,243.29661805555557,5.6876388888888885,0.08977222222222221,2975.0,246.0,11860.0
2009-01-01,23.444866666666666,242.8360625,4.149861111111111,0.07824166666666667,765.0,3845.0,2803.0
2009-01-02,38.79183333333334,242.7048888888889,6.737777777777778,0.1421736111111111,2417.0,6018.0,11841.0
2009-01-03,31.8916,243.68145833333332,5.530833333333333,0.12146666666666667,6440.0,328.0,10439.0
2009-01-04,32.33323333333333,244.82243055555554,5.633194444444444,0.11620694444444445,1457.0,5251.0,3245.0
2009-01-05,26.733333333333334,244.83077777777777,4.6362499999999995,0.08954027777777777,1247.0,322.0,8650.0
2009-01-06,28.16436666666667,245.09266666666667,4.834027777777778,0.08024722222222222,0.0,254.0,12462.0
2009-01-07,34.6712,246.0406388888889,5.946805555555556,0.09826666666666665,2687.0,3820.0,9979.0
2009-01-08,27.221166666666665,245.3507361111111,4.720694444444445,0.08637083333333333,2773.0,299.0,10075.0
2009-01-09,29.8117,244.62240972222224,5.182083333333333,0.08025833333333333,1802.0,272.0,9285.0
2009-01-10,35.04913333333333,244.12048611111112,6.088888888888889,0.11231527777777778,2828.0,4288.0,12539.0
2009-01-11,32.93313333333334,245.5315486111111,5.764722222222223,0.09947222222222223,4521.0,5301.0,5887.0
2009-01-12,26.48796666666667,245.52706944444444,4.513888888888889,0.07807499999999999,0.0,261.0,12147.0
2009-01-13,36.376666666666665,244.45834027777778,6.254305555555556,0.09315416666666666,1140.0,329.0,16194.0
2009-01-14,29.692983333333334,244.60247916666668,5.1125,0.0838625,2278.5,332.0,10316.5
2009-01-15,26.0678,243.02127777777778,4.520555555555556,0.08024027777777779,2731.0,390.0,9561.0
2009-01-16,46.109233333333336,242.56897222222221,8.040555555555555,0.12494444444444444,5811.0,3158.0,15220.0
2009-01-17,55.297000000000004,241.63154166666666,9.578888888888889,0.11426666666666667,2477.0,3154.0,15322.0
2009-01-18,52.5699,242.64408333333333,9.167638888888888,0.14572222222222223,5649.0,6701.0,12727.0
2009-01-19,28.3311,243.1261736111111,4.924444444444444,0.08282916666666666,1118.0,376.0,10279.0
2009-01-20,28.967133333333333,243.39985416666664,4.979722222222223,0.09297222222222222,0.0,282.0,13727.0
2009-01-21,28.990566666666666,244.10518749999997,4.992916666666667,0.08891944444444445,1148.0,2159.0,9830.0
2009-01-22,20.6226,244.00635416666668,3.5900000000000003,0.08027777777777777,0.0,341.0,8246.0
2009-01-23,31.842266666666667,242.76895138888887,5.530833333333333,0.08770694444444445,2078.0,295.0,12146.0
2009-01-24,36.6795,243.25075694444448,6.391111111111112,0.11803749999999999,5096.0,4492.0,8322.0
2009-01-25,47.394400000000005,242.54399305555555,8.151388888888889,0.10261527777777778,3971.0,5960.0,11213.0
2009-01-26,27.907866666666667,243.20027083333335,4.834444444444444,0.07866388888888888,1121.0,348.0,9821.0
2009-01-27,23.7505,243.9376041666667,4.167916666666667,0.09419166666666666,896.0,278.0,6608.0
2009-01-28,45.36223333333333,243.03222222222223,7.830972222222223,0.08056944444444444,2301.0,6949.0,14285.0
2009-01-29,26.2283,243.36284722222223,4.532638888888889,0.07243472222222222,0.0,294.0,8996.0
2009-01-30,34.3173,244.28983333333332,5.917916666666666,0.0833986111111111,1622.0,280.0,12147.0
2009-01-31,55.2142,242.47138194444443,9.633194444444444,0.1657722222222222,8278.0,6575.0,15309.0
2009-02-01,30.786166666666666,244.80642361111111,5.3694444444444445,0.10559166666666667,3330.0,622.0,7494.0
2009-02-02,26.721666666666668,244.8748263888889,4.581111111111111,0.07401944444444444,1159.0,232.0,10915.0
2009-02-03,31.139833333333335,244.3027222222222,5.3438888888888885,0.08542361111111112,703.0,878.0,14984.0
2009-02-04,41.0154,244.68669444444447,7.041388888888889,0.10528055555555557,871.0,6961.0,15960.0
2009-02-05,27.4848,243.85506249999997,4.7625,0.08485277777777778,1104.0,264.0,12987.0
2009-02-06,34.13993333333334,243.28893055555557,5.921666666666667,0.08810555555555556,1165.0,273.0,11716.0
2009-02-07,52.19226666666667,242.05092361111113,9.080972222222222,0.128225,6822.0,4483.0,17873.0
2009-02-08,36.381099999999996,243.35456944444445,6.329583333333334,0.09306944444444445,5341.0,259.0,15174.0
2009-02-09,28.443966666666665,243.3219861111111,4.9655555555555555,0.09347777777777778,1063.0,228.0,9375.0
2009-02-10,32.39703333333333,243.15777083333333,5.5841666666666665,0.08043888888888888,1128.0,263.0,12339.0
2009-02-11,43.98983333333333,242.09756249999998,7.73125,0.1662236111111111,2985.0,10477.0,12195.0
2009-02-12,32.811,242.91152777777776,5.682638888888889,0.08283611111111111,1109.0,299.0,17724.0
2009-02-13,28.167033333333332,241.69333333333336,4.891805555555555,0.07582361111111112,1100.0,254.0,11554.0
2009-02-14,38.92193333333333,241.9453472222222,6.728194444444445,0.08247777777777777,2280.0,3256.0,18543.0
2009-02-15,26.433866666666667,242.8439375,4.501388888888889,0.07918194444444444,2465.0,226.0,5234.0
2009-02-16,21.98323333333333,242.14300694444444,3.8281944444444447,0.07764305555555555,0.0,261.0,7037.0
2009-02-17,13.2463,242.26856249999997,2.303888888888889,0.08254027777777778,0.0,278.0,3925.0
2009-02-18,13.774166666666668,242.23109722222225,2.3558333333333334,0.07851666666666667,0.0,297.0,5471.0
2009-02-19,12.2878,241.54959027777775,2.111527777777778,0.0690125,1046.0,262.0,1796.0
2009-02-20,31.3456,240.19070833333333,5.535,0.10210833333333333,2897.0,293.0,8768.0
2009-02-21,21.9364,240.9543402777778,3.806666666666667,0.10791805555555557,2111.0,262.0,3983.0
2009-02-22,37.307966666666665,241.31630555555554,6.534722222222222,0.12210277777777778,3816.0,8576.0,7133.0
2009-02-23,45.56093333333333,241.24088194444445,7.873055555555556,0.0901388888888889,1212.0,3744.0,12471.0
2009-02-24,29.719066666666667,240.8879236111111,5.167638888888889,0.08565694444444445,0.0,1602.0,14512.0
2009-02-25,19.497400000000003,241.2019652777778,3.4125,0.07852083333333333,1092.0,274.0,7359.0
2009-02-26,19.280866666666668,240.73236805555555,3.3630555555555555,0.07819444444444444,0.0,268.0,6841.0
2009-02-27,33.8153,240.96568750000003,5.903472222222222,0.14035833333333333,1154.0,246.0,14831.0
2009-02-28,27.179166666666667,242.3972777777778,4.834305555555555,0.14763055555555554,1145.0,5358.0,8006.0
2009-03-01,41.20868333333333,242.14014236111112,7.230555555555555,0.13154791666666668,11224.0,2740.5,8852.0
2009-03-02,24.624033333333333,242.24184722222222,4.401111111111112,0.09400277777777778,1560.0,310.0,6684.0
2009-03-03,30.81586666666667,242.89735416666667,5.347083333333334,0.08882222222222222,1159.0,268.0,13024.0
2009-03-04,30.702166666666667,242.3844861111111,5.397222222222222,0.08988472222222223,2214.0,2570.0,8393.0
2009-03-05,24.030199999999997,241.67960416666668,4.253333333333334,0.07809861111111112,0.0,271.0,9094.0
2009-03-06,29.724566666666664,240.79331249999998,5.2636111111111115,0.08955277777777777,1144.0,265.0,12056.0
2009-03-07,28.27443333333333,242.47164583333333,4.935972222222222,0.10407361111111112,1055.0,811.0,12113.0
2009-03-08,39.286100000000005,242.15979166666665,6.881805555555555,0.1348513888888889,7253.0,5260.0,12691.0
2009-03-09,28.0926,242.48230555555557,4.904444444444445,0.09447222222222222,2001.0,369.0,10336.0
2009-03-10,30.6035,241.8284375,5.340694444444445,0.07979305555555556,0.0,281.0,11610.0
2009-03-11,40.0984,241.8211736111111,7.027638888888888,0.09530833333333333,3476.0,7288.0,10737.0
2009-03-12,31.454333333333334,241.9984236111111,5.457916666666667,0.09359166666666666,0.0,364.0,13655.0
2009-03-13,24.092,242.75730555555558,4.171388888888889,0.09630833333333333,1082.0,311.0,10466.0
2009-03-14,35.81713333333333,242.17880555555556,6.186111111111111,0.1078125,2196.0,280.0,18036.0
2009-03-15,32.3677,241.77111111111114,5.69625,0.12343888888888889,3478.0,5152.0,8353.0
2009-03-16,22.302083333333332,242.4094548611111,3.855208333333333,0.08290902777777777,0.0,306.0,9291.0
2009-03-17,32.1985,241.95642361111112,5.649305555555555,0.16318888888888888,1110.0,3952.0,12320.0
2009-03-18,24.178,242.84061805555555,4.181111111111111,0.08465694444444445,1123.0,375.0,12101.0
2009-03-19,19.858866666666664,242.7762777777778,3.4248611111111114,0.08084166666666667,0.0,314.0,9458.0
2009-03-20,24.398433333333333,242.9164861111111,4.217777777777778,0.09030416666666667,1083.0,308.0,10618.0
2009-03-21,32.16703333333333,242.58272222222223,5.671805555555555,0.1372611111111111,5420.0,682.0,10266.0
2009-03-22,28.152833333333334,241.52761111111113,4.950555555555556,0.09047222222222222,2017.0,3778.0,9015.0
2009-03-23,21.6075,242.05365277777778,3.7894444444444444,0.08341805555555555,1078.0,310.0,5999.0
2009-03-24,27.6952,242.4840972222222,4.8943055555555555,0.10196944444444446,1710.0,352.0,10149.0
2009-03-25,30.646233333333335,243.1130625,5.353055555555556,0.1347472222222222,2780.0,3315.0,10287.0
2009-03-26,20.1834,242.93575694444445,3.5016666666666665,0.08315972222222222,0.0,312.0,8596.0
2009-03-27,28.56543333333333,242.62864583333334,5.015138888888889,0.12574583333333333,1103.0,526.0,9947.0
2009-03-28,37.68293333333334,242.13561805555554,6.603333333333333,0.19215277777777778,4527.0,327.0,12225.0
2009-03-29,36.94416666666667,242.54856944444444,6.418333333333333,0.09520416666666666,1611.0,4024.0,9502.0
2009-03-30,24.6242,242.72852083333333,4.304722222222223,0.09119722222222224,1085.0,295.0,9901.0
2009-03-31,30.391366666666666,242.16790277777778,5.309027777777778,0.095825,2202.0,2711.0,12958.0
2009-04-01,27.352333333333334,242.90603472222222,4.807916666666666,0.0993388888888889,2807.0,2364.0,7309.0
2009-04-02,27.40556666666667,242.2396388888889,4.761388888888889,0.08664027777777777,1128.0,324.0,13500.0
2009-04-03,22.721,241.8118888888889,3.982916666666666,0.09208194444444445,0.0,326.0,8556.0
2009-04-04,36.52053333333333,241.45065277777778,6.396527777777778,0.13870000000000002,2699.0,4172.0,16251.0
2009-04-05,22.9286,242.31370833333332,4.112083333333333,0.12709166666666666,3832.0,357.0,6503.0
2009-04-06,24.21056666666667,242.30114583333335,4.225555555555555,0.09134722222222222,799.0,333.0,10141.0
2009-04-07,24.001533333333334,241.98941666666667,4.23125,0.10606388888888889,1103.0,338.0,9121.0
2009-04-08,25.576666666666664,242.25972916666666,4.527916666666666,0.11204861111111111,2131.0,2827.0,7968.0
2009-04-09,31.507866666666665,242.2968263888889,5.464583333333334,0.12287222222222223,2682.0,366.0,13482.0
2009-04-10,30.701900000000002,242.0344861111111,5.329166666666667,0.11513333333333334,2057.0,2822.0,13828.0
2009-04-11,41.04076666666666,240.96925694444442,7.175277777777778,0.17615694444444444,3661.0,4286.0,18233.0
2009-04-12,35.68353333333334,240.4032986111111,6.332777777777778,0.1956041666666667,7498.0,1504.0,12470.0
2009-04-13,26.664066666666667,241.13211805555557,4.735138888888889,0.13888055555555556,1006.0,5648.0,6209.0
2009-04-14,25.025633333333335,241.4923263888889,4.435,0.13095833333333334,888.0,2341.0,9478.0
2009-04-15,20.267699999999998,241.32070833333333,3.6109722222222222,0.13255972222222223,1880.0,463.0,5278.0
2009-04-16,26.0754,240.47604166666667,4.6241666666666665,0.12431666666666666,2896.0,397.0,9809.0
2009-04-17,34.04683333333333,241.32772916666667,5.966944444444445,0.11888750000000001,0.0,5224.0,7655.0
2009-04-18,25.204433333333334,241.04625,4.428055555555555,0.10205416666666667,1028.0,2613.0,10699.0
2009-04-19,21.441133333333333,242.6585347222222,3.7484722222222224,0.10666944444444446,2201.0,376.0,8088.0
2009-04-20,24.775166666666667,241.90455555555556,4.333333333333333,0.11770972222222223,0.0,2644.0,10476.0
2009-04-21,31.576633333333334,240.64846527777777,5.535277777777778,0.12689722222222222,1925.0,375.0,7380.0
2009-04-22,24.936633333333337,241.27485416666664,4.372777777777778,0.14160277777777777,1024.0,1203.0,13265.0
2009-04-23,19.024333333333335,241.49463888888891,3.402222222222222,0.12184305555555557,1068.0,395.0,5511.0
2009-04-24,19.9008,241.7900833333333,3.529861111111111,0.12556944444444443,0.0,383.0,9677.0
2009-04-25,33.70473333333334,240.50833333333333,5.936111111111111,0.16360555555555556,2007.0,3901.0,13225.0
2009-04-26,29.693766666666665,241.8649236111111,5.242083333333333,0.15945694444444444,3053.0,3017.0,10561.0
2009-04-27,22.52713333333333,241.0012291666667,4.004166666666666,0.11139444444444443,995.0,376.0,7021.0
2009-04-28,28.439766666666667,241.990125,5.059027777777778,0.11136527777777779,2068.0,371.0,11469.0
2009-04-29,27.744666666666667,242.18654166666667,4.858472222222222,0.09834444444444446,1043.0,2492.0,9372.0
2009-04-30,30.579366666666665,241.90433333333334,5.323888888888889,0.09587222222222223,1027.0,363.0,15305.0
2009-05-01,25.213366666666666,241.27309027777778,4.424166666666666,0.13226527777777777,1067.0,1052.0,11709.0
2009-05-02,23.231833333333334,241.8829027777778,4.077500000000001,0.12473611111111112,1430.0,374.0,9760.0
2009-05-03,26.814633333333333,242.06633333333335,4.7619444444444445,0.12479027777777778,3207.0,2593.0,7226.0
2009-05-04,27.798033333333333,241.43522916666666,4.841388888888889,0.10142777777777778,1007.0,411.0,11374.0
2009-05-05,28.857899999999997,240.81849305555556,5.057222222222222,0.09855138888888888,1049.0,5539.0,10166.0
2009-05-06,22.498366666666666,240.8967152777778,3.969722222222222,0.1016513888888889,1038.0,1797.0,9058.0
2009-05-07,16.877466666666667,241.1735138888889,2.972777777777778,0.09375555555555556,0.0,374.0,7992.0
2009-05-08,30.9526,240.82481249999998,5.417777777777778,0.10755694444444444,2226.0,848.0,15426.0
2009-05-09,21.022533333333335,241.57422916666667,3.7644444444444445,0.12707222222222223,2090.0,382.0,6605.0
2009-05-10,32.7982,241.07,5.843888888888889,0.14242222222222223,4300.0,6670.0,8696.0
2009-05-11,25.286266666666666,240.25132638888888,4.4309722222222225,0.11002777777777778,1035.0,457.0,11009.0
2009-05-12,27.099266666666665,240.3767777777778,4.768888888888889,0.10418194444444444,0.0,2713.0,11335.0
2009-05-13,20.7733,240.63597916666666,3.7073611111111116,0.11914305555555556,1419.0,553.0,7127.0
2009-05-14,26.783066666666667,240.05952083333335,4.805694444444445,0.10549305555555555,0.0,4065.0,11499.0
2009-05-15,23.70376666666667,240.95720138888888,4.182777777777778,0.09760138888888889,1382.0,494.0,12195.0
2009-05-16,33.4563,239.98875694444445,5.885416666666667,0.12951527777777777,1705.0,4820.0,12265.0
2009-05-17,25.7294,240.30072916666666,4.605416666666667,0.1572638888888889,2555.0,1926.0,7168.0
2009-05-18,20.1651,240.9586736111111,3.518194444444444,0.10733333333333334,763.0,374.0,8971.0
2009-05-19,26.955733333333335,240.9929375,4.701527777777778,0.13116944444444442,3253.0,792.0,10981.0
2009-05-20,21.786033333333332,241.31970833333332,3.8394444444444447,0.12665416666666668,1061.0,1889.0,9470.0
2009-05-21,26.2525,241.01910416666666,4.608472222222222,0.14749722222222222,1553.0,1278.0,12563.0
2009-05-22,17.913433333333334,241.9665347222222,3.200972222222222,0.16475138888888888,982.0,1207.0,8078.0
2009-05-23,25.509966666666667,240.56841666666668,4.4944444444444445,0.13420138888888888,480.0,1844.0,12579.0
2009-05-24,21.4631,242.01796527777776,3.7705555555555557,0.12305555555555554,45.0,446.0,10256.0
2009-05-25,22.568266666666666,238.4309027777778,4.001805555555555,0.12719583333333334,920.0,966.0,9930.0
2009-05-26,22.316216666666666,231.79023263888888,4.040208333333333,0.08802361111111111,1191.0,864.5,10100.0
2009-05-27,25.7382,231.14297222222223,4.673472222222222,0.0867375,1052.0,2355.0,11076.0
2009-05-28,19.662266666666667,233.70236111111112,3.512916666666667,0.08943472222222222,1502.0,421.0,9049.0
2009-05-29,20.7141,241.55870138888892,3.633472222222222,0.1021875,1005.0,434.0,10112.0
2009-05-30,27.651766666666667,241.1634097222222,4.9030555555555555,0.16228333333333333,2787.0,1707.0,11557.0
2009-05-31,15.948166666666667,241.45614583333332,2.8866666666666667,0.13931666666666667,1466.0,458.0,5720.0
2009-06-01,24.054333333333332,241.334125,4.31125,0.15963611111111112,2789.0,461.0,11361.0
2009-06-02,18.1773,241.6302986111111,3.367777777777778,0.15534444444444445,0.0,506.0,7892.0
2009-06-03,22.60963333333333,240.40592361111112,4.076666666666666,0.13953194444444444,940.0,1370.0,11577.0
2009-06-04,17.261000000000003,240.0102013888889,3.083472222222222,0.11434861111111111,1906.0,455.0,6905.0
2009-06-05,20.505999999999997,239.86320833333335,3.65,0.10899305555555555,0.0,456.0,12515.0
2009-06-06,24.590833333333332,240.58184027777776,4.414305555555556,0.16215000000000002,1769.0,2732.0,10611.0
2009-06-07,20.1232,241.01856249999997,3.628888888888889,0.15203472222222222,2077.0,1641.0,6034.0
2009-06-08,19.64626666666667,240.0647291666667,3.5420833333333337,0.08983333333333335,1024.0,432.0,8551.0
2009-06-09,22.214166666666664,240.9235138888889,3.957777777777778,0.10721944444444444,1000.0,414.0,10695.0
2009-06-10,26.716600000000003,240.7160833333333,4.733888888888889,0.11056111111111111,1032.0,4745.0,9889.0
2009-06-11,21.677500000000002,241.17605555555556,3.8533333333333335,0.11106388888888888,0.0,472.0,10610.0
2009-06-12,18.362199999999998,240.9373402777778,3.265972222222222,0.10604444444444446,1009.0,460.0,7137.0
2009-06-13,0.5937758015728978,242.19984230691674,1.6489655172413793,0.10692575115950798,0.0,64.44646098003629,152.28493647912885
2009-06-15,15.010324198427101,240.55885568648566,3.701811582247154,0.159313571670473,916.0,348.5535390199637,7148.715063520871
2009-06-16,25.14653333333333,240.83118055555556,4.484861111111111,0.14735277777777778,2983.0,1221.0,13691.0
2009-06-17,16.466933333333333,241.29550694444447,2.958888888888889,0.13393055555555555,975.0,611.0,7193.0
2009-06-18,19.428333333333335,241.2962222222222,3.4075,0.11524583333333334,0.0,461.0,11223.0
2009-06-19,18.114433333333334,241.31758333333335,3.208472222222222,0.11406944444444443,969.0,475.0,7737.0
2009-06-20,18.451666666666664,241.48458333333332,3.2494444444444444,0.12434444444444445,0.0,2657.0,9159.0
2009-06-21,14.252366666666667,241.28675694444445,2.5322222222222224,0.11217083333333334,1039.0,412.0,6002.0
2009-06-22,18.234966666666665,241.20229166666667,3.2180555555555554,0.11258611111111111,0.0,449.0,11148.0
2009-06-23,17.32023333333333,241.21326388888886,3.0751388888888886,0.11380000000000001,1010.0,1261.0,8186.0
2009-06-24,25.581233333333333,240.53718055555555,4.516111111111111,0.13494583333333335,3059.0,1239.0,14275.0
2009-06-25,12.856033333333333,241.17795138888889,2.313888888888889,0.12775416666666667,0.0,495.0,6224.0
2009-06-26,21.2887,240.54077083333334,3.8409722222222222,0.16587916666666666,1826.0,538.0,9952.0
2009-06-27,28.484199999999998,241.81414583333333,5.028194444444445,0.18862777777777778,2663.0,2432.0,13468.0
2009-06-28,17.656566666666667,241.83843055555556,3.2090277777777776,0.19293333333333335,0.0,1421.0,6742.0
2009-06-29,16.83556666666667,241.89382638888887,3.026388888888889,0.16390694444444445,1794.0,598.0,6462.0
2009-06-30,19.8741,241.94360416666666,3.6422222222222222,0.19663194444444443,582.0,1034.0,8989.0
2009-07-01,20.3057,241.80929861111113,3.6469444444444448,0.18454305555555556,989.0,590.0,9747.0
2009-07-02,20.709633333333333,241.96674305555555,3.7150000000000003,0.1918875,637.0,603.0,8032.0
2009-07-03,14.402466666666667,241.92334722222222,2.6351388888888887,0.17083055555555557,856.0,642.0,7371.0
2009-07-04,20.6428,241.14746527777777,3.8441666666666667,0.25965416666666663,2084.0,2329.0,6791.0
2009-07-05,23.51226666666667,241.4445763888889,4.310277777777778,0.266075,3215.0,1438.0,8014.0
2009-07-06,15.904333333333334,241.76347222222225,2.9018055555555557,0.18817499999999998,429.0,755.0,7142.0
2009-07-07,18.502266666666667,241.64100694444443,3.4037499999999996,0.17822083333333333,1292.0,3619.0,5704.0
2009-07-08,20.573333333333334,241.60375000000002,3.6909722222222223,0.15360833333333332,0.0,3514.0,9308.0
2009-07-09,14.104199999999999,242.59112499999998,2.6118055555555557,0.13517500000000002,0.0,656.0,4783.0
2009-07-10,19.878766666666664,242.24482638888887,3.527083333333333,0.1514986111111111,988.0,2624.0,7494.0
2009-07-11,16.566133333333333,242.21479166666666,3.018194444444444,0.17324444444444445,981.0,683.0,7756.0
2009-07-12,8.557966666666665,242.3049375,1.6009722222222222,0.13297222222222221,0.0,589.0,4060.0
2009-07-13,8.2791,242.5475138888889,1.5625,0.13647638888888888,0.0,594.0,3881.0
2009-07-14,15.190499999999998,242.2053888888889,2.8152777777777778,0.18512083333333335,2303.0,618.0,6155.0
2009-07-15,11.967899999999998,241.92689583333333,2.1675,0.13173055555555557,878.0,932.0,5820.0
2009-07-16,9.992566666666667,242.11697916666668,1.876111111111111,0.1800875,0.0,1724.0,3902.0
2009-07-17,12.1968,241.59461805555554,2.1952777777777777,0.12439861111111113,0.0,626.0,6670.0
2009-07-18,16.106833333333334,242.00627777777777,2.884861111111111,0.1516236111111111,0.0,663.0,5389.0
2009-07-19,20.060733333333335,242.04660416666667,3.5258333333333334,0.18003472222222222,0.0,598.0,5058.0
2009-07-20,11.041433333333334,241.84186111111114,2.0479166666666666,0.15129444444444445,914.0,784.0,4948.0
2009-07-21,13.562700000000001,242.522875,2.5005555555555556,0.18520833333333334,0.0,981.0,7795.0
2009-07-22,12.325533333333334,242.07941666666665,2.2625,0.1656111111111111,0.0,681.0,3965.0
2009-07-23,17.166666666666668,241.94331944444446,3.0527777777777776,0.15202083333333333,926.0,622.0,9064.0
2009-07-24,9.362300000000001,241.7508263888889,1.756527777777778,0.14481666666666668,0.0,630.0,4128.0
2009-07-25,8.944799999999999,242.09706944444446,1.6822222222222223,0.1357361111111111,0.0,577.0,3716.0
2009-07-26,9.050266666666666,242.65740277777775,1.7173611111111111,0.16652638888888888,0.0,1019.0,3799.0
2009-07-27,11.4761,242.52809027777778,2.1820833333333334,0.2235763888888889,0.0,2062.0,5202.0
2009-07-28,15.047500000000001,242.22140972222223,2.7680555555555557,0.17553194444444445,0.0,4899.0,4353.0
2009-07-29,15.033333333333333,241.50047222222221,2.711388888888889,0.1287972222222222,869.0,749.0,7549.0
2009-07-30,13.205433333333334,242.4390138888889,2.4106944444444447,0.13764305555555556,0.0,2304.0,4040.0
2009-07-31,16.263833333333334,241.87106250000002,3.002222222222222,0.15850416666666667,865.0,3423.0,6302.0
2009-08-01,11.782766666666667,241.50300694444445,2.207361111111111,0.16851527777777778,0.0,844.0,6248.0
2009-08-02,8.162066666666666,240.94159722222224,1.5684722222222223,0.14270277777777776,0.0,637.0,3539.0
2009-08-03,8.3383,241.92006944444447,1.5655555555555556,0.1370138888888889,0.0,605.0,3811.0
2009-08-04,8.481533333333333,242.27648611111113,1.6094444444444445,0.136375,0.0,607.0,3871.0
2009-08-05,8.644200000000001,242.30757638888886,1.6444444444444444,0.14437083333333334,0.0,620.0,4042.0
2009-08-06,8.877866666666668,241.22875000000002,1.677361111111111,0.14915694444444444,0.0,659.0,4193.0
2009-08-07,8.988266666666668,241.3577986111111,1.6958333333333333,0.1536736111111111,0.0,668.0,4232.0
2009-08-08,8.774533333333332,241.72709722222223,1.6597222222222223,0.14865833333333334,0.0,646.0,4093.0
2009-08-09,16.637233333333334,242.04941666666664,3.057222222222222,0.19744861111111112,1984.0,2380.0,5154.0
2009-08-10,17.822633333333332,241.02849999999998,3.277083333333333,0.20711666666666667,0.0,3719.0,6012.0
2009-08-11,15.849233333333332,241.84149305555556,2.94875,0.21350694444444443,857.0,1467.0,6577.0
2009-08-12,13.7406,241.80827777777776,2.5543055555555556,0.18927222222222223,912.0,689.0,4991.0
2009-08-13,10.600033333333332,241.15112107623318,4.121674140508222,0.1907713004484305,1215.0,3702.0,1769.0
2009-08-14,12.477933333333334,241.1795763888889,2.2831944444444447,0.1675888888888889,429.0,850.0,4647.0
2009-08-15,25.234366666666666,240.8963472222222,4.605833333333333,0.26719583333333335,3437.0,1852.0,8922.0
2009-08-16,20.2952,240.52084722222224,3.7944444444444443,0.2840638888888889,1604.0,1094.0,5691.0
2009-08-17,13.098466666666667,241.22044444444444,2.4170833333333333,0.17462638888888887,1.0,813.0,6261.0
2009-08-18,18.009966666666667,240.8264861111111,3.2581944444444444,0.1713361111111111,2306.0,1440.0,6324.0
2009-08-19,14.679033333333333,241.54156944444443,2.7259722222222225,0.1826347222222222,896.0,812.0,6044.0
2009-08-20,12.9287,241.08561805555553,2.4233333333333333,0.1811736111111111,0.0,883.0,6138.0
2009-08-21,19.362433333333335,240.61175694444444,3.5033333333333334,0.18219583333333336,3043.0,887.0,7527.0
2009-08-22,25.8123,241.1232361111111,4.760694444444444,0.2901625,4544.0,3203.0,8549.0
2009-08-23,17.778466666666667,241.55547222222222,3.330416666666667,0.25821388888888885,949.0,819.0,6994.0
2009-08-24,20.8709,241.06553472222222,3.7718055555555554,0.19798888888888888,2279.0,737.0,8247.0
2009-08-25,15.726833333333333,241.50986111111112,2.889166666666666,0.1922402777777778,1140.0,755.0,6291.0
2009-08-26,18.942433333333334,241.77745833333333,3.4327777777777775,0.18695416666666667,2131.0,1516.0,7860.0
2009-08-27,12.4911,241.638125,2.317638888888889,0.1744486111111111,0.0,664.0,4283.0
2009-08-28,18.647366666666667,240.8744375,3.3722222222222222,0.1714513888888889,1778.0,1125.0,7485.0
2009-08-29,23.140233333333335,240.97532638888887,4.183472222222222,0.2191111111111111,905.0,1483.0,11707.0
2009-08-30,27.8057,241.08125694444445,4.980277777777778,0.204225,2653.0,1363.0,10648.0
2009-08-31,21.092033333333333,238.7429027777778,3.822361111111111,0.15230416666666668,960.0,678.0,9974.0
2009-09-01,16.342266666666667,241.22110416666666,2.9940277777777777,0.15074444444444446,0.0,697.0,6073.0
2009-09-02,20.380233333333333,241.81777083333336,3.6381944444444443,0.14434583333333334,947.0,659.0,9921.0
2009-09-03,20.853133333333336,241.33006944444443,3.762083333333333,0.14822083333333333,3319.0,3099.0,5011.0
2009-09-04,17.07313333333333,242.01287499999998,3.05625,0.12573888888888887,0.0,636.0,8095.0
2009-09-05,25.2311,240.86027777777778,4.530833333333333,0.1875472222222222,2988.0,2248.0,10433.0
2009-09-06,20.47716666666667,241.86031944444443,3.665138888888889,0.15314722222222224,995.0,588.0,9031.0
2009-09-07,20.357633333333336,241.71161805555553,3.6395833333333334,0.139925,2196.0,577.0,8299.0
2009-09-08,18.104233333333333,241.35160416666668,3.2243055555555555,0.13903055555555557,1002.0,577.0,8533.0
2009-09-09,25.355733333333333,241.30850694444445,4.49125,0.15525833333333333,964.0,3832.0,10671.0
2009-09-10,18.539233333333335,241.2289513888889,3.3091666666666666,0.14055,928.0,600.0,6508.0
2009-09-11,20.235766666666667,241.14999305555554,3.565555555555555,0.12734583333333335,0.0,631.0,11693.0
2009-09-12,34.40596666666667,240.70704861111113,6.1425,0.22583055555555556,9583.0,1202.0,12601.0
2009-09-13,26.1938,240.24939583333332,4.688680555555555,0.18839513888888887,4146.0,612.0,10188.5
2009-09-14,26.247633333333333,241.47695833333333,4.6575,0.16643472222222222,2843.0,603.0,9091.0
2009-09-15,24.2801,240.99238194444447,4.285,0.12796944444444444,1769.0,560.0,8644.0
2009-09-16,29.0527,240.23129166666666,5.1497222222222225,0.1373236111111111,1035.0,3470.0,13384.0
2009-09-17,20.39043333333333,241.3606527777778,3.610833333333334,0.11616805555555557,0.0,563.0,9710.0
2009-09-18,22.900533333333332,241.09920138888887,4.038611111111111,0.11750833333333333,1993.0,652.0,9151.0
2009-09-19,35.595166666666664,240.35401388888891,6.259444444444445,0.18298055555555556,1607.0,4050.0,14845.0
2009-09-20,33.922133333333335,241.29544444444446,6.024027777777778,0.20534305555555557,4532.0,2466.0,11935.0
2009-09-21,23.63113333333333,241.2526875,4.20125,0.1487263888888889,921.0,604.0,10844.0
2009-09-22,20.7756,241.18202777777776,3.6991666666666667,0.14392777777777777,937.0,597.0,8502.0
2009-09-23,27.276833333333332,240.74660416666666,4.824722222222222,0.1638638888888889,2085.0,978.0,12884.0
2009-09-24,23.770966666666666,240.38723611111112,4.234999999999999,0.15560833333333332,1051.0,621.0,10374.0
2009-09-25,19.350266666666666,241.42292361111112,3.4836111111111108,0.14437222222222224,0.0,594.0,9694.0
2009-09-26,25.937566666666665,241.17850694444445,4.585277777777778,0.20002916666666665,1943.0,571.0,14581.0
2009-09-27,23.507866666666665,241.22180555555556,4.200555555555556,0.16005833333333333,1817.0,4571.0,8554.0
2009-09-28,21.6576,241.72634027777778,3.795416666666666,0.13416527777777779,0.0,603.0,10797.0
2009-09-29,19.10663333333333,240.8973472222222,3.3938888888888887,0.13880416666666667,1031.0,603.0,7322.0
2009-09-30,29.6078,240.75757638888888,5.235972222222222,0.14768055555555556,970.0,8080.0,9243.0
2009-10-01,21.4542,241.52952083333335,3.7866666666666666,0.1287611111111111,950.0,602.0,9433.0
2009-10-02,19.211133333333333,240.75888194444443,3.386111111111111,0.12719166666666668,0.0,570.0,10142.0
2009-10-03,28.612333333333332,240.63635416666665,5.050416666666667,0.17735833333333334,3644.0,920.0,14480.0
2009-10-04,27.018433333333334,240.6988611111111,4.815138888888889,0.15639583333333335,3189.0,3499.0,8980.0
2009-10-05,21.258699999999997,241.22052083333332,3.698611111111111,0.11218055555555555,984.0,542.0,7983.0
2009-10-06,23.807466666666667,241.18004861111112,4.170972222222222,0.12449722222222223,1.0,543.0,8806.0
2009-10-07,30.3639,241.2119583333333,5.339027777777778,0.14404305555555555,734.0,4334.0,9908.0
2009-10-08,26.286099999999998,241.06977777777777,4.583888888888889,0.12959305555555556,2091.0,619.0,11568.0
2009-10-09,22.531033333333333,240.81015277777777,3.953611111111111,0.13084583333333333,0.0,559.0,10718.0
2009-10-10,33.54593333333334,239.76139583333332,5.927222222222222,0.17751527777777779,4510.0,570.0,14811.0
2009-10-11,32.31451666666667,240.6491597222222,5.744861111111112,0.18676319444444445,4111.0,6454.0,8648.5
2009-10-12,22.526733333333333,240.22382638888888,3.968611111111111,0.10952361111111111,997.0,515.0,9420.0
2009-10-13,24.151666666666664,240.24728472222225,4.249722222222222,0.11485555555555556,983.0,530.0,9530.0
2009-10-14,28.5204,239.7594652777778,5.004583333333334,0.12159027777777778,2001.0,3131.0,10013.0
2009-10-15,24.832933333333333,241.12213194444445,4.324305555555555,0.09696666666666667,1629.0,463.0,9641.0
2009-10-16,25.281,240.24599999999998,4.415138888888889,0.10096111111111113,0.0,482.0,11136.0
2009-10-17,45.70133333333333,238.8905625,8.045555555555556,0.18135555555555555,5490.0,4364.0,18326.0
2009-10-18,25.936066666666665,240.7508402777778,4.500555555555556,0.09905833333333333,712.0,499.0,11144.0
2009-10-19,22.818466666666666,242.26024305555555,3.9530555555555553,0.09330416666666667,1104.0,457.0,8227.0
2009-10-20,28.713466666666665,242.52750694444444,4.975,0.10524861111111111,760.0,450.0,11005.0
2009-10-21,32.8251,242.30701388888886,5.713333333333334,0.13345138888888888,2031.0,5916.0,8569.0
2009-10-22,23.328500000000002,242.4139583333333,4.042361111111111,0.10822916666666667,0.0,492.0,11074.0
2009-10-23,29.290833333333335,241.09628472222224,5.144861111111111,0.1366,3180.0,495.0,11696.0
2009-10-24,43.57346666666667,239.8931875,7.658472222222223,0.1517111111111111,6202.0,518.0,15941.0
2009-10-25,40.10893333333333,239.92554861111108,7.070277777777778,0.16887638888888887,3010.0,6181.0,13691.0
2009-10-26,18.539066666666667,241.53043055555557,3.2391666666666663,0.11126111111111112,475.0,468.0,5788.0
2009-10-27,18.6126,241.2427638888889,3.27,0.12069305555555555,579.0,449.0,8367.0
2009-10-28,21.145133333333334,241.40815277777776,3.6894444444444447,0.1145638888888889,1044.0,463.0,9318.0
2009-10-29,33.024,240.3468611111111,5.853333333333333,0.1748902777777778,765.0,4125.0,5677.0
2009-10-30,24.8893,241.48033333333333,4.352083333333334,0.11703749999999999,1779.0,2005.0,8828.0
2009-10-31,31.2657,240.51906250000002,5.452638888888889,0.11879027777777777,1773.0,2514.0,14637.0
2009-11-01,30.719466666666666,240.92416666666665,5.388333333333334,0.1540986111111111,1970.0,470.0,12215.0
2009-11-02,25.07043333333333,241.28460416666667,4.4006944444444445,0.1181125,1881.0,471.0,7490.0
2009-11-03,37.77813333333334,241.14193055555555,6.631805555555555,0.1678902777777778,2009.0,3951.0,9025.0
2009-11-04,30.029999999999998,242.07813194444446,5.230833333333333,0.11974166666666666,1075.0,4008.0,12246.0
2009-11-05,26.007766666666665,241.6652777777778,4.538611111111111,0.11046111111111111,1105.0,532.0,9868.0
2009-11-06,23.174166666666668,242.56815972222225,4.030972222222222,0.11760694444444446,0.0,442.0,11326.0
2009-11-07,25.95293333333333,241.87858333333332,4.510416666666667,0.13727777777777778,2187.0,408.0,10014.0
2009-11-08,41.80003333333333,243.25039583333333,7.242777777777778,0.1574222222222222,4941.0,2075.0,14871.0
2009-11-09,23.45795,243.57511111111108,4.098958333333333,0.12355416666666667,1126.0,430.0,7639.5
2009-11-10,26.76973333333333,242.50097916666664,4.648194444444444,0.11618194444444443,1118.0,432.0,11788.0
2009-11-11,34.008,242.37135416666666,5.974722222222223,0.15490833333333334,2338.0,5105.0,11214.0
2009-11-12,24.384433333333334,242.2066736111111,4.253333333333334,0.10638750000000001,1486.0,429.0,9403.0
2009-11-13,25.548766666666666,241.23570833333332,4.456388888888889,0.10898055555555555,1856.0,407.0,9178.0
2009-11-14,42.67426666666667,240.22240277777777,7.4534722222222225,0.17072777777777778,4169.0,2411.0,18868.0
2009-11-15,32.788466666666665,240.32536805555557,5.778472222222222,0.14663055555555554,991.0,5278.0,9446.0
2009-11-16,25.241133333333334,241.884875,4.403194444444445,0.1091625,2021.0,545.0,9354.0
2009-11-17,28.471566666666668,242.66059722222224,4.913472222222222,0.11640833333333335,0.0,453.0,11616.0
2009-11-18,43.98623333333333,241.29666666666668,7.685833333333334,0.14158333333333334,6012.0,7655.0,13787.0
2009-11-19,24.5808,242.97506944444442,4.251111111111111,0.10350972222222223,0.0,481.0,10936.0
2009-11-20,32.6836,241.58236805555555,5.692222222222222,0.10140694444444445,843.0,407.0,12816.0
2009-11-21,41.61426666666667,240.62086805555555,7.281111111111111,0.1467388888888889,5694.0,1997.0,12553.0
2009-11-22,40.8496,241.0777013888889,7.193194444444445,0.15460972222222222,6774.0,411.0,16097.0
2009-11-23,24.518700000000003,242.7427152777778,4.236666666666666,0.10301249999999999,0.0,402.0,8230.0
2009-11-24,35.48093333333334,241.9765277777778,6.179861111111111,0.10681944444444444,2491.0,4579.0,9086.0
2009-11-25,33.00216666666667,241.17878472222222,5.770277777777778,0.12185833333333333,745.0,5083.0,10596.0
2009-11-26,26.660433333333334,242.6434652777778,4.61125,0.09829305555555555,2262.0,407.0,10069.0
2009-11-27,23.000433333333334,241.85881944444446,3.9611111111111112,0.09239722222222221,0.0,396.0,11599.0
2009-11-28,30.9825,241.5964513888889,5.4061111111111115,0.15640138888888888,3199.0,386.0,14350.0
2009-11-29,27.516033333333333,243.30872222222223,4.776666666666666,0.13267777777777778,1073.0,3061.0,7828.0
2009-11-30,29.0865,243.76430555555555,5.022361111111111,0.10651527777777778,1080.0,361.0,12039.0
2009-12-01,29.272966666666665,242.63315277777778,5.078333333333333,0.0985236111111111,0.0,354.0,10821.0
2009-12-02,39.09446666666667,241.6693125,6.819722222222222,0.11821527777777777,1143.0,7052.0,12851.0
2009-12-03,24.66146666666667,243.28409722222221,4.293333333333333,0.10084861111111111,1039.0,402.0,9906.0
2009-12-04,28.52156666666667,243.38570138888886,4.985138888888889,0.1272375,1158.0,352.0,9134.0
2009-12-05,39.19603333333334,241.29875694444445,6.922499999999999,0.19035555555555558,3822.0,351.0,13324.0
2009-12-06,39.638133333333336,241.26927083333334,6.983333333333333,0.2027027777777778,2850.0,4175.0,12420.0
2009-12-07,29.043966666666666,242.54359722222225,5.065833333333334,0.11464444444444444,1132.0,358.0,10291.0
2009-12-08,33.44806666666667,243.73107638888888,5.790277777777778,0.12443888888888889,1108.0,350.0,15376.0
2009-12-09,30.039266666666666,242.40731944444443,5.2498611111111115,0.1302736111111111,2054.0,3355.0,7971.0
2009-12-10,34.3194,241.77770833333335,5.97486111111111,0.15531111111111112,2823.0,351.0,15435.0
2009-12-11,29.741033333333334,244.29111805555556,5.130833333333333,0.15251666666666666,1546.0,385.0,11251.0
2009-12-12,30.273000000000003,244.9389513888889,5.2612499999999995,0.17272916666666666,1087.0,4120.0,8198.0
2009-12-13,35.646899999999995,244.4975972222222,6.164861111111111,0.15429861111111112,3984.0,417.0,13178.0
2009-12-14,29.91436666666667,246.1488125,5.122222222222222,0.10554305555555556,1090.0,2280.0,10742.0
2009-12-15,32.33526666666667,246.04318055555555,5.514583333333333,0.11273888888888889,1111.0,392.0,14084.0
2009-12-16,23.2479,247.21586805555555,3.993333333333333,0.10724305555555556,1143.0,2943.0,8104.0
2009-12-17,28.6197,246.89413194444444,4.84125,0.10345138888888888,0.0,308.0,14395.0
2009-12-18,29.078433333333333,246.5948541666667,4.968333333333333,0.1114013888888889,1195.0,304.0,11466.0
2009-12-19,36.738899999999994,245.93454166666666,6.242916666666666,0.09556111111111111,1165.0,2662.0,13681.0
2009-12-20,19.069433333333333,247.43500694444444,3.2444444444444445,0.08479166666666667,1237.0,313.0,7795.0
2009-12-21,33.9161,246.4092152777778,5.778333333333332,0.11940833333333334,3293.0,282.0,11473.0
2009-12-22,31.467033333333333,245.73843749999997,5.365694444444444,0.10650138888888888,0.0,285.0,15829.0
2009-12-23,24.253333333333334,246.87896527777778,4.121388888888889,0.09403888888888888,1143.0,284.0,11205.0
2009-12-24,48.43156666666666,245.83511805555557,8.29361111111111,0.14143055555555556,5184.0,5575.0,15198.0
2009-12-25,35.4608,243.58829861111113,6.127638888888888,0.1336,3371.0,3895.0,14288.0
2009-12-26,36.393633333333334,242.46571527777778,6.30638888888889,0.111725,1186.0,4294.0,16047.0
2009-12-27,36.59086666666666,242.66604166666664,6.364722222222222,0.1438638888888889,4218.0,318.0,12450.0
2009-12-28,34.90163333333333,243.77761111111113,6.033333333333333,0.12615833333333334,2175.0,2063.0,14934.0
2009-12-29,34.1328,243.18301388888887,5.912638888888889,0.1680902777777778,1260.0,346.0,10205.0
2009-12-30,40.85183333333334,241.05222916666668,7.168472222222222,0.1852736111111111,5284.0,4539.0,12484.0
2009-12-31,36.864866666666664,240.95881944444446,6.401666666666666,0.12959166666666666,0.0,387.0,19409.0
2010-01-01,20.4042,242.56572222222223,3.537083333333333,0.11481666666666668,2304.0,327.0,3558.0
2010-01-02,21.863583333333334,244.67208333333332,3.8197916666666667,0.1386486111111111,801.0,298.0,6441.5
2010-01-03,34.72423333333334,243.74452777777776,6.044166666666667,0.1330625,3842.0,4920.0,10074.0
2010-01-04,26.735533333333333,245.69911805555554,4.599444444444444,0.10861388888888888,0.0,292.0,10812.0
2010-01-05,36.99633333333334,244.5210347222222,6.347083333333333,0.10342777777777779,1785.0,293.0,16468.0
2010-01-06,29.619666666666667,245.2348125,5.112083333333333,0.10561111111111111,1731.0,3256.0,11359.0
2010-01-07,29.4907,244.90856250000002,5.069722222222222,0.07987777777777778,1198.0,255.0,12936.0
2010-01-08,29.953466666666667,244.4048125,5.151388888888889,0.11095833333333334,0.0,994.0,12531.0
2010-01-09,38.94833333333334,243.8697361111111,6.733472222222223,0.13847222222222222,2781.0,4855.0,14734.0
2010-01-10,41.807766666666666,243.84061805555555,7.226388888888889,0.15775694444444446,3564.0,2032.0,14108.0
2010-01-11,25.3114,246.0691111111111,4.335138888888889,0.10847638888888889,1251.0,340.0,10279.0
2010-01-12,23.037504259850905,244.3700029501591,6.01614340455062,0.14590136411332635,670.8306709265175,3607.8306709265175,10697.891373801916
2010-01-14,12.158262406815762,243.63929382262126,8.499484177271672,0.21503351955307262,1891.1693290734825,85.16932907348243,1904.1086261980831
2010-01-15,36.61266666666667,243.72576388888888,6.335,0.15159027777777778,1957.0,2952.0,13546.0
2010-01-16,35.8352,243.0452361111111,6.219722222222222,0.1684152777777778,2605.0,2415.0,13652.0
2010-01-17,31.775933333333334,242.54300694444444,5.521527777777778,0.13124027777777778,1992.0,298.0,15044.0
2010-01-18,31.351633333333332,243.63636805555555,5.4215277777777775,0.133175,617.0,295.0,12981.0
2010-01-19,40.55846666666666,243.02311111111112,7.004583333333334,0.11232916666666666,2044.0,653.0,19311.0
2010-01-20,39.19546666666667,242.76043750000002,6.810694444444445,0.13879166666666667,2317.0,3341.0,14563.0
2010-01-21,35.63093333333333,242.95125,6.161944444444445,0.12876388888888887,894.0,449.0,16451.0
2010-01-22,29.843766666666667,241.8501736111111,5.183194444444444,0.10892916666666667,699.0,352.0,14512.0
2010-01-23,43.52568333333333,240.82820833333332,7.6688888888888895,0.18099583333333336,3154.0,4086.0,16039.0
2010-01-24,37.82366666666667,241.74617361111112,6.605138888888889,0.12169305555555555,3496.0,2760.0,11046.0
2010-01-25,32.17516666666667,242.8986111111111,5.55,0.1025513888888889,1368.0,455.0,16136.0
2010-01-26,34.459399999999995,243.33947916666665,5.903472222222222,0.09092361111111112,526.0,395.0,16243.0
2010-01-27,46.015033333333335,241.98610416666665,7.990138888888889,0.10330694444444445,2044.0,6403.0,18154.0
2010-01-28,35.170566666666666,243.2490347222222,6.0633333333333335,0.11008333333333334,2032.0,504.0,14987.0
2010-01-29,34.88316666666666,243.63280555555554,5.978611111111111,0.1025513888888889,1488.0,851.0,18061.0
2010-01-30,47.3788,242.07939583333334,8.307222222222222,0.16388611111111112,3240.0,7544.0,17891.0
2010-01-31,29.9866,243.40263888888887,5.202222222222222,0.11910833333333333,1715.0,1380.0,12569.0
2010-02-01,28.229633333333332,243.63174305555557,4.857777777777778,0.08665555555555556,1111.0,367.0,14623.0
2010-02-02,35.95719999999999,243.33281944444445,6.148333333333333,0.0910888888888889,0.0,382.0,21536.0
2010-02-03,48.38356666666667,242.3880763888889,8.37,0.1275638888888889,2234.0,8423.0,21130.0
2010-02-04,38.6045,242.10079166666668,6.643888888888889,0.09850555555555557,1074.0,532.0,23743.0
2010-02-05,34.98153333333333,241.94126388888887,6.075416666666667,0.09929027777777778,902.0,474.0,18008.0
2010-02-06,45.216433333333335,241.09206944444446,7.933194444444444,0.20598194444444443,4324.0,2209.0,17857.0
2010-02-07,27.095133333333333,242.68447222222224,4.726805555555556,0.11282361111111111,2736.0,3837.0,5546.0
2010-02-08,43.037299999999995,241.99677777777777,7.4075,0.09704861111111111,1161.0,431.0,19764.0
2010-02-09,40.348866666666666,243.1503680555556,6.920138888888889,0.09702222222222222,1214.0,410.0,19769.0
2010-02-10,32.46706666666667,242.44686458333334,5.615138888888889,0.09837083333333332,1219.0,2976.0,12230.5
2010-02-11,22.82946666666667,244.51238194444446,3.9073611111111113,0.08621527777777778,0.0,330.0,9916.0
2010-02-12,31.549966666666666,243.62629166666665,5.408055555555555,0.09186250000000001,1241.0,312.0,15211.0
2010-02-13,39.1926,242.88909027777777,6.744027777777777,0.1005513888888889,1838.0,5292.0,18710.0
2010-02-14,28.141666666666666,243.14075,4.832569444444444,0.08665555555555556,1224.5,319.5,13190.5
2010-02-15,34.9522,243.44677777777775,6.042361111111111,0.09115972222222223,3468.0,332.0,16065.0
2010-02-16,29.962600000000002,243.75376388888887,5.148333333333333,0.08305972222222222,1945.0,317.0,12820.0
2010-02-17,34.242666666666665,242.34681944444444,5.94125,0.08302777777777778,2294.0,6636.0,10101.0
2010-02-18,29.3526,243.58819444444444,5.038194444444445,0.09722222222222222,965.0,385.0,14884.0
2010-02-19,32.559533333333334,241.70740277777776,5.654166666666667,0.09385416666666667,2124.0,397.0,14543.0
2010-02-20,33.062133333333335,241.78896527777778,5.745555555555556,0.10503333333333333,3748.0,382.0,14470.0
2010-02-21,45.6719,240.625375,8.038333333333334,0.11629027777777777,5905.0,8142.0,17083.0
2010-02-22,24.56726666666667,240.57949305555553,4.315,0.11154444444444445,1393.0,2167.0,10159.0
2010-02-23,24.354666666666667,241.98468055555557,4.254583333333334,0.11670694444444443,0.0,3001.0,8806.0
2010-02-24,31.904633333333333,241.4657986111111,5.523055555555556,0.10425555555555556,2260.0,1682.0,14315.0
2010-02-25,31.33673333333333,240.98316666666668,5.405833333333333,0.09088750000000001,0.0,474.0,15120.0
2010-02-26,35.33593333333333,240.42563194444443,6.139305555555556,0.09674305555555555,1146.0,2454.0,14821.0
2010-02-27,29.4176,241.54445833333335,5.150833333333333,0.1058263888888889,3743.0,441.0,14358.0
2010-02-28,11.8611,242.56746527777779,2.06125,0.09310277777777778,0.0,487.0,2952.0
2010-03-01,21.645466666666668,241.82277777777776,3.7577777777777777,0.09033055555555555,1785.0,471.0,7115.0
2010-03-02,12.781766666666668,241.75205555555556,2.2255555555555557,0.09471944444444444,0.0,424.0,3605.0
2010-03-03,15.597233333333332,241.2114375,2.7330555555555556,0.08398194444444444,0.0,425.0,7221.0
2010-03-04,11.381333333333334,242.9922916666667,2.0072222222222225,0.08746805555555555,0.0,436.0,2928.0
2010-03-05,18.895433333333337,243.4863125,3.26625,0.09403888888888888,1108.0,351.0,5918.0
2010-03-06,13.2452,243.03125694444446,2.3066666666666666,0.09691527777777777,0.0,419.0,3970.0
2010-03-07,22.874533333333332,243.55174305555556,3.966666666666667,0.09301944444444445,0.0,4674.0,3679.0
2010-03-08,42.6183,243.77458333333334,7.424444444444445,0.17523472222222222,4214.0,7645.0,15971.0
2010-03-09,29.3352,243.52749999999997,5.080694444444444,0.11672083333333333,846.0,397.0,10893.0
2010-03-10,30.377200000000002,243.56579166666666,5.196944444444445,0.09048472222222223,1167.0,375.0,14916.0
2010-03-11,32.518166666666666,242.68144444444445,5.639444444444445,0.105825,2071.0,320.0,15706.0
2010-03-12,27.423733333333335,243.0135347222222,4.722222222222222,0.10327083333333334,1691.0,411.0,14076.0
2010-03-13,39.71683333333333,241.99693750000003,6.905,0.1842791666666667,2848.0,5534.0,17973.0
2010-03-14,26.1119,241.9863125,4.594861111111111,0.13932777777777777,3464.0,918.0,7101.0
2010-03-15,29.864166666666666,242.29575,5.178333333333334,0.11410555555555556,778.0,436.0,15053.0
2010-03-16,25.710833333333333,241.5400763888889,4.460972222222223,0.11648333333333333,0.0,457.0,10083.0
2010-03-17,33.485499999999995,241.64133333333334,5.8277777777777775,0.12899166666666667,1136.0,5851.0,13105.0
2010-03-18,26.0447,241.5022638888889,4.547361111111111,0.11542638888888888,1147.0,570.0,10845.0
2010-03-19,27.723066666666668,241.42446527777776,4.8059722222222225,0.13158194444444446,0.0,596.0,12591.0
2010-03-20,2.6290234714003944,242.54209248601765,2.3024215773688903,0.13171814460565778,0.0,85.0,1028.0976331360946
2010-03-21,16.46254319526627,240.5991762027648,6.1505035233601815,0.16069941523516582,1670.0,2867.0,3680.902366863905
2010-03-22,26.976499999999998,241.35879166666666,4.687083333333333,0.11913611111111112,1142.0,557.0,13859.0
2010-03-23,30.369366666666668,241.1662986111111,5.370416666666666,0.12960694444444446,2892.0,1153.0,13107.0
2010-03-24,33.245866666666664,240.72467361111114,5.801944444444444,0.14552638888888889,1075.0,5832.0,12817.0
2010-03-25,27.998066666666666,242.26515277777779,4.843194444444444,0.12969305555555558,0.0,611.0,13797.0
2010-03-26,27.521400000000003,241.50402777777776,4.79875,0.14297361111111112,1078.0,682.0,12547.0
2010-03-27,30.799500000000002,240.41256944444442,5.393472222222223,0.13548055555555558,1067.0,3080.0,12483.0
2010-03-28,29.970233333333333,241.37355555555555,5.323888888888889,0.18085277777777778,1083.0,7895.0,7118.0
2010-03-29,27.045633333333335,241.52158333333335,4.726388888888889,0.14380694444444445,0.0,636.0,15420.0
2010-03-30,31.77423333333333,241.08461805555555,5.636527777777778,0.19494305555555558,1760.0,571.0,13765.0
2010-03-31,32.06336666666667,240.1941736111111,5.662916666666667,0.13998472222222222,1067.0,6313.0,12041.0
2010-04-01,28.124000000000002,241.75415972222223,4.879027777777778,0.10032222222222222,1780.0,517.0,14393.0
2010-04-02,27.477033333333335,242.77352083333332,4.733472222222222,0.10618472222222222,0.0,483.0,13074.0
2010-04-03,30.087966666666667,243.24993055555558,5.170972222222222,0.14350694444444445,1778.0,648.0,17694.0
2010-04-04,28.173133333333332,241.74743055555555,4.925694444444445,0.16595555555555555,1097.0,831.0,12687.0
2010-04-05,18.647,243.6551458333333,3.26875,0.11487499999999999,1755.0,1436.0,5503.0
2010-04-06,30.430866666666667,242.74411111111112,5.258888888888889,0.11848194444444445,1154.0,613.0,12476.0
2010-04-07,26.616366666666668,241.83122916666665,4.645416666666667,0.12814305555555555,1077.0,3440.0,11362.0
2010-04-08,27.487000000000002,241.99483333333333,4.759027777777778,0.11468194444444445,145.0,669.0,13322.0
2010-04-09,20.555833333333332,242.58288194444444,3.570555555555556,0.11283472222222223,1088.0,566.0,10595.0
2010-04-10,19.8368,241.28286111111112,3.48625,0.12466666666666668,1044.0,960.0,8933.0
2010-04-11,26.719683333333332,241.4909097222222,4.733819444444444,0.12155625,5499.0,554.0,8851.0
2010-04-12,23.990433333333332,242.00644444444447,4.164305555555556,0.10953472222222221,660.0,611.0,11949.0
2010-04-13,25.21173333333333,241.735125,4.392222222222222,0.11884722222222222,1097.0,646.0,13033.0
2010-04-14,27.672733333333333,241.3756111111111,4.8469444444444445,0.12444305555555556,1132.0,5871.0,9194.0
2010-04-15,31.20296666666667,240.8521875,5.425416666666667,0.11620555555555556,2526.0,658.0,15667.0
2010-04-16,26.034366666666664,241.99183333333332,4.550694444444445,0.11831944444444444,2837.0,592.0,12623.0
2010-04-17,25.961866666666666,241.30517361111112,4.548055555555555,0.10407083333333333,553.0,3124.0,12571.0
2010-04-18,24.601766666666666,240.68122916666664,4.280833333333333,0.10293888888888889,1104.0,618.0,12550.0
2010-04-19,28.476566666666667,241.25981944444445,4.962916666666667,0.11555833333333333,1230.0,4255.0,13474.0
2010-04-20,30.560466666666667,240.77724999999998,5.33125,0.12215416666666666,1388.0,719.0,16668.0
2010-04-21,26.3319,241.93004166666668,4.556111111111111,0.11000416666666667,0.0,635.0,12902.0
2010-04-22,24.3484,240.74602083333335,4.2659722222222225,0.12961805555555556,1062.0,653.0,12492.0
2010-04-23,19.6756,241.61291666666665,3.435277777777778,0.12303055555555555,0.0,623.0,10981.0
2010-04-24,25.306966666666664,241.51611805555558,4.585416666666666,0.21308194444444445,4445.0,1483.0,8223.0
2010-04-25,25.712366666666664,240.66157638888888,4.521527777777778,0.16596527777777778,0.0,2350.0,7595.0
2010-04-26,18.045266666666667,241.23138194444445,3.169166666666667,0.11556944444444443,1038.0,460.0,7635.0
2010-04-27,20.849,242.07596527777778,3.6158333333333337,0.11269444444444444,0.0,545.0,8539.0
2010-04-28,14.4643,242.51982638888887,2.551111111111111,0.1268638888888889,0.0,578.0,6035.0
2010-04-29,18.3954,242.2791736111111,3.1961111111111107,0.12063472222222223,12.0,679.0,8102.0
2010-04-30,18.6438,241.81767361111113,3.3229166666666665,0.14471805555555556,2695.0,659.0,6969.0
2010-05-01,22.002633333333332,240.64716666666666,3.9298611111111112,0.13369722222222222,1984.0,4885.0,6751.0
2010-05-02,36.46516666666666,240.38825,6.422499999999999,0.1624861111111111,1858.0,7966.0,14454.0
2010-05-03,23.5217,237.18724305555557,4.158888888888889,0.10638333333333334,980.0,534.0,11825.0
2010-05-04,25.282666666666668,236.03702777777778,4.5025,0.10711111111111112,0.0,1018.0,12007.0
2010-05-05,30.088466666666665,236.10560416666667,5.365138888888889,0.08972222222222222,2969.0,2194.0,12183.0
2010-05-06,21.654166666666665,235.98911111111113,3.8222222222222224,0.08243333333333334,0.0,301.0,10280.0
2010-05-07,27.400066666666664,237.49589583333335,4.8156944444444445,0.10080833333333332,1053.0,332.0,13602.0
2010-05-08,25.557033333333333,241.89702083333336,4.485277777777778,0.12029305555555556,3569.0,2435.0,10158.0
2010-05-09,26.1085,241.40132638888886,4.638472222222222,0.14262777777777777,2888.0,2636.0,9945.0
2010-05-10,24.46486666666667,240.99840972222225,4.260138888888889,0.10020694444444445,0.0,403.0,12893.0
2010-05-11,26.189466666666664,242.3830763888889,4.54375,0.1057638888888889,1156.0,345.0,11418.0
2010-05-12,33.923633333333335,241.716625,5.8902777777777775,0.11097083333333334,1036.0,4434.0,16362.0
2010-05-13,25.903133333333336,242.96012847222224,4.479722222222223,0.10701458333333333,2124.5,1477.0,10527.5
2010-05-14,28.70243333333333,242.06722916666666,4.981944444444444,0.11103055555555555,1045.0,334.0,16764.0
2010-05-15,32.412866666666666,242.10271527777775,5.709305555555555,0.16176666666666667,3347.0,336.0,13670.0
2010-05-16,35.0071,240.97365277777777,6.154444444444445,0.11415416666666667,3361.0,3922.0,11888.0
2010-05-17,27.136366666666667,241.36027083333332,4.723194444444444,0.10234444444444445,1014.0,367.0,15344.0
2010-05-18,23.6864,241.520875,4.118333333333333,0.10392499999999999,0.0,370.0,11677.0
2010-05-19,23.7792,241.60104166666667,4.1762500000000005,0.10503749999999999,2122.0,659.0,9864.0
2010-05-20,19.23163333333333,242.45078472222224,3.3552777777777782,0.09662499999999999,0.0,369.0,10101.0
2010-05-21,21.573266666666665,241.75904861111113,3.7977777777777777,0.11645416666666666,1073.0,381.0,10113.0
2010-05-22,34.92953333333333,239.55310416666666,6.156527777777778,0.14770694444444446,2278.0,2441.0,17454.0
2010-05-23,24.7926,240.69034722222221,4.398055555555556,0.1757638888888889,864.0,416.0,9541.0
2010-05-24,22.355533333333334,241.03509722222222,3.971111111111111,0.15836111111111112,1875.0,2467.0,7746.0
2010-05-25,19.9771,240.2630486111111,3.5909722222222222,0.1415736111111111,474.0,451.0,10439.0
2010-05-26,23.1314,239.54319444444445,4.185,0.16778472222222224,914.0,4500.0,8530.0
2010-05-27,22.0557,239.92095138888888,3.91125,0.13599722222222224,932.0,443.0,10669.0
2010-05-28,23.302733333333332,240.0395763888889,4.099027777777778,0.11282638888888889,1020.0,413.0,11616.0
2010-05-29,34.163466666666665,240.20170833333336,6.040555555555556,0.1427861111111111,4057.0,400.0,16635.0
2010-05-30,27.761666666666667,240.46701388888889,4.902083333333334,0.12284166666666667,2405.0,2976.0,9708.0
2010-05-31,22.341033333333332,240.69020833333335,3.9730555555555553,0.10130138888888889,1710.0,2171.0,10461.0
2010-06-01,21.1494,240.5402777777778,3.7181944444444444,0.09511805555555555,970.0,400.0,11858.0
2010-06-02,16.348300000000002,240.33645833333333,2.9158333333333335,0.08974861111111111,0.0,656.0,8454.0
2010-06-03,23.23643333333333,240.24450694444445,4.154166666666667,0.11391388888888888,2916.0,451.0,12304.0
2010-06-04,23.675900000000002,240.27963888888888,4.203333333333333,0.12864166666666665,1695.0,397.0,12517.0
2010-06-05,33.49406666666667,241.10038194444445,6.095138888888889,0.20415972222222223,10932.0,1253.0,12223.0
2010-06-06,29.1132,241.42161805555557,5.288194444444445,0.2022125,7609.0,574.0,11365.0
2010-06-07,16.868033333333333,242.33104861111113,3.0329166666666665,0.12785416666666669,1821.0,488.0,6737.0
2010-06-08,22.700566666666667,241.07685416666666,4.03375,0.13773194444444445,1513.0,821.0,11374.0
2010-06-09,25.578033333333334,241.18673611111112,4.544722222222222,0.1267597222222222,2774.0,4269.0,8255.0
2010-06-10,20.25316666666667,241.69444444444446,3.591527777777778,0.12029583333333334,0.0,474.0,10870.0
2010-06-11,24.5112,241.45329166666667,4.4125,0.15178472222222222,3439.0,468.0,11728.0
2010-06-12,32.907783333333334,240.35415972222222,5.8475,0.18871180555555556,2705.0,3659.0,16200.0
2010-06-13,27.905933333333333,241.20292361111112,5.06,0.17619166666666666,4922.0,2516.0,9096.0
2010-06-14,20.299733333333332,241.61683333333332,3.61375,0.12405555555555554,958.0,473.0,10336.0
2010-06-15,20.39943333333333,240.9032986111111,3.622916666666667,0.12437222222222223,0.0,488.0,10144.0
2010-06-16,29.468200000000003,240.75138194444443,5.18375,0.12713750000000001,1875.0,4999.0,10336.0
2010-06-17,17.133633333333332,240.42709027777778,3.0509722222222218,0.11685277777777778,0.0,488.0,8510.0
2010-06-18,22.205266666666667,240.52340972222223,3.945972222222222,0.11904027777777779,977.0,454.0,11977.0
2010-06-19,23.603666666666665,241.7036388888889,4.214166666666666,0.14639444444444444,2385.0,1803.0,9554.0
2010-06-20,27.875833333333333,240.30783333333335,4.924444444444444,0.10005555555555556,1021.0,4195.0,12337.0
2010-06-21,27.681500000000003,240.95399305555554,4.947638888888889,0.11783333333333333,3824.0,3525.0,11179.0
2010-06-22,25.343133333333334,240.6849236111111,4.581666666666667,0.14544027777777777,968.0,6176.0,9230.0
2010-06-23,24.0344,239.99858333333336,4.383194444444444,0.20589027777777777,5740.0,1500.0,10188.0
2010-06-24,18.262999999999998,240.80948611111108,3.274583333333333,0.1602652777777778,973.0,883.0,8090.0
2010-06-25,18.323966666666667,240.5305486111111,3.3211111111111107,0.1518986111111111,0.0,689.0,10466.0
2010-06-26,16.360333333333333,241.4948611111111,3.002638888888889,0.20450694444444445,921.0,1221.0,7939.0
2010-06-27,18.999399999999998,239.94747916666665,3.4852777777777777,0.21160416666666665,2665.0,764.0,7690.0
2010-06-28,24.522333333333332,240.4290138888889,4.3725,0.1950611111111111,0.0,809.0,12516.0
2010-06-29,22.80905,240.34065625,4.162638888888889,0.22447916666666667,1746.0,1984.0,8263.0
2010-06-30,23.068933333333334,240.61095833333334,4.09375,0.16568611111111112,398.0,806.0,5214.0
2010-07-01,22.483366666666665,239.31421527777775,4.051944444444445,0.20031388888888887,877.0,921.0,7438.0
2010-07-02,19.01546666666667,239.63011805555556,3.495,0.20645694444444446,822.0,932.0,6337.0
2010-07-03,18.6679,241.33627777777778,3.42125,0.21868472222222224,0.0,968.0,6151.0
2010-07-04,25.6348,240.33446527777778,4.561805555555556,0.19454583333333333,860.0,804.0,6597.0
2010-07-05,18.5665,241.18256250000002,3.3313888888888887,0.16239305555555555,841.0,837.0,6913.0
2010-07-06,16.765566666666665,240.5297013888889,3.0056944444444444,0.1335361111111111,0.0,771.0,8451.0
2010-07-07,13.913133333333333,240.6574513888889,2.5466666666666664,0.14551111111111112,879.0,760.0,5762.0
2010-07-08,20.210866666666668,240.304125,3.6294444444444443,0.17145416666666666,857.0,1350.0,8459.0
2010-07-09,18.05796666666667,240.79250694444445,3.3231944444444443,0.21810694444444445,0.0,625.0,5356.0
2010-07-10,19.241733333333332,240.06252083333337,3.510277777777778,0.1953347222222222,907.0,1240.0,8921.0
2010-07-11,19.89286666666667,239.7739513888889,3.6480555555555556,0.21015555555555557,848.0,594.0,7781.0
2010-07-12,18.492900000000002,240.2186458333333,3.397222222222222,0.19854999999999998,1724.0,646.0,6444.0
2010-07-13,23.035233333333334,240.49479166666666,4.2404166666666665,0.19980694444444444,2273.0,2826.0,7894.0
2010-07-14,23.4912,240.34191666666666,4.260555555555555,0.17255555555555555,1064.0,598.0,7575.0
2010-07-15,27.263550000000002,240.36691666666667,4.791944444444444,0.13355833333333333,1108.0,2179.0,8203.5
2010-07-16,13.6676,241.15434722222224,2.4870833333333335,0.13661666666666666,0.0,568.0,3854.0
2010-07-17,13.4392,241.18420833333334,2.424166666666667,0.1259375,0.0,541.0,6094.0
2010-07-18,13.533966666666666,241.45020138888887,2.417638888888889,0.11800694444444446,0.0,498.0,3943.0
2010-07-19,13.352633333333333,241.84955555555555,2.395,0.13367916666666665,0.0,549.0,6105.0
2010-07-20,14.263733333333333,241.6489861111111,2.5684722222222223,0.15170833333333333,9.0,550.0,5178.0
2010-07-21,17.7361,241.72080555555556,3.204861111111111,0.1696152777777778,2030.0,585.0,6178.0
2010-07-22,19.407433333333334,241.1897847222222,3.5011111111111113,0.21616944444444444,0.0,2151.0,5604.0
2010-07-23,19.602633333333333,239.8829166666667,3.5233333333333334,0.1981111111111111,897.0,2106.0,8295.0
2010-07-24,15.361133333333333,240.29686805555554,2.786111111111111,0.1985097222222222,0.0,2096.0,3892.0
2010-07-25,18.84016666666667,240.27947916666668,3.3686111111111114,0.17928194444444445,0.0,3732.0,7549.0
2010-07-26,14.735833333333334,240.93763194444443,2.658333333333333,0.1235138888888889,0.0,2246.0,4147.0
2010-07-27,15.872666666666667,239.63009722222225,2.8269444444444445,0.12134027777777777,907.0,523.0,4042.0
2010-07-28,14.377566666666667,240.30625694444444,2.583472222222222,0.1269902777777778,801.0,544.0,7232.0
2010-07-29,9.151733333333334,240.3845347222222,1.6897222222222221,0.12310138888888889,0.0,537.0,4158.0
2010-07-30,9.187666666666667,240.04908333333333,1.695138888888889,0.1200375,0.0,534.0,4087.0
2010-07-31,9.243599999999999,239.68085416666665,1.7159722222222222,0.12620138888888888,0.0,548.0,4272.0
2010-08-01,9.261066666666666,239.80130555555556,1.7205555555555554,0.12811805555555555,0.0,558.0,4263.0
2010-08-02,9.158033333333332,240.89735416666667,1.7008333333333332,0.12725277777777777,0.0,536.0,4191.0
2010-08-03,10.253533333333333,241.5017013888889,1.8530555555555557,0.12299722222222222,0.0,527.0,4096.0
2010-08-04,9.055933333333334,241.39795138888888,1.6722222222222223,0.12460555555555555,0.0,532.0,4116.0
2010-08-05,8.891266666666667,241.8593888888889,1.6345833333333335,0.12061111111111111,0.0,517.0,4013.0
2010-08-06,8.745766666666666,240.9532361111111,1.6036111111111109,0.11429444444444445,0.0,507.0,3947.0
2010-08-07,8.791266666666667,241.32504861111113,1.6180555555555556,0.11668472222222223,0.0,520.0,3968.0
2010-08-08,8.807666666666668,240.7344652777778,1.6234722222222224,0.11673055555555556,0.0,526.0,3958.0
2010-08-09,8.917733333333333,241.06926388888888,1.6384722222222223,0.11909166666666667,0.0,515.0,4042.0
2010-08-10,9.0793,241.95466666666664,1.6648611111111111,0.12625555555555554,0.0,525.0,4141.0
2010-08-11,9.033366666666666,240.54286805555554,1.6716666666666666,0.12226666666666666,0.0,542.0,4118.0
2010-08-12,8.8283,240.79493055555557,1.6237499999999998,0.11742916666666668,0.0,514.0,3982.0
2010-08-13,8.9049,240.99115972222222,1.6345833333333335,0.11495694444444446,0.0,508.0,4097.0
2010-08-14,9.237833333333333,241.165875,1.683472222222222,0.11146527777777777,0.0,512.0,4471.0
2010-08-15,17.599766666666667,241.686625,3.161388888888889,0.14359027777777778,0.0,4361.0,5282.0
2010-08-16,18.828833333333332,241.07695833333335,3.4175,0.12848333333333334,1530.0,463.0,7328.0
2010-08-17,17.20830315483603,240.9138349633152,3.315542195837722,0.10469450604107516,940.0,741.5064342050644,5548.0
2010-08-22,2.210696845163968,242.77759518159107,2.7342132882194914,0.17206539157405015,0.0,173.49356579493565,360.0
2010-08-23,12.760966666666667,242.0454236111111,2.3279166666666664,0.14360833333333334,0.0,565.0,6106.0
2010-08-24,12.049133333333334,241.6081597222222,2.254861111111111,0.12184583333333333,0.0,541.0,5712.0
2010-08-25,16.340133333333334,241.11630555555556,2.9448611111111114,0.11189722222222223,969.0,522.0,8959.0
2010-08-26,12.620866666666666,241.8138125,2.3005555555555555,0.12367638888888889,0.0,538.0,5078.0
2010-08-27,33.844166666666666,240.85945833333332,5.994027777777777,0.21133194444444442,930.0,7583.0,12707.0
2010-08-28,24.0476,242.56586111111113,4.281805555555556,0.16493333333333332,2086.0,549.0,12983.0
2010-08-29,27.808,241.00794444444443,4.937777777777778,0.13312083333333333,3005.0,534.0,13095.0
2010-08-30,24.913366666666665,241.37439583333332,4.3825,0.12545555555555557,940.0,1470.0,11790.0
2010-08-31,22.751766666666665,241.19238888888887,4.103472222222222,0.11698611111111111,2099.0,1723.0,7958.0
2010-09-01,26.5553,241.26284027777777,4.691666666666666,0.12512500000000001,1947.0,1194.0,13990.0
2010-09-02,23.208199999999998,240.94371527777778,4.08875,0.11827222222222224,929.0,500.0,11785.0
2010-09-03,22.44023333333333,240.5336736111111,3.9734722222222225,0.11708055555555556,940.0,523.0,9747.0
2010-09-04,29.064,241.10194444444443,5.173472222222222,0.15140555555555554,2605.0,734.0,13241.0
2010-09-05,22.0503,242.14060416666663,3.96375,0.12986805555555556,1609.0,2732.0,7471.0
2010-09-06,23.7146,241.84175,4.206944444444445,0.11194722222222223,3164.0,532.0,10174.0
2010-09-07,24.197566666666667,241.2751597222222,4.307083333333333,0.11664027777777777,1929.0,922.0,11829.0
2010-09-08,21.7302,240.98400694444442,3.8720833333333333,0.11887638888888888,1.0,495.0,7478.0
2010-09-09,20.645233333333334,240.6032152777778,3.701666666666666,0.11663472222222222,1813.0,2128.0,7016.0
2010-09-10,22.135133333333332,241.8182013888889,3.921527777777778,0.138925,966.0,654.0,10773.0
2010-09-11,24.3885,241.67075,4.311944444444444,0.16363194444444445,930.0,1427.0,8996.0
2010-09-12,26.8682,241.61972222222224,4.755694444444444,0.13983194444444444,1805.0,2080.0,8891.0
2010-09-13,17.938666666666666,241.15527083333336,3.241111111111111,0.13180416666666667,1301.0,798.0,6710.0
2010-09-14,23.844633333333334,240.94131944444445,4.237361111111111,0.13680833333333334,1874.0,2705.0,10270.0
2010-09-15,16.434900000000003,241.29677777777778,2.9531944444444447,0.15247083333333333,0.0,898.0,6018.0
2010-09-16,22.328966666666666,240.41177083333335,3.9340277777777777,0.11899305555555555,1038.0,739.0,10310.0
2010-09-17,24.96013333333333,240.814875,4.427777777777778,0.13655694444444444,1954.0,5496.0,9727.0
2010-09-18,20.7991,241.55907638888888,3.662361111111111,0.11248472222222222,982.0,754.0,11779.0
2010-09-19,15.326666666666666,241.71130555555558,2.7115277777777775,0.10236527777777778,0.0,1307.0,5156.0
2010-09-20,28.0472,241.4937361111111,4.985972222222222,0.13556527777777777,3323.0,766.0,13262.0
2010-09-21,18.522933333333334,240.91864583333333,3.311527777777778,0.12480138888888889,0.0,679.0,7969.0
2010-09-22,25.173233333333332,240.65502777777778,4.468055555555556,0.13078472222222223,2472.0,1167.0,11768.0
2010-09-23,24.16436666666667,240.7245,4.227777777777778,0.11454027777777777,1021.0,755.0,12002.0
2010-09-24,22.1332,240.58872222222223,3.923611111111111,0.12865,1739.0,773.0,8666.0
2010-09-25,1.925530316914853,241.0956645692084,1.6811290672115413,0.10603794000185754,0.0,150.0,961.9392898052691
2010-09-28,10.165669683085147,239.33231494960899,7.3526968187475035,0.07451518662665756,944.0,181.0,1976.0607101947307
2010-09-29,28.073766666666664,241.22340972222224,4.879166666666666,0.0968125,1579.0,648.0,13047.0
2010-09-30,20.804633333333335,242.30779166666665,3.6041666666666665,0.10641388888888888,0.0,771.0,7988.0
2010-10-01,25.080333333333332,240.80197916666665,4.372638888888889,0.10957222222222221,1752.0,724.0,11307.0
2010-10-02,32.05423333333333,240.70345833333332,5.584305555555555,0.11533750000000001,3972.0,741.0,13532.0
2010-10-03,30.5114,241.93284027777776,5.398472222222223,0.14084305555555554,5000.0,2564.0,7738.0
2010-10-04,29.599333333333334,240.62145833333335,5.197916666666667,0.13026666666666667,1709.0,722.0,8252.0
2010-10-05,30.9104,239.91899999999998,5.422083333333333,0.14766805555555557,0.0,3012.0,12037.0
2010-10-06,21.924266666666664,241.27625,3.815555555555555,0.09761666666666667,1016.0,527.0,8055.0
2010-10-07,30.1659,241.60523611111108,5.287638888888889,0.12506666666666666,2159.0,543.0,12666.0
2010-10-08,25.174266666666664,240.98219444444445,4.433472222222222,0.13931666666666667,964.0,710.0,9927.0
2010-10-09,26.863,240.1984375,4.740972222222222,0.1764027777777778,959.0,1585.0,13132.0
2010-10-10,33.31506666666667,240.3423472222222,5.9181944444444445,0.22739305555555558,3325.0,773.0,10297.0
2010-10-11,27.043166666666664,239.92619444444443,4.820416666666667,0.18647916666666664,1007.0,5006.0,8734.0
2010-10-12,26.3282,240.26067361111112,4.681388888888889,0.11824166666666666,1104.0,780.0,9812.0
2010-10-13,34.564766666666664,240.79931944444445,6.015833333333333,0.11989166666666667,1988.0,611.0,16593.0
2010-10-14,35.585366666666665,240.90321527777778,6.261111111111111,0.1499611111111111,2583.0,2441.0,14239.0
2010-10-15,26.6054,240.7949444444444,4.6883333333333335,0.13995833333333332,712.0,827.0,10786.0
2010-10-16,16.666900000000002,241.91749305555555,2.936111111111111,0.11662361111111111,0.0,645.0,7656.0
2010-10-17,17.456366666666668,242.2758263888889,3.0640277777777776,0.12881527777777776,995.0,666.0,4681.0
2010-10-18,45.2314,241.81618055555555,7.903333333333332,0.1813777777777778,2234.0,10218.0,16382.0
2010-10-19,32.09963333333334,241.9127847222222,5.6530555555555555,0.15247916666666667,1025.0,4110.0,9461.0
2010-10-20,28.7994,242.248125,5.033611111111111,0.11289166666666667,2154.0,690.0,10330.0
2010-10-21,22.586633333333335,243.47242361111108,3.9468055555555552,0.12599583333333333,755.0,691.0,6757.0
2010-10-22,27.814866666666667,242.79820138888888,4.783194444444445,0.10314027777777778,1106.0,478.0,12697.0
2010-10-23,38.2206,242.24353472222222,6.689722222222223,0.14799444444444443,3737.0,3883.0,13465.0
2010-10-24,39.87173333333333,243.02140972222224,6.971180555555556,0.18716597222222223,1982.0,7563.0,13237.5
2010-10-25,19.388199999999998,242.40615277777778,3.3922222222222222,0.11064444444444445,0.0,541.0,6748.0
2010-10-26,15.765066666666666,244.89095833333332,2.7504166666666667,0.1203236111111111,0.0,2488.0,4989.0
2010-10-27,21.004633333333334,246.1087083333333,3.622916666666667,0.10682777777777777,0.0,2058.0,8269.0
2010-10-28,24.388766666666665,246.25389583333333,4.200138888888889,0.1300277777777778,1103.0,2627.0,9087.0
2010-10-29,20.0737,245.74310416666668,3.5119444444444445,0.13591666666666666,1075.0,726.0,3911.0
2010-10-30,35.87833333333333,243.26736805555555,6.229027777777778,0.1356388888888889,2353.0,614.0,15303.0
2010-10-31,24.607166666666668,245.49527777777777,4.235138888888889,0.1445013888888889,1430.0,678.0,5589.0
2010-11-01,23.053,246.37959722222223,3.937638888888889,0.12992083333333335,0.0,634.0,8746.0
2010-11-02,19.851366666666667,245.78691666666666,3.4218055555555553,0.1295277777777778,0.0,574.0,5784.0
2010-11-03,21.554966666666665,244.27853472222225,3.7595833333333335,0.12240555555555556,1021.0,1108.0,6529.0
2010-11-04,42.58576666666667,243.15222916666667,7.4961111111111105,0.17530416666666665,6029.0,11193.0,10286.0
2010-11-05,28.9348,243.77503472222222,5.053333333333334,0.12534583333333332,0.0,790.0,12610.0
2010-11-06,30.09013333333333,238.43022222222223,5.345138888888889,0.13469305555555555,3255.0,680.0,9803.0
2010-11-07,27.896933333333333,238.4364861111111,4.965972222222222,0.12151111111111111,1026.0,621.0,6943.0
2010-11-08,30.425666666666665,237.7430625,5.373194444444445,0.10115,1087.0,555.0,13038.0
2010-11-09,33.701633333333334,237.78809027777777,5.985972222222221,0.10740972222222221,2097.0,583.0,12500.0
2010-11-10,32.442233333333334,239.08477083333335,5.716666666666667,0.10657777777777779,1026.0,5858.0,13308.0
2010-11-11,29.559866666666668,238.72870833333334,5.2555555555555555,0.1056861111111111,3424.0,2216.0,6259.0
2010-11-12,30.613699999999998,238.83789583333333,5.434861111111111,0.10496111111111112,2054.0,489.0,10308.0
2010-11-13,33.719566666666665,239.33274305555557,5.919583333333334,0.112625,1051.0,589.0,13853.0
2010-11-14,33.9732,239.2797986111111,6.032361111111111,0.14145416666666666,5344.0,549.0,8758.0
2010-11-15,29.123033333333336,239.54924305555554,5.125694444444444,0.08799722222222221,1075.0,4222.0,8918.0
2010-11-16,25.162466666666667,241.19761111111112,4.403611111111111,0.0927763888888889,0.0,478.0,7949.0
2010-11-17,26.3672,241.45224305555556,4.63125,0.09855277777777778,1153.0,491.0,8915.0
2010-11-18,27.535866666666667,241.01675,4.876944444444445,0.14319166666666666,2175.0,489.0,9449.0
2010-11-19,26.173333333333336,240.04675694444447,4.5784722222222225,0.08536666666666666,0.0,483.0,11914.0
2010-11-20,36.61676666666666,240.60833333333332,6.472361111111112,0.10678333333333333,4367.0,2947.0,11433.0
2010-11-21,15.015166666666666,241.18019444444442,2.6379166666666665,0.08307222222222221,0.0,506.0,4778.0
2010-11-22,34.025600000000004,240.19711805555553,6.014166666666666,0.09885694444444446,4855.0,2110.0,10136.0
2010-11-23,26.292266666666666,240.57552777777778,4.674444444444444,0.09545138888888888,1871.0,458.0,7611.0
2010-11-24,29.93746666666667,240.0309652777778,5.249583333333333,0.09198611111111112,1096.0,2848.0,12224.0
2010-11-25,23.852733333333333,241.53625694444446,4.169444444444444,0.08064444444444445,1076.0,426.0,5072.0
2010-11-26,24.801733333333335,240.2910292953286,4.9562945368171025,0.09566587490102929,1080.0,385.0,9989.0
