datetime,energy_kwh,avg_voltage,avg_intensity,avg_reactive_power,sub_metering_1,sub_metering_2,sub_metering_3,year,month,day,day_of_week,day_of_year,week_of_year,quarter,is_weekend,season,lag_1,lag_2,lag_3,lag_7,lag_14,lag_21,lag_30,rolling_mean_3,rolling_std_3,rolling_mean_7,rolling_std_7,rolling_mean_14,rolling_std_14,rolling_mean_30,rolling_std_30,ewm_7,ewm_30,anomaly_prediction,anomaly_score,cluster
2023-01-15,35.811299999999996,241.2409097222222,6.261527777777778,0.1214305555555555,1099.0,2239.0,15163.0,2023,1,15,6,15,2,1,1,0,50.183816666666665,53.113566666666664,24.354933333333335,37.356,45.81673333333333,45.718666666666664,20.152933333333333,42.55077222222223,15.825999918438836,38.52273095238095,10.10767372232066,37.072160714285715,12.040742585477313,40.537456111111105,14.388488925019598,41.33039301142472,40.05574217186369,1,0.1523243376663389,0
2023-01-16,28.106733333333334,241.9447569444445,4.975972222222222,0.1287694444444444,2063.0,644.0,6583.0,2023,1,16,0,16,3,1,0,0,35.811299999999996,50.183816666666665,53.113566666666664,31.1509,21.153933333333335,65.5685,56.507666666666665,46.3695611111111,9.260319488733971,38.302059523809525,10.154146394453196,36.357486904761906,11.775805915328164,41.059401666666666,13.899224439585138,39.95043493171987,39.74224684746645,1,0.1624430924253382,0
2023-01-17,47.46146666666667,241.00525,8.283888888888889,0.1394111111111111,3500.0,5737.0,16064.0,2023,1,17,1,17,3,1,0,0,28.106733333333334,35.811299999999996,50.183816666666665,35.913333333333334,16.9009,25.479333333333333,36.73043333333333,38.03395,11.205111864395247,37.86717857142857,10.5682060721136,36.85411547619048,11.218730212622532,40.11270388888889,13.777418287766611,36.98921207010369,38.890801517015056,1,0.0923593059069544,0
2023-01-18,30.3577,240.89359722222224,5.3425,0.1234111111111111,0.0,336.0,13491.0,2023,1,18,2,18,3,1,0,0,47.46146666666667,28.106733333333334,35.811299999999996,37.58656666666666,54.32353333333333,34.54396666666666,27.7699,37.1265,9.744164350066717,39.516911904761905,11.100325744756136,39.037013095238095,9.93770327053769,40.470405,13.825796034091692,39.6074729772389,39.51258733641167,1,0.1312265863168631,0
2023-01-19,24.674,240.16094444444445,4.37625,0.1180916666666666,2103.0,330.0,7172.0,2023,1,19,3,19,3,1,0,0,30.3577,47.46146666666667,28.106733333333334,24.354933333333335,45.22273333333333,52.90653333333333,37.0958,35.30863333333334,10.584669633694023,38.48421666666666,11.633307810139945,37.32516785714286,9.133540382564387,40.556664999999995,13.751698572009532,37.29489906212074,38.85370939887638,1,0.122623110738975,0
2023-01-20,52.22886666666667,238.8674722222222,9.348055555555556,0.1655291666666666,4324.0,5222.0,11440.0,2023,1,20,4,20,3,1,0,0,24.674,30.3577,47.46146666666667,53.113566666666664,25.139633333333332,46.7056,28.618566666666663,34.16438888888889,11.861084246126223,38.52979761904761,11.569168776946947,35.85740119047619,9.413574653450636,40.142605,14.04341210784574,34.139540577650365,37.84074521684102,1,0.0394364294308555,0
2023-01-21,56.7877,238.9681180555556,10.190694444444444,0.1595388888888888,10346.0,5567.0,11599.0,2023,1,21,5,21,3,1,1,0,52.22886666666667,24.674,30.3577,50.183816666666665,40.79366666666667,58.2366,39.0223,35.75352222222222,14.548327819540456,38.40341190476191,11.386690745724586,37.79234642857143,9.816540953472575,40.929615000000005,14.036894740421932,38.66201584124213,38.861532518886534,1,0.0135036113957207,0
2023-01-22,36.34156666666667,241.60313194444444,6.355277777777778,0.1171125,1054.0,2983.0,11361.0,2023,1,22,6,22,3,1,1,0,56.7877,52.22886666666667,24.674,35.811299999999996,37.356,45.81673333333333,79.55643333333335,44.563522222222225,17.374998158603685,39.34682380952381,12.720811603383773,38.934777380952376,11.046341709725327,41.521795,14.325427958273533,43.19354490275778,40.125205984645895,1,0.1059003733740475,0
2023-01-23,29.627333333333336,242.76255555555556,5.260833333333333,0.0960277777777777,0.0,1064.0,5061.0,2023,1,23,0,23,4,1,0,0,36.34156666666667,56.7877,52.22886666666667,28.106733333333334,31.1509,21.153933333333335,42.5002,48.452711111111114,10.73338740360776,39.42257619047619,12.697806634855905,38.862317857142855,11.060812133272188,40.08129944444444,12.414214500840671,41.48051971763072,39.86006977026004,1,0.1213236001571009,0
2023-01-24,49.79756666666666,241.45769444444448,8.733611111111111,0.1236527777777777,3464.0,2480.0,11744.0,2023,1,24,1,24,4,1,0,0,29.627333333333336,36.34156666666667,56.7877,47.46146666666667,35.913333333333334,16.9009,45.718666666666664,40.918866666666666,14.146912590188863,39.63980476190476,12.483148142691457,38.75349166666667,11.149658550995756,39.65220388888888,12.549460170000264,38.51718338683081,39.14698054944293,1,0.0319791984090511,0
2023-01-25,26.605733333333333,243.42436111111112,4.629305555555556,0.1001111111111111,1158.0,262.0,11239.0,2023,1,25,2,25,4,1,0,0,49.79756666666666,29.627333333333336,36.34156666666667,30.3577,37.58656666666666,54.32353333333333,65.5685,38.58882222222223,10.27118281062405,39.97353333333334,12.75536510623406,39.74522261904762,11.489892497153187,39.78816722222222,12.639226570363492,41.33730756760876,39.885370326483155,1,0.1000967782480858,0
2023-01-26,26.9662,242.77179166666667,4.721388888888889,0.0992374999999999,1163.0,261.0,8238.0,2023,1,26,3,26,4,1,0,0,26.605733333333333,49.79756666666666,29.627333333333336,24.674,24.354933333333335,45.22273333333333,25.479333333333333,35.34354444444445,12.608393451997363,39.4375380952381,13.294226966611802,38.96087738095239,12.011541896740932,38.48940833333333,11.877679975150173,37.65438623083085,38.96912162515002,1,0.103360426216446,0
2023-01-27,34.06786666666667,241.6165694444444,5.949861111111111,0.1029458333333333,1170.0,3896.0,12374.0,2023,1,27,4,27,4,1,0,0,26.9662,26.605733333333333,49.79756666666666,52.22886666666667,53.113566666666664,25.139633333333332,34.54396666666666,34.4565,13.286975912816937,39.76499523809524,12.89211932003465,39.147396428571426,11.785435720421145,38.53897055555556,11.82450371130608,34.98232455772677,38.14465576461247,1,0.1029499676933687,0
2023-01-28,51.54041666666667,240.30152083333337,9.133888888888889,0.1066861111111111,3466.0,3997.5,12061.0,2023,1,28,5,28,4,1,1,0,34.06786666666667,26.9662,26.605733333333333,56.7877,50.183816666666665,40.79366666666667,52.90653333333333,29.21326666666667,4.208068431530574,37.170566666666666,11.741892302476757,37.78698928571429,11.130319788495356,38.52310055555555,11.830368447854935,34.75370911503287,37.86578976333947,1,0.0564479906648081,0
2023-01-29,33.0444,240.9295972222222,5.788888888888889,0.1150666666666666,1123.0,294.0,15254.0,2023,1,29,6,29,4,1,1,0,51.54041666666667,34.06786666666667,26.9662,36.34156666666667,35.811299999999996,37.356,46.7056,37.52482777777778,12.646579232656958,36.42095476190476,10.36789477030072,37.88388928571429,11.25179036281723,38.477563333333336,11.775597329974769,38.950399356668655,38.79755797000204,1,0.1841528026347243,0
2023-01-30,28.4633,241.840875,5.028194444444445,0.1256486111111111,1123.0,1424.0,8149.0,2023,1,30,0,30,5,1,0,0,33.0444,51.54041666666667,34.06786666666667,29.627333333333336,28.106733333333334,31.1509,58.2366,39.55089444444445,10.395833460685807,35.94993095238095,10.446699856850184,37.686253571428566,11.315117235653766,38.02219,11.71040476359686,37.47389599386343,38.40696144180936,1,0.1862846287232069,0
2023-01-31,39.39586666666666,239.92113194444445,6.923611111111111,0.1291583333333333,0.0,5950.0,15052.0,2023,1,31,1,31,5,1,0,0,28.4633,33.0444,51.54041666666667,49.79756666666666,47.46146666666667,35.913333333333334,45.81673333333333,37.682705555555565,12.217763184468714,35.78364047619048,10.572622365510384,37.71172261904762,11.292274411196402,37.029746666666675,11.188164166959956,35.22124296347281,37.734132722715216,1,0.1557415311540796,0
2023-02-01,30.412666666666667,240.3921388888889,5.3325000000000005,0.10435,1170.0,386.0,13145.0,2023,2,1,2,32,5,1,0,0,39.39586666666666,28.4633,33.0444,26.605733333333333,30.3577,37.58656666666666,21.153933333333335,33.63452222222222,5.4901217343650845,34.29768333333333,8.868329723124607,37.13560833333333,10.957375888509228,36.81571777777778,11.07511756549168,36.2649002902686,37.84621957977005,1,0.2190856715927863,0
2023-02-02,27.7956,240.3343888888889,4.870833333333334,0.0969041666666666,0.0,356.0,11338.0,2023,2,2,3,33,5,1,0,0,30.412666666666667,39.39586666666666,28.4633,26.9662,24.674,24.354933333333335,16.9009,32.75727777777778,5.8312223784586354,34.84153095238095,8.423582972196806,37.13953452380952,10.954769983807946,37.124342222222225,10.747796476183495,34.80184041136812,37.34628107995134,1,0.2152871978560247,0
2023-02-03,67.16203333333334,238.91019444444444,11.81597222222222,0.1707111111111111,4746.0,4573.0,17834.0,2023,2,3,4,34,5,1,0,0,27.7956,30.412666666666667,39.39586666666666,34.06786666666667,52.22886666666667,53.113566666666664,54.32353333333333,32.534711111111115,6.084311888175387,34.96001666666667,8.299262355391049,37.36250595238095,10.710578322334989,37.487498888888894,10.211589218927184,33.050278985929864,36.705710578523295,1,0.0132432581509359,0
2023-02-04,59.93233333333333,239.63333333333333,10.565416666666668,0.1295097222222222,3391.0,4597.0,14472.0,2023,2,4,5,35,5,1,1,0,67.16203333333334,27.7956,30.412666666666667,51.54041666666667,56.7877,50.183816666666665,45.22273333333333,41.79010000000001,22.01166759443222,39.68775476190477,14.679804308182993,38.42916071428572,12.837412158012382,37.91544888888889,11.165914542454004,41.578222402339776,38.743231390250784,-1,-0.047189802346102,0
2023-02-05,27.421333333333333,240.8103125,4.820416666666667,0.1022416666666666,896.0,2564.0,7849.0,2023,2,5,6,36,5,1,1,0,59.93233333333333,67.16203333333334,27.7956,33.0444,36.34156666666667,35.811299999999996,25.139633333333332,51.629988888888896,20.955326549653005,40.8866,16.08455099948971,38.65377738095238,13.205573103263044,38.40576888888889,11.802667967131471,46.16675208402596,40.15740643714744,1,0.024505461474426,0
2023-02-06,21.224666666666668,241.26415972222225,3.7719444444444448,0.0990041666666666,1185.0,405.0,4517.0,2023,2,6,0,37,6,1,0,0,27.421333333333333,59.93233333333333,67.16203333333334,28.4633,29.627333333333336,28.106733333333334,40.79366666666667,51.50523333333334,21.16820303970083,40.08330476190476,16.671197757503467,38.01661785714286,13.536761804820504,38.48182555555555,11.721304059096004,41.48039590348625,39.30927897467243,-1,-0.0033673855725365,0
2023-02-07,38.8003,241.14969444444444,6.791666666666667,0.1234083333333333,3299.0,3513.0,11986.0,2023,2,7,1,38,6,1,0,0,21.224666666666668,27.421333333333333,59.93233333333333,39.39586666666666,49.79756666666666,47.46146666666667,37.356,36.192777777777785,20.7912131181883,39.04921428571429,17.704572509046795,37.416427380952385,14.111417340197054,37.82952555555555,12.125749406518691,36.416462384421806,38.10747414045514,1,0.0016200591068867,0
2023-02-08,30.023566666666667,241.7973055555555,5.248333333333334,0.0964555555555555,2226.0,366.0,10157.0,2023,2,8,2,39,6,1,0,0,38.8003,21.224666666666668,27.421333333333333,30.412666666666667,26.605733333333333,30.3577,31.1509,29.14876666666667,8.914243726069934,38.964133333333336,17.70406001193784,36.63090833333333,13.668327292053032,37.8776688888889,12.126671665176517,37.01242189510498,38.15342649836043,1,0.0133510337620711,0
2023-02-09,27.003300000000003,241.74044444444445,4.727222222222222,0.1097680555555555,0.0,3045.0,9770.0,2023,2,9,3,40,6,1,0,0,30.023566666666667,38.8003,21.224666666666668,27.7956,26.9662,24.674,35.913333333333334,30.016177777777784,8.787818996412199,38.908547619047624,17.735966129151006,36.875039285714294,13.505040807410117,37.84009111111111,12.149959477619335,35.26520785318594,37.61517968262474,1,0.0107578698084269,0
2023-02-10,47.15546666666667,240.0368263888889,8.303749999999999,0.1340097222222222,5071.0,2831.0,14405.0,2023,2,10,4,41,6,1,0,0,27.003300000000003,30.023566666666667,38.8003,67.16203333333334,34.06786666666667,52.22886666666667,37.58656666666666,31.942388888888896,6.128108296233818,38.79536190476191,17.821029741348024,36.87768928571428,13.502950378307816,37.54309,12.306574217532674,33.199730681703635,36.913793225076326,-1,-0.0292078207728341,0
2023-02-11,59.52046666666667,239.5061458333333,10.526805555555557,0.1418847222222222,2430.0,4765.0,13114.0,2023,2,11,5,42,6,1,1,0,47.15546666666667,27.003300000000003,30.023566666666667,59.93233333333333,51.54041666666667,56.7877,24.354933333333335,34.72744444444445,10.868408574923969,35.93728095238095,13.62337160197514,37.81251785714286,13.744337682445082,37.86205333333333,12.431113727809883,36.68866494168974,37.58964438418738,-1,-0.0111078044971619,0
2023-02-12,31.2935,240.09850000000003,5.503472222222222,0.0949333333333333,2227.0,399.0,11517.0,2023,2,12,6,43,6,1,1,0,59.52046666666667,47.15546666666667,27.003300000000003,27.421333333333333,33.0444,36.34156666666667,53.113566666666664,44.55974444444445,16.41325264529086,35.87844285714286,13.50282315574968,38.38252142857143,14.502041811335078,39.03423777777778,12.76696863160034,42.39661569655258,39.03473572656225,1,0.1333080765292569,0
2023-02-13,23.575766666666667,241.16685416666667,4.14375,0.0935263888888888,0.0,2828.0,6256.0,2023,2,13,0,44,7,1,0,0,31.2935,59.52046666666667,47.15546666666667,21.224666666666668,28.4633,29.627333333333336,50.183816666666665,45.98981111111112,14.149539796612656,36.43160952380952,13.173929083803335,38.25745714285715,14.55905619944284,38.30690222222223,12.557028753319791,39.62083665438252,38.52534263927051,1,0.1188781668856329,0
2023-02-14,41.644533333333335,240.3753888888889,7.315138888888888,0.1406291666666666,3295.0,3793.0,11579.0,2023,2,14,1,45,7,1,0,0,23.575766666666667,31.2935,59.52046666666667,38.8003,39.39586666666666,49.79756666666666,35.811299999999996,38.12991111111111,18.922414015727277,36.76748095238095,12.74458291603342,37.90834761904762,14.867309940076929,37.419967222222226,12.628697218210718,35.60956902952797,37.542886205856774,1,0.1072284482107974,0
2023-02-15,33.0891,240.66922222222223,5.820277777777778,0.1152527777777777,0.0,2363.0,14028.0,2023,2,15,2,46,7,1,0,0,41.644533333333335,23.575766666666667,31.2935,30.023566666666667,30.412666666666667,26.605733333333333,28.106733333333334,32.171266666666675,9.066307845779562,37.17379999999999,12.864965233071882,38.06896666666667,14.896734167601,37.61440833333334,12.647966631824511,37.11831014156639,37.812114725019974,1,0.1428294815004361,0
2023-02-16,28.375466666666668,240.8209444444444,5.0465277777777775,0.1053375,1148.0,859.0,8689.0,2023,2,16,3,47,7,1,0,0,33.0891,41.644533333333335,23.575766666666667,27.003300000000003,27.7956,26.9662,47.46146666666667,32.76980000000001,9.038614195832826,37.61173333333334,12.631049183306637,38.26014047619048,14.807829097509746,37.78048722222222,12.551158489404978,36.11100758810479,37.50244793571643,1,0.1461864310804302,0
2023-02-17,34.615199999999994,239.31603472222224,6.129166666666666,0.16595,1765.0,2226.0,7157.0,2023,2,17,4,48,7,1,0,0,28.375466666666668,33.0891,41.644533333333335,47.15546666666667,67.16203333333334,34.06786666666667,30.3577,34.36970000000001,6.7265879033214615,37.80775714285714,12.448301140044276,38.30155952380953,14.777086173093776,37.144287222222225,12.527220484299562,34.17712233172628,36.90466020537115,1,0.1404982017987611,0
2023-02-18,63.82936666666667,239.17080555555555,11.238888888888887,0.1774458333333333,6107.0,8003.0,13129.0,2023,2,18,5,49,7,1,1,0,34.615199999999994,28.375466666666668,33.0891,59.52046666666667,59.93233333333333,51.54041666666667,24.674,32.02658888888889,3.2527319922955904,36.01629047619048,11.762287799600678,35.97678571428572,12.22767308288178,37.286203888888885,12.471679151180648,34.286641749899836,36.754854876800174,-1,-0.0093067651423173,0
2023-02-19,36.44356666666667,239.78958333333333,6.442222222222222,0.1226277777777777,1634.0,2900.0,13085.0,2023,2,19,6,50,7,1,1,0,63.82936666666667,34.615199999999994,28.375466666666668,31.2935,27.421333333333333,33.0444,52.22886666666667,42.273344444444454,18.926968551553124,36.63184761904762,13.219789586671686,36.25514523809524,12.843798518295335,38.59138277777778,13.137348299596598,41.67232303498651,38.524788426059054,1,0.1286808604256045,0
2023-02-20,52.4988,239.86544444444445,9.168472222222222,0.1299708333333333,2058.0,5191.0,9713.0,2023,2,20,0,51,8,1,0,0,36.44356666666667,63.82936666666667,34.615199999999994,23.575766666666667,21.224666666666668,28.4633,56.7877,44.96271111111111,16.36455774092063,37.36757142857143,13.014898437580266,36.89959047619048,12.590307686955477,38.06520611111111,12.886017523273988,40.36513393548693,38.38884980927203,1,0.0336985822625527,0
2023-02-21,34.5479,240.46096527777777,6.0744444444444445,0.1318541666666666,3527.0,2332.0,11548.0,2023,2,21,1,52,8,1,0,0,52.4988,36.44356666666667,63.82936666666667,41.644533333333335,38.8003,39.39586666666666,36.34156666666667,50.92391111111112,13.76065829345596,41.499433333333336,12.487058019761474,39.13345714285715,12.36768704459588,37.92224277777778,12.693492332664771,43.39855046452848,39.30972846795174,1,0.0836541801053898,0
2023-02-22,56.290333333333336,238.62018055555555,9.880277777777778,0.0959333333333333,1409.0,4165.0,12285.0,2023,2,22,2,53,8,1,0,0,34.5479,52.4988,36.44356666666667,33.0891,30.023566666666667,30.412666666666667,29.627333333333336,41.16342222222222,9.862376998040626,40.48562857142857,12.758447325471298,38.82971428571428,12.428566912043026,37.86245388888889,12.705413034933963,41.18588784133187,38.999182575968305,-1,-0.0177291133827119,0
2023-02-23,21.891333333333332,240.68596527777777,3.825416666666667,0.1037111111111111,0.0,503.0,10786.0,2023,2,23,3,54,8,1,0,0,56.290333333333336,34.5479,52.4988,28.375466666666668,27.003300000000003,27.7956,49.79756666666666,47.77901111111112,11.614243719690474,43.80009047619048,13.508320415069784,40.7059119047619,12.967841638483549,38.751220555555555,13.037704520670356,44.96199922337439,40.12604846578087,1,0.0413225487156966,0
2023-02-24,11.915366666666667,239.86310416666663,2.0858333333333334,0.0848625,0.0,363.0,3562.0,2023,2,24,4,55,8,1,0,0,21.891333333333332,56.290333333333336,34.5479,34.615199999999994,47.15546666666667,67.16203333333334,26.605733333333333,37.57652222222223,17.398339422878934,42.87378571428571,14.893604102169824,40.34077142857143,13.446486889648163,37.82101277777778,13.216689912856372,39.19433274050583,38.9384670331732,-1,-0.0184990537963894,1
2023-02-25,8.362333333333334,241.6815486111111,1.462222222222222,0.0789833333333333,0.0,329.0,1660.0,2023,2,25,5,56,8,1,1,0,11.915366666666667,21.891333333333332,56.290333333333336,63.82936666666667,59.52046666666667,59.93233333333333,26.9662,30.032344444444448,23.280710107304937,39.63095238095239,18.918792925934564,37.82362142857143,15.250127547336067,37.33133388888889,13.90097034608069,32.374591212860224,37.17959535551722,-1,-0.0506717293092688,1
2023-02-26,9.474733333333337,241.27359027777777,1.658888888888889,0.0751944444444444,0.0,331.0,2830.0,2023,2,26,6,57,8,1,1,0,8.362333333333334,11.915366666666667,21.891333333333332,36.44356666666667,31.2935,27.421333333333333,34.06786666666667,14.056344444444449,7.014007387628265,31.707090476190476,18.709064315852576,34.169469047619046,15.771536828071788,36.711205,14.767278036724647,26.37152673691416,35.30501727734954,-1,-0.0275481473565601,1
2023-02-27,8.6352,242.94427083333332,1.5245833333333334,0.0786138888888888,0.0,314.0,1924.0,2023,2,27,0,58,9,1,0,0,9.474733333333337,8.362333333333334,11.915366666666667,52.4988,23.575766666666667,21.224666666666668,51.54041666666667,9.917477777777783,1.8174235745305976,27.8544,20.281828712485257,32.61098571428572,17.099690619741967,35.89143388888889,15.579362928932255,22.147328382818465,33.62564115199506,-1,-0.0253696495604188,1
2023-02-28,8.679566666666666,242.15959027777777,1.5284722222222222,0.0787305555555555,0.0,340.0,1973.0,2023,2,28,1,59,9,1,0,0,8.6352,9.474733333333337,8.362333333333334,34.5479,41.644533333333335,38.8003,33.0444,8.824088888888895,0.5797565862149483,21.58817142857143,18.052180428089702,31.543802380952386,18.141434182180973,34.46126,16.05532421318399,18.769296285194308,32.001679481263075,-1,-0.0105283274208225,1
2023-03-01,8.626066666666667,241.3214027777778,1.508888888888889,0.0747416666666666,0.0,316.0,1980.0,2023,3,1,2,60,9,1,0,1,8.679566666666666,8.6352,9.474733333333337,56.290333333333336,33.0891,30.023566666666667,28.4633,8.92983333333334,0.4724183609663431,17.89269523809524,17.59909567555087,29.189161904761903,18.85486900723459,33.649098888888894,16.73147939631029,16.246863879487382,30.486839023687427,-1,-0.0119927050646185,1
2023-03-02,8.5948,240.59159722222225,1.5068055555555555,0.0743111111111111,0.0,340.0,1969.0,2023,3,2,3,61,9,1,0,1,8.626066666666667,8.679566666666666,8.6352,21.891333333333332,28.375466666666668,27.003300000000003,39.39586666666666,8.646944444444449,0.0286183766457356,11.083514285714283,4.92114804822375,27.441802380952385,19.58505074125455,32.98785777777778,17.3249591910284,14.341664575673231,29.06753697379658,1,0.1191742335130214,1
2023-03-03,13.652033333333332,241.28808333333336,2.401111111111111,0.0937444444444444,0.0,347.0,4597.0,2023,3,3,4,62,9,1,0,1,8.5948,8.626066666666667,8.679566666666666,11.915366666666667,34.615199999999994,47.15546666666667,30.412666666666667,8.633477777777783,0.0428665413898351,9.184009523809523,1.2539342434624463,26.02889761904762,20.21586264947162,31.961155555555553,17.837201810464233,12.904948431410505,27.738895296005904,1,0.0619297427803842,1
2023-03-04,34.845,240.0297986111111,6.158194444444444,0.1220013888888888,1476.0,8711.0,9408.0,2023,3,4,5,63,9,1,1,1,13.652033333333332,8.5948,8.626066666666667,8.362333333333334,63.82936666666667,59.52046666666667,27.7956,10.290966666666671,2.910811099065817,9.432104761904762,1.893241167594292,24.53152857142857,20.30711682499705,31.40246777777778,18.147166076949997,13.091719656924791,26.825033822711415,1,0.02802306847607,1
2023-03-05,44.33886666666667,240.03090972222225,7.840277777777778,0.1430249999999999,5727.0,12109.0,10026.0,2023,3,5,6,64,9,1,1,1,34.845,13.652033333333332,8.5948,9.474733333333337,36.44356666666667,31.2935,67.16203333333334,19.030611111111117,13.927134457371473,13.215342857142856,9.712421366376118,22.46121666666667,17.2380791658366,31.637447777777776,18.14449144775351,18.53003974342693,27.345129865016588,1,0.0282941930142917,0
2023-03-06,20.775,240.98806944444445,3.695694444444445,0.1292694444444444,0.0,1740.0,4700.0,2023,3,6,0,65,10,1,0,1,44.33886666666667,34.845,13.652033333333332,8.6352,52.4988,23.575766666666667,59.93233333333333,30.945300000000003,15.710702723762688,18.195933333333333,14.98345964199627,23.025166666666667,17.849026598808056,30.87667555555555,17.0490379531437,24.982246474889408,28.446808326781163,1,0.0561494674608256,1
2023-03-07,39.58676666666667,240.3235625,6.935,0.1188888888888888,1076.0,4761.0,15513.0,2023,3,7,1,66,10,1,0,1,20.775,44.33886666666667,34.845,8.679566666666666,34.5479,41.644533333333335,27.421333333333333,33.31962222222223,11.8557596169463,19.93019047619048,14.38294594996177,20.75918095238095,15.704294531167609,29.57143111111111,16.226971871082387,23.93043485608727,27.949611812316736,1,0.0323498867601429,0
2023-03-08,26.2022,240.66542361111112,4.665138888888889,0.1301416666666666,2180.0,3385.0,6655.0,2023,3,8,2,67,10,1,0,1,39.58676666666667,20.775,44.33886666666667,8.626066666666667,56.290333333333336,33.0891,21.224666666666668,34.90021111111111,12.461412652769043,24.345504761904767,15.080640210405948,21.1191,16.097441015325405,29.976945555555556,16.323111005394868,27.844517808954784,28.70357526512087,1,0.0805006193238804,0
2023-03-09,21.2102,240.88846527777775,3.73125,0.0828041666666666,1093.0,345.0,8631.0,2023,3,9,3,68,10,1,0,1,26.2022,39.58676666666667,20.775,8.5948,21.891333333333332,28.375466666666668,38.8003,28.854655555555563,9.682317988783772,26.856380952380952,13.396326258867388,18.96994761904762,12.688023311450737,30.14286333333333,16.256240277600842,27.433938356698572,28.541557103810316,1,0.1220565983292616,1
2023-03-10,41.41186666666667,239.80283333333335,7.341944444444445,0.1691166666666666,4130.0,5422.0,10979.0,2023,3,10,4,69,10,1,0,1,21.2102,26.2022,39.58676666666667,13.652033333333332,11.915366666666667,34.615199999999994,30.023566666666667,28.99972222222223,9.502323323876189,28.658580952380955,11.19842168931845,18.92129523809524,12.677260865439475,29.55652666666667,16.250435150586036,25.87800376747414,28.066814428965255,1,0.1242163298320295,0
2023-03-11,58.0106,240.00729166666667,10.12152777777778,0.1203986111111111,4810.0,3420.0,9500.0,2023,3,11,5,70,10,1,1,1,41.41186666666667,21.2102,26.2022,34.845,8.362333333333334,63.82936666666667,27.003300000000003,29.608088888888897,10.522684703552144,32.624271428571426,9.830147577627503,21.028188095238097,13.822682202508927,29.936136666666663,16.39410163328269,29.761469492365475,28.930768012255083,1,0.0375609306914987,0
2023-03-12,32.51113333333333,240.55871527777776,5.728472222222222,0.0933486111111111,1403.0,2841.0,12353.0,2023,3,12,6,71,10,1,1,1,58.0106,41.41186666666667,21.2102,44.33886666666667,9.474733333333337,36.44356666666667,47.15546666666667,40.210888888888896,18.429571909217984,35.93364285714286,13.80012848110767,24.574492857142857,16.443544656873556,30.969713333333335,17.162264159441104,36.82375211940123,30.81296457491174,1,0.1244419224564304,0
2023-03-13,21.5024,240.8979652777778,3.805694444444444,0.0879986111111111,1350.0,3859.0,5323.0,2023,3,13,0,72,11,1,0,1,32.51113333333333,58.0106,41.41186666666667,20.775,8.6352,52.4988,59.52046666666667,43.97786666666667,12.941946031069309,34.243966666666665,13.31504175310902,26.21995,15.961863701960294,30.48156888888889,16.89215777642384,35.74559742286969,30.92285583705929,1,0.1134559708938325,0
2023-03-14,29.8894,240.77729166666663,5.2675,0.1093902777777777,3485.0,480.0,8607.0,2023,3,14,1,73,11,1,0,1,21.5024,32.51113333333333,58.0106,39.58676666666667,8.679566666666666,34.5479,31.2935,37.34137777777778,18.727269231118942,34.347880952380955,13.194701538396162,27.139035714285715,15.224878407134996,29.2143,16.04325361773805,32.18479806711622,30.313361973438727,1,0.1485715089493496,0
2023-03-15,31.413566666666668,240.28049305555552,5.523194444444444,0.1106430555555555,0.0,3263.0,11036.0,2023,3,15,2,74,11,1,0,1,29.8894,21.5024,32.51113333333333,26.2022,8.626066666666667,56.290333333333336,23.575766666666667,27.96764444444445,5.750470477499413,32.96254285714286,13.061386408881557,28.65402380952381,14.272188808035375,29.16749666666667,16.03902630918868,31.610948550332807,30.28593708171556,1,0.1530354342502698,0
2023-03-16,28.36756666666667,239.52713194444445,4.992361111111111,0.0904222222222222,1106.0,4604.0,5370.0,2023,3,16,3,75,11,1,0,1,31.413566666666668,29.8894,21.5024,21.2102,8.5948,21.891333333333332,41.644533333333335,27.601788888888898,5.336916677293184,33.70702380952381,12.756803531227488,30.281702380952385,13.060348498874196,29.42875666666667,16.008607884814445,31.561603079415992,30.35886775303092,1,0.1607735136026608,0
2023-03-17,33.8015,238.22465277777775,5.946111111111111,0.0882416666666666,2208.0,359.0,12275.0,2023,3,17,4,76,11,1,0,1,28.36756666666667,31.413566666666668,29.8894,41.41186666666667,13.652033333333332,11.915366666666667,33.0891,29.890177777777783,1.523000148950561,34.729504761904764,11.842276978227083,31.694042857142858,11.512072057756567,28.986191111111115,15.841907824849546,30.763093976225253,30.23009878475553,1,0.1641020891720547,0
2023-03-18,39.51743333333333,241.04781944444443,7.007916666666667,0.1676736111111111,6564.0,7369.0,5856.0,2023,3,18,5,77,11,1,1,1,33.8015,28.36756666666667,31.413566666666668,58.0106,34.845,8.362333333333334,28.375466666666668,31.194211111111116,2.723599734284078,33.64230952380952,11.470036486326949,33.133290476190474,10.276143529275055,29.00993777777778,15.84880250411564,31.522695482171372,30.461011556806,1,0.1429813611846443,0
2023-03-19,35.8753,240.49709027777777,6.281944444444444,0.1005305555555555,1648.0,2686.0,14118.0,2023,3,19,6,78,11,1,1,1,39.51743333333333,33.8015,28.36756666666667,32.51113333333333,44.33886666666667,9.474733333333337,34.615199999999994,33.895500000000006,5.575527658536974,31.000428571428568,5.495713121233556,33.467035714285714,10.41100218332876,29.381336666666662,15.963555993573303,33.52137994496666,31.046482277847467,1,0.2371585950332562,0
2023-03-20,34.77046666666667,240.8156388888889,6.151249999999999,0.1144930555555555,3745.0,2837.0,11255.0,2023,3,20,0,79,12,1,0,1,35.8753,39.51743333333333,33.8015,21.5024,20.775,8.6352,63.82936666666667,36.398077777777786,2.8936043132192766,31.481023809523812,5.789106384015497,32.86249523809524,9.96742009667324,29.42334,15.979452091099828,34.109859958726055,31.35861011960291,1,0.2427563191908474,0
2023-03-21,35.70153333333334,240.98664583333337,6.237222222222223,0.0991875,1865.0,4133.0,12335.0,2023,3,21,1,80,12,1,0,1,34.77046666666667,35.8753,39.51743333333333,29.8894,39.58676666666667,8.679566666666666,36.44356666666667,36.72106666666667,2.483931173451502,33.376461904761904,3.8118503494792217,33.86217142857143,9.344208008692844,28.45471,14.647129358760775,34.27501163571144,31.57912062810998,1,0.198857413646791,0
2023-03-22,24.249633333333335,241.76352777777777,4.223055555555556,0.0790458333333333,353.0,736.0,10462.0,2023,3,22,2,81,12,1,0,1,35.70153333333334,34.77046666666667,35.8753,31.413566666666668,26.2022,8.626066666666667,52.4988,35.44910000000001,0.594101097831146,34.20676666666667,3.549688553422096,33.584654761904766,9.217954668843635,28.42997555555555,14.63379393015574,34.63164206011727,31.845524334451795,1,0.1924000600278139,0
2023-03-23,21.8168,241.64547916666663,3.80375,0.0829777777777777,1127.0,777.0,8369.0,2023,3,23,3,82,12,1,0,1,24.249633333333335,35.70153333333334,34.77046666666667,28.36756666666667,21.2102,8.5948,34.5479,31.573877777777785,6.360042358029204,33.183347619047616,5.157721801763932,33.44518571428572,9.35204054963422,27.488336666666665,13.923257961934988,32.03613987841932,31.35470574915634,1,0.2215322252587263,0
2023-03-24,49.47383333333333,239.70447222222225,8.703333333333333,0.1326555555555555,3707.0,5797.0,16382.0,2023,3,24,4,83,12,1,0,1,21.8168,24.249633333333335,35.70153333333334,33.8015,41.41186666666667,13.652033333333332,56.290333333333336,27.255988888888897,7.414518543321543,32.247523809523805,6.576332061311554,33.48851428571429,9.292208512536956,27.06396666666667,13.894655947099794,29.481304908813033,30.73846304864361,1,0.1178299368585608,0
2023-03-25,55.61088333333333,240.0345381944444,9.71715277777778,0.1640277777777777,4630.0,3600.0,9358.0,2023,3,25,5,84,12,1,1,1,49.47383333333333,21.8168,24.249633333333335,39.51743333333333,58.0106,34.845,21.891333333333332,31.84675555555556,15.313884965769285,34.486428571428576,9.298126122712146,34.06436904761905,10.040668065928935,26.83675,13.44882413246728,34.47943701494524,31.948839149678513,1,0.0554989625287144,0
2023-03-26,23.601366666666667,241.3368125,4.183055555555556,0.1117819444444444,1088.0,344.0,9096.0,2023,3,26,6,85,12,1,1,1,55.61088333333333,49.47383333333333,21.8168,35.8753,32.51113333333333,44.33886666666667,11.915366666666667,42.30050555555556,18.002846737131545,36.785492857142856,12.26555203478219,33.892960714285714,9.611748289453514,27.960735,14.396896912428549,39.76229859454396,33.47736309627746,1,0.1303764322052844,0
2023-03-27,18.419,240.60197916666664,3.296527777777778,0.1053652777777777,0.0,3019.0,3697.0,2023,3,27,0,86,13,1,0,1,23.601366666666667,55.61088333333333,49.47383333333333,34.77046666666667,21.5024,20.775,8.362333333333334,42.89536111111111,16.988511173505305,35.03207380952381,13.254772625869704,33.256548809523814,9.99750486907179,28.350268333333336,14.10288151197789,35.722065612573665,32.83944445018622,1,0.0861003832938435,1
2023-03-28,38.8983,240.4446111111111,6.854583333333333,0.1364708333333333,1122.0,8527.0,13888.0,2023,3,28,1,87,13,1,0,1,18.419,23.601366666666667,55.61088333333333,35.70153333333334,29.8894,39.58676666666667,9.474733333333337,32.54375,20.144073848908448,32.69615,14.67346804597342,33.03630595238095,10.305581350023362,28.685490555555553,13.725872961726322,31.396299209429465,31.90805845180572,1,0.0902555069645808,0
2023-03-29,26.506766666666667,240.5366875,4.676805555555556,0.1379833333333333,1162.0,460.0,10724.0,2023,3,29,2,88,13,1,0,1,38.8983,18.419,23.601366666666667,24.249633333333335,31.413566666666668,26.2022,8.6352,26.972888888888892,10.647807459458653,33.15283095238095,14.831489137268989,33.67979880952381,10.374999109715688,29.666276111111113,13.351970205644095,33.27179940707235,32.35951097036032,1,0.1041265721570908,0
2023-03-30,23.373233333333335,241.03922916666667,4.189583333333333,0.1257833333333333,1094.0,468.0,8217.0,2023,3,30,3,89,13,1,0,1,26.506766666666667,38.8983,18.419,21.8168,28.36756666666667,21.2102,8.679566666666666,27.94135555555556,10.314745080834143,33.475278571428575,14.628817766942031,33.3293130952381,10.539028942058485,30.261995,12.767156206590029,31.58054122197076,31.98154709025872,1,0.0982264993846705,0
2023-03-31,58.49183333333334,239.26077083333337,10.264722222222222,0.1607666666666666,2620.0,7707.0,17682.0,2023,3,31,4,90,13,1,0,1,23.373233333333335,26.506766666666667,38.8983,49.47383333333333,33.8015,41.41186666666667,8.626066666666667,29.592766666666662,8.209718067699448,33.69762619047619,14.432596103361444,32.972575,10.80116671470033,30.75178388888889,12.178931894120208,29.528714249811244,31.425666424964376,-1,-0.0190589676900722,0
2023-04-01,46.43253333333333,240.02448611111112,8.149444444444445,0.1406611111111111,4629.0,5401.0,19509.0,2023,4,1,5,91,13,2,1,1,58.49183333333334,23.373233333333335,26.506766666666667,55.61088333333333,39.51743333333333,58.0106,8.5948,36.123944444444454,19.434417866173323,34.985911904761906,16.35056174954308,34.736170238095234,12.78114388199056,32.41397611111111,12.45480321615463,36.76949402069218,33.17335774845556,1,0.0193974023699762,0
2023-04-02,32.679633333333335,240.46011805555557,5.71263888888889,0.1210666666666666,1755.0,970.0,16641.0,2023,4,2,6,92,13,2,1,1,46.43253333333333,58.49183333333334,23.373233333333335,23.601366666666667,35.8753,32.51113333333333,13.652033333333332,42.765866666666675,17.844112469476684,33.67471904761904,14.70627035141254,35.23010595238095,13.109533008551114,33.67523388888889,11.861245547146504,39.18525384885257,34.029469851814895,1,0.1093989554561836,0
2023-04-03,27.380333333333333,240.50495833333335,4.84625,0.1171944444444444,3630.0,1042.0,7637.0,2023,4,3,0,93,14,2,0,1,32.679633333333335,46.43253333333333,58.49183333333334,18.419,34.77046666666667,21.5024,34.845,45.868000000000016,12.915356774914637,34.97161428571429,14.05578488541753,35.001844047619045,13.12524669479777,34.30948722222222,11.246424064953622,37.55884871997271,33.94231873242025,1,0.121967520936934,0
2023-04-04,34.1978,240.33178472222224,5.98625,0.1196652777777777,3434.0,420.0,14748.0,2023,4,4,1,94,14,2,0,1,27.380333333333333,32.679633333333335,46.43253333333333,38.8983,35.70153333333334,29.8894,44.33886666666667,35.4975,9.833710419944907,36.25180476190476,12.633004562717453,34.47397738095238,13.282927722391408,34.060665,11.316525295195005,35.014219873312804,33.518669739706,1,0.1544100448939256,0
2023-04-05,30.73463333333333,241.1731041666667,5.491527777777778,0.1698180555555555,1086.0,4277.0,10523.0,2023,4,5,2,95,14,2,0,1,34.1978,27.380333333333333,32.679633333333335,26.506766666666667,24.249633333333335,31.413566666666668,20.775,31.41925555555556,3.579228554425436,35.58030476190476,12.593751350415188,34.36656785714286,13.278316796902727,33.72262944444444,11.149142433930196,34.810114904984594,33.56251316439818,1,0.1583841253798443,0
2023-04-06,26.68566666666667,241.18445138888887,4.688611111111111,0.0994541666666666,0.0,5466.0,9166.0,2023,4,6,3,96,14,2,0,1,30.73463333333333,34.1978,27.380333333333333,23.373233333333335,21.8168,28.36756666666667,39.58676666666667,30.770922222222225,3.408878202630585,36.184285714285714,12.180676811714047,34.82978214285714,13.008614601483693,34.05461722222222,10.895710116500268,33.79124451207176,33.37995802261174,1,0.1544956630727704,0
2023-04-07,25.898733333333332,240.37859027777776,4.564583333333333,0.0963402777777777,1127.0,3111.0,5923.0,2023,4,7,4,97,14,2,0,1,26.68566666666667,30.73463333333333,34.1978,58.49183333333334,49.47383333333333,33.8015,26.2022,30.53936666666667,3.759871488199739,36.65749047619048,11.652943598264708,35.17755833333333,12.695269672620006,33.62458055555556,10.924391055570135,32.01485005072047,32.94782183161717,1,0.148830946794758,0
2023-04-08,26.8136,240.34918055555556,4.719861111111111,0.0943625,0.0,485.0,3545.0,2023,4,8,5,98,14,2,1,1,25.898733333333332,26.68566666666667,30.73463333333333,46.43253333333333,55.61088333333333,39.51743333333333,21.2102,27.773011111111117,2.5948450162095655,32.001333333333335,7.094602395587842,33.49362261904762,12.207256664139232,33.614465,10.931638976354616,30.485820871373676,32.49279919184595,1,0.2450782204025805,0
2023-04-09,16.682,240.55048611111113,2.974583333333333,0.1111875,2667.0,514.0,3801.0,2023,4,9,6,99,14,2,1,1,26.8136,25.898733333333332,26.68566666666667,32.679633333333335,23.601366666666667,35.8753,41.41186666666667,26.466000000000005,0.4954143092172713,29.19862857142857,3.3082539385058047,31.436673809523818,10.5006865762765,33.801245,10.758894575439632,29.56776565353025,32.126216303067515,1,0.1954954401691763,1
2023-04-10,12.956066666666668,240.8137013888889,2.347361111111111,0.1034305555555555,209.0,742.0,2572.0,2023,4,10,0,100,15,2,0,1,16.682,26.8136,25.898733333333332,27.380333333333333,18.419,34.77046666666667,58.0106,23.13144444444445,5.604082929965016,26.91325238095238,5.379827305911156,30.942433333333337,11.046496038869192,32.976916111111116,11.097719563484253,26.346324240147673,31.12934986672812,1,0.187986313613604,1
2023-04-11,14.791366666666669,241.1548263888889,2.61875,0.1336430555555555,0.0,1112.0,6421.0,2023,4,11,1,101,15,2,0,1,12.956066666666668,16.682,26.8136,34.1978,38.8983,35.70153333333334,32.51113333333333,18.817222222222224,7.17127519865289,24.852642857142857,7.511295252576225,30.55222380952381,11.605261692527218,31.47509833333333,10.63194177301929,22.998759846777418,29.956367708424303,1,0.1946344918040218,1
2023-04-12,8.961766666666668,240.2560625,1.5979166666666669,0.1026472222222222,0.0,541.0,1818.0,2023,4,12,2,102,15,2,0,1,14.791366666666669,12.956066666666668,16.682,30.73463333333333,26.506766666666667,24.249633333333335,21.5024,14.809811111111117,1.863035144397006,22.08029523809524,7.054706177896653,28.8303,12.051506812892622,30.88443944444445,11.056149149080532,20.94691155174972,28.977580658817132,1,0.1554368133194639,1
2023-04-13,9.1837,240.05048611111113,1.643333333333333,0.1053055555555555,0.0,558.0,1988.0,2023,4,13,3,103,15,2,0,1,8.961766666666668,14.791366666666669,12.956066666666668,26.68566666666667,23.373233333333335,21.8168,29.8894,12.236400000000003,2.9806876930219284,18.969885714285713,7.394693679826328,27.57708571428571,13.17187206780878,30.466418333333333,11.644524026486296,17.95062533047895,27.68574408841089,1,0.1508590940096825,1
2023-04-14,9.2378,240.31314583333332,1.6513888888888888,0.1080625,0.0,578.0,2008.0,2023,4,14,4,104,15,2,0,1,9.1837,8.961766666666668,14.791366666666669,25.898733333333332,58.49183333333334,49.47383333333333,31.413566666666668,10.978944444444451,3.303518730305688,16.469604761904762,7.3094150353530445,26.563547619047625,14.03769488425866,29.776228333333336,12.276391046561942,15.75889399785921,26.49163688793069,1,0.1368417496957211,1
2023-04-15,12.102733333333331,240.2366875,2.1865277777777776,0.1191277777777777,0.0,1026.0,2893.0,2023,4,15,5,105,15,2,1,1,9.2378,9.1837,8.961766666666668,26.8136,46.43253333333333,55.61088333333333,28.36756666666667,9.12775555555556,0.146273497001011,14.089471428571429,6.380968848340299,23.04540238095238,11.331449322412604,29.03703611111111,12.829569219068102,14.128620498394406,25.37811368144577,1,0.1493320580395855,1
2023-04-16,15.873166666666666,240.6571388888889,2.8724999999999996,0.1292180555555555,952.0,1305.0,4656.0,2023,4,16,6,106,15,2,1,1,12.102733333333331,9.2378,9.1837,16.682,32.679633333333335,23.601366666666667,33.8015,10.17474444444445,1.6699064552418097,11.987919047619046,3.039424401334171,20.59327380952381,9.437346827992837,28.494874999999997,13.197232997840352,13.62214870712914,24.521369462571748,1,0.1618780914345893,1
2023-04-17,20.395566666666664,240.19566666666668,3.6908333333333334,0.1516347222222222,1532.0,389.0,6199.0,2023,4,17,0,107,16,2,0,1,15.873166666666666,12.102733333333331,9.2378,12.956066666666668,27.380333333333333,18.419,39.51743333333333,12.404566666666671,3.327964876784336,11.872371428571428,2.8400674421713403,19.392811904761903,8.831105422957362,27.89726388888889,13.35364458366266,14.18490319701352,23.96325753333493,1,0.1461336588863022,1
2023-04-18,16.637433333333334,240.14677777777777,2.9954166666666664,0.1147388888888888,1579.0,355.0,3430.0,2023,4,18,1,108,16,2,0,1,20.395566666666664,15.873166666666666,12.102733333333331,14.791366666666669,34.1978,38.8983,35.8753,16.123822222222227,4.152094932592272,12.93515714285714,4.319717695881702,18.8939,8.537562857913354,27.259868333333333,13.235706430615611,15.737569064426804,23.73302088560092,1,0.1916604262485633,1
2023-04-19,17.144299999999998,240.42984027777777,3.055833333333333,0.1039305555555555,733.0,1605.0,5748.0,2023,4,19,2,109,16,2,0,1,16.637433333333334,20.395566666666664,15.873166666666666,8.961766666666668,30.73463333333333,26.506766666666667,34.77046666666667,17.635388888888894,2.4207358195696105,13.19888095238095,4.504335861015821,17.639588095238093,7.319236214001041,26.61860611111111,13.269887822983602,15.962535131653436,23.275123751184793,1,0.1932852469454078,1
2023-04-20,13.709666666666667,240.13289583333332,2.494861111111111,0.1011430555555555,1069.0,360.0,3499.0,2023,4,20,3,110,16,2,0,1,17.144299999999998,16.637433333333334,20.395566666666664,9.1837,26.68566666666667,23.373233333333335,35.70153333333334,18.059100000000004,2.0392488366496613,14.367814285714283,4.277511101089555,16.66885,6.275705844753484,26.031067222222223,13.286707577946018,16.257976348740076,22.879491930420222,1,0.1898550535758972,1
2023-04-21,27.894266666666667,239.21323611111112,5.035694444444444,0.1476791666666666,6575.0,463.0,11129.0,2023,4,21,4,111,16,2,0,1,13.709666666666667,17.144299999999998,16.637433333333334,9.2378,25.898733333333332,58.49183333333334,24.249633333333335,15.830466666666672,1.8540692906263263,15.01438095238095,3.660928513816924,15.741992857142858,5.604884831241835,25.298005,13.341326692789524,15.620898928221724,22.287757652398717,1,0.1675720220434081,1
2023-04-22,37.228566666666666,239.6088819444444,6.688472222222222,0.1855513888888889,4264.0,2287.0,11102.0,2023,4,22,5,112,16,2,1,1,27.894266666666667,13.709666666666667,17.144299999999998,12.102733333333331,26.8136,46.43253333333333,21.8168,19.582744444444447,7.400015389948913,17.679590476190477,5.215578609203464,15.884530952380953,5.90062241664736,25.41949277777778,13.348043448094405,18.68924086283296,22.649543780063468,1,0.1441101459256452,0
2023-04-23,17.5761,237.23564583333336,3.264166666666666,0.0941944444444444,1402.0,506.0,6005.0,2023,4,23,6,113,16,2,1,1,37.228566666666666,27.894266666666667,13.709666666666667,15.873166666666666,16.682,32.679633333333335,49.47383333333333,26.277500000000003,11.842513041721036,21.26899523809524,8.40721822863309,16.62845714285714,7.75093457193164,25.933218333333333,13.500312978930785,23.324072313791387,23.590310458067787,1,0.2061844753101518,1
2023-04-24,17.201666666666664,235.3449236111111,3.1448611111111116,0.0939333333333333,1125.0,527.0,6680.0,2023,4,24,0,114,17,2,0,1,17.5761,37.228566666666666,27.894266666666667,20.395566666666664,12.956066666666668,27.380333333333333,55.61088333333333,27.566311111111116,9.830337107949322,21.51227142857143,8.248193097041481,16.69232142857143,7.75509205761971,24.86996055555555,12.82139970913726,21.88707923534354,23.20222565883447,1,0.2051151933527938,1
2023-04-25,21.069366666666667,234.94111111111113,3.858055555555556,0.1143999999999999,0.0,1469.0,8812.0,2023,4,25,1,115,17,2,0,1,17.201666666666664,17.5761,37.228566666666666,16.637433333333334,14.791366666666669,34.1978,23.601366666666667,24.002111111111116,11.45597638800779,21.056,8.407071772907193,16.99557857142857,7.680400686102215,23.589653333333334,11.494951253037174,20.71572609317432,22.81502634627909,1,0.2178211095725286,1
2023-04-26,21.257766666666665,234.7872986111111,3.92375,0.1136152777777777,1324.0,1845.0,7163.0,2023,4,26,2,116,17,2,0,1,21.069366666666667,17.201666666666664,17.5761,17.144299999999998,8.961766666666668,30.73463333333333,18.419,18.61571111111111,2.1331594570632753,21.68913333333333,8.182741770788416,17.444007142857142,7.7249504645681535,23.505253333333332,11.504154020150986,20.804136236547404,22.702385050522015,1,0.2247001603003232,1
2023-04-27,18.23886666666667,235.21616666666668,3.3125,0.11245,1772.0,545.0,4756.0,2023,4,27,3,117,17,2,0,1,21.257766666666665,21.069366666666667,17.201666666666664,13.709666666666667,9.1837,26.68566666666667,38.8983,19.842933333333335,2.2893428846139674,22.27677142857143,7.94624559966258,18.322292857142855,7.37756543597432,23.59987888888889,11.472506618650492,20.91754384407722,22.60916985960496,1,0.2114286336223923,1
2023-04-28,0.8688372359470103,235.6455475328533,2.824818660407633,0.1885940380050655,0.0,18.0,0.0,2023,4,28,4,118,17,2,0,1,18.23886666666667,21.257766666666665,21.069366666666667,27.894266666666667,9.2378,25.898733333333332,26.506766666666667,20.188666666666673,1.6912018418861985,22.9238,7.289670589722483,18.969090476190477,6.895965114513501,22.91123111111111,11.137704719327818,20.247874549724585,22.327175180767032,1,0.0774188694630974,1
2023-04-30,7.247829430719657,234.84301988968377,3.028914604570726,0.1202230863547007,1214.0,500.0,1131.0,2023,4,30,6,120,17,2,1,1,0.8688372359470103,18.23886666666667,21.257766666666665,37.228566666666666,12.102733333333331,26.8136,23.373233333333335,13.455156856426788,11.004091079873636,19.063024367040047,10.616123806604316,18.371307421615263,8.06762133513133,22.056633463420457,11.815294972993668,15.403115221280189,20.942584232966865,1,0.0819369040715345,1
2023-05-01,27.730966666666667,234.6787013888889,5.073333333333333,0.1261166666666666,4005.0,995.0,8546.0,2023,5,1,0,121,18,2,0,1,7.247829430719657,0.8688372359470103,18.23886666666667,17.5761,15.873166666666666,16.682,58.49183333333334,8.785177777777784,8.78647031299642,14.780061904761904,7.718139242866382,18.02452857142857,8.452936884313345,21.519119999999997,12.11629607057822,13.364293773640057,20.058942978222355,1,0.1465493265319993,1
2023-05-02,16.724766666666667,235.58207638888888,3.1415277777777777,0.111175,7.0,1490.0,3754.0,2023,5,2,1,122,18,2,0,1,27.730966666666667,7.247829430719657,0.8688372359470103,17.201666666666664,20.395566666666664,12.956066666666668,46.43253333333333,11.949211111111117,14.034626523948653,16.230757142857144,9.152363343591684,18.871514285714284,8.807431481254802,20.49375777777778,9.995514098672194,16.955961996896708,20.55396920786531,1,0.1561175576184933,1
2023-05-03,18.170633333333335,235.1348888888889,3.307638888888889,0.1048208333333333,1906.0,1725.0,7836.0,2023,5,3,2,123,18,2,0,1,16.724766666666667,27.730966666666667,7.247829430719657,21.069366666666667,16.637433333333334,14.791366666666669,32.679633333333335,17.234520921351002,10.251078714300531,16.162628571428574,9.145704075586533,18.609314285714284,8.81320838628448,19.50349888888889,8.728403095778207,16.8981631643392,20.306897287807185,1,0.1600253106878594,1
2023-05-04,16.635466666666666,235.71019444444445,3.0780555555555553,0.1213472222222222,2259.0,538.0,3990.0,2023,5,4,3,124,18,2,0,1,18.170633333333335,16.724766666666667,27.730966666666667,21.257766666666665,17.144299999999998,8.961766666666668,27.380333333333333,20.87545555555556,5.98089935129907,15.748523809523808,8.950037647415666,18.71882857142857,8.79633037983514,19.01986555555556,8.36766059905244,17.21628070658773,20.169059927274706,1,0.1531201053569811,1
2023-05-05,26.050866666666664,235.03502083333333,4.736111111111111,0.1209041666666666,2913.0,2493.0,11303.0,2023,5,5,4,125,18,2,0,1,16.635466666666666,18.170633333333335,16.724766666666667,18.23886666666667,13.709666666666667,9.1837,34.1978,17.176955555555562,0.8617077619681573,15.088195238095238,8.641004159992912,18.682483333333337,8.804384086705614,18.66170333333333,8.226228247884228,17.071077196607465,19.941064691603955,1,0.1409993989947453,1
2023-05-06,35.035066666666665,234.4096527777778,6.409027777777778,0.1266222222222222,3215.0,949.0,10095.0,2023,5,6,5,126,18,2,1,1,26.050866666666664,16.635466666666666,18.170633333333335,0.8688372359470103,27.894266666666667,9.2378,30.73463333333333,20.28565555555556,5.051477857060209,16.204195238095238,9.570239980952143,19.56399761904762,8.885634699397865,18.390138888888888,7.8201135940872915,19.316024564122262,20.33528020310587,1,0.1111163890500682,1
2023-05-07,27.3944,234.5369722222222,4.980972222222222,0.1173041666666666,946.0,4935.0,9433.0,2023,5,7,6,127,18,2,1,1,35.035066666666665,26.050866666666664,16.635466666666666,7.247829430719657,37.228566666666666,12.102733333333331,26.68566666666667,25.907133333333334,9.200642069623878,21.085085156769473,9.1488056476963,20.07405476190476,9.57852940041354,18.533486666666665,8.08899154488869,23.24578508975836,21.28373171023736,1,0.2022704854767488,1
2023-05-08,29.82153333333333,234.9062361111111,5.356388888888889,0.1261194444444444,4581.0,2011.0,8777.0,2023,5,8,0,128,19,2,0,1,27.3944,35.035066666666665,26.050866666666664,27.730966666666667,17.5761,15.873166666666666,25.898733333333332,29.49344444444445,4.845972873924739,23.963166666666663,6.982814668832167,19.371614285714287,8.52656117068956,18.55711111111111,8.114615900363063,24.282938817318772,21.67799877914018,1,0.2346009991640233,1
2023-05-09,27.76226666666667,234.8737222222222,5.056111111111111,0.1274194444444444,3018.0,5631.0,9474.0,2023,5,9,1,129,19,2,0,1,29.82153333333333,27.3944,35.035066666666665,16.724766666666667,17.201666666666664,20.395566666666664,26.8136,30.750333333333337,3.9040938587305254,24.26181904761905,7.211772720629763,20.246288095238096,8.945971877788143,18.68787111111111,8.267171452489771,25.667587446322415,22.203426010876804,1,0.239621223667916,1
2023-05-10,11.798066666666667,235.7962569444444,2.2068055555555555,0.1168847222222222,946.0,534.0,3261.0,2023,5,10,2,130,19,2,0,1,27.76226666666667,29.82153333333333,27.3944,18.170633333333335,21.069366666666667,16.637433333333334,16.682,28.326066666666673,1.308108131785741,25.83860476190476,6.456265655200981,21.00061666666667,9.11317481970142,18.719493333333332,8.301069263687967,26.19125725140848,22.56208509714832,1,0.1772570769809061,1
2023-05-11,16.319233333333333,235.22975694444443,3.027638888888889,0.0917333333333333,926.0,491.0,6471.0,2023,5,11,3,131,19,2,0,1,11.798066666666667,27.76226666666667,29.82153333333333,16.635466666666666,21.257766666666665,17.144299999999998,12.956066666666668,23.127288888888895,9.86527252139954,24.928238095238097,7.985797279787471,20.338380952380955,9.438838882265877,18.556695555555557,8.389822346606659,22.592959605223022,21.867588448751263,1,0.2036197118417788,1
2023-05-12,24.0261,234.72290277777776,4.360555555555555,0.1452583333333333,2247.0,1075.0,10408.0,2023,5,12,4,132,19,2,0,1,16.319233333333333,11.798066666666667,27.76226666666667,26.050866666666664,18.23886666666667,13.709666666666667,14.791366666666669,18.626522222222228,8.228402452638777,24.883061904761902,8.04123091706977,19.985628571428578,9.493957717695952,18.66880111111111,8.334694034469072,21.0245280372506,21.509608911598324,1,0.2379022046443797,1
2023-05-13,27.245633333333338,235.7087083333333,4.969166666666667,0.1532430555555555,3612.0,2414.0,8958.0,2023,5,13,5,133,19,2,1,1,24.0261,16.319233333333333,11.798066666666667,35.035066666666665,0.8688372359470103,27.894266666666667,8.961766666666668,17.381133333333338,6.182792533133953,24.59380952380952,8.02862913926273,20.39900238095238,9.537940321174622,18.97662555555555,8.35705378635775,21.77492102793795,21.671972146026075,1,0.2360400109932187,1
2023-05-14,24.463033333333332,235.69006944444445,4.574166666666667,0.2073277777777778,3176.0,2417.0,5517.0,2023,5,14,6,134,19,2,1,1,27.245633333333338,24.0261,16.319233333333333,27.3944,7.247829430719657,37.228566666666666,9.1837,22.530322222222225,5.614674310266778,23.481033333333336,6.783530766714435,22.2830592450514,7.836765391804728,19.586087777777777,8.26773090813236,23.142599104286795,22.031581777155225,1,0.2443687446272567,1
2023-05-15,15.073200000000002,235.61199305555556,2.7333333333333334,0.0772097222222222,0.0,408.0,5318.0,2023,5,15,0,135,20,2,0,1,24.463033333333332,27.245633333333338,24.0261,29.82153333333333,27.730966666666667,17.5761,9.2378,25.244922222222225,1.7463852372934447,23.062266666666662,6.589386221571427,23.512716666666662,6.539342131654367,20.095398888888887,8.073154425465288,23.472707661548423,22.188457204640244,1,0.2123037362089671,1
2023-05-16,28.215733333333333,235.2608125,5.071805555555556,0.0943708333333333,2213.0,5756.0,9077.0,2023,5,16,1,136,20,2,0,1,15.073200000000002,24.463033333333332,27.245633333333338,27.76226666666667,16.724766666666667,17.201666666666664,12.102733333333331,22.260622222222228,6.378087043963079,20.955361904761904,6.423709095548372,22.608590476190475,6.781799919019478,20.28991222222222,7.870281977788356,21.37283074616132,21.72938758809975,1,0.2295697639745975,1
2023-05-17,20.530266666666662,235.86845833333336,3.720972222222222,0.0911027777777777,1014.0,2073.0,7687.0,2023,5,17,2,137,20,2,0,1,28.215733333333333,15.073200000000002,24.463033333333332,11.798066666666667,18.170633333333335,21.069366666666667,15.873166666666666,22.583988888888893,6.769760086043811,21.020142857142854,6.505560392285206,23.42937380952381,6.7098985795153245,20.827012222222223,7.842046846885754,23.08355639295432,22.147879215113388,1,0.2396386685986651,1
2023-05-18,27.192166666666665,235.9945972222222,4.876666666666666,0.1189291666666666,3270.0,3913.0,8116.0,2023,5,18,3,138,20,2,0,1,20.530266666666662,28.215733333333333,15.073200000000002,16.319233333333333,16.635466666666666,21.257766666666665,20.395566666666664,21.27306666666667,6.602678205428743,22.2676,5.135402292943427,23.59791904761905,6.596318158253832,20.98224888888889,7.786499773967506,22.445233961382407,22.043512983994596,1,0.2494839436607627,1
2023-05-19,23.824033333333333,234.94472222222225,4.319305555555555,0.1165680555555555,4683.0,530.0,7022.0,2023,5,19,4,139,20,2,0,1,27.192166666666665,20.530266666666662,28.215733333333333,24.0261,26.050866666666664,18.23886666666667,16.637433333333334,25.312722222222224,4.173228131306187,23.820876190476188,4.658572074649853,24.351969047619047,6.337501117213189,21.20880222222222,7.867297817573356,23.63196713770347,22.37569649010645,1,0.26186518886537,1
2023-05-20,32.80546666666667,235.34811805555557,5.941527777777777,0.1302305555555555,5420.0,1733.0,7611.0,2023,5,20,5,140,20,2,1,1,23.824033333333333,27.192166666666665,20.530266666666662,27.245633333333338,35.035066666666665,0.8688372359470103,17.144299999999998,23.848822222222225,3.3310191787587513,23.79200952380953,4.657714439734883,24.19290952380953,6.319501132256158,21.44835555555556,7.832640193936303,23.679983686610935,22.46914081377408,1,0.2319745538818285,0
2023-05-21,18.6677,234.6919097222222,3.338611111111111,0.0814444444444444,0.0,468.0,9060.0,2023,5,21,6,141,20,2,1,1,32.80546666666667,23.824033333333333,27.192166666666665,24.463033333333332,27.3944,7.247829430719657,13.709666666666667,27.94055555555556,4.537245929750393,24.586271428571425,5.701823556951032,24.033652380952383,6.047491015609992,21.97039444444444,8.05464239738279,25.96135443162487,23.136022157260296,1,0.243785390468641,1
2023-05-22,18.88086666666667,235.48057638888892,3.399861111111111,0.089525,931.0,3966.0,3984.0,2023,5,22,0,142,21,2,0,1,18.6677,32.80546666666667,23.824033333333333,15.073200000000002,29.82153333333333,27.730966666666667,27.894266666666667,25.099066666666673,7.154606493798979,23.758366666666664,6.1275480048589,23.410316666666663,6.123705987065878,22.135662222222223,7.929189688489593,24.13794082371865,22.8477345688486,1,0.240410920059378,1
2023-05-23,24.4156,234.8124930555555,4.3975,0.1151930555555555,956.0,3792.0,8119.0,2023,5,23,1,143,21,2,0,1,18.88086666666667,18.6677,32.80546666666667,28.215733333333333,27.76226666666667,16.724766666666667,37.228566666666666,23.451344444444455,8.101608600651325,24.302319047619047,5.3473944462719105,22.628840476190476,5.937879852503456,21.835215555555557,7.874037537990883,22.82367228445565,22.591800349231477,1,0.2622055050099435,1
2023-05-24,19.2398,235.5460625,3.462083333333333,0.0941388888888889,955.0,4116.0,4746.0,2023,5,24,2,144,21,2,0,1,24.4156,18.88086666666667,18.6677,20.530266666666662,11.798066666666667,18.170633333333335,17.5761,20.65472222222223,3.2587591582503848,23.759442857142854,5.0695624972206375,22.389792857142854,5.78060321114041,21.40811666666667,7.339652037616792,23.221654213341736,22.709467964542597,1,0.247998463047385,1
2023-05-25,26.903666666666663,234.44720138888889,4.863472222222222,0.1212416666666666,8060.0,586.0,6539.0,2023,5,25,3,145,21,2,0,1,19.2398,24.4156,18.88086666666667,27.192166666666665,16.319233333333333,16.635466666666666,17.201666666666664,20.84542222222223,3.097068825219651,23.575090476190475,5.227562777620816,22.921345238095235,5.024417115330157,21.463573333333333,7.315946803087258,22.226190660006303,22.485612862735955,1,0.2585210449628937,1
2023-05-26,25.204133333333335,235.0698888888889,4.562777777777778,0.121,2373.0,2754.0,8628.0,2023,5,26,4,146,21,2,0,1,26.903666666666663,19.2398,24.4156,23.824033333333333,24.0261,26.050866666666664,21.069366666666667,23.519688888888897,3.909693800078176,23.53387619047619,5.195330668502032,23.67737619047619,4.743017691453575,21.786973333333332,7.335465082645145,23.395559661671392,22.770655209888822,1,0.260915179770992,1
2023-05-27,35.8968,234.9084375,6.5065277777777775,0.1527041666666666,4366.0,5534.0,10444.0,2023,5,27,5,147,21,2,1,1,25.204133333333335,26.903666666666663,19.2398,32.80546666666667,27.245633333333338,35.035066666666665,21.257766666666665,23.782533333333337,4.024850679355755,23.731033333333333,5.234218115970521,23.761521428571427,4.760099157510836,21.92479888888889,7.360318907088075,23.847703079586875,22.927657208464822,1,0.2166428524768411,0
2023-05-28,27.291133333333335,234.90657638888888,4.921944444444445,0.1049305555555555,4554.0,473.0,9586.0,2023,5,28,6,148,21,2,1,1,35.8968,25.204133333333335,26.903666666666663,18.6677,24.463033333333332,27.3944,18.23886666666667,29.33486666666667,5.745983831434837,24.172652380952385,6.173567071224587,24.379461904761904,5.713284896779717,22.412766666666663,7.787441358623587,26.85997730969016,23.764393099052953,1,0.2544302925267747,1
2023-05-29,17.689,235.6943472222222,3.2072222222222218,0.0786416666666666,0.0,1907.0,4332.0,2023,5,29,0,149,22,2,0,1,27.291133333333335,35.8968,25.204133333333335,18.88086666666667,15.073200000000002,29.82153333333333,0.8688372359470103,29.464022222222223,5.667835980663445,25.404571428571423,5.736936366680613,24.58146904761905,5.766219038347379,22.71450888888889,7.7955084627034035,26.96776631560095,23.991929051886608,1,0.2357152362385635,1
2023-05-30,26.8311,234.83139583333335,4.8284722222222225,0.1021236111111111,2250.0,5948.0,7804.0,2023,5,30,1,150,22,2,0,1,17.689,27.291133333333335,35.8968,24.4156,28.215733333333333,27.76226666666667,7.247829430719657,26.95897777777778,9.108443373860004,25.234304761904763,5.975547628132778,24.768311904761905,5.469150346902854,23.27518098102399,6.697710332765839,24.64807473670071,23.58528123732768,1,0.260528245507842,1
2023-05-31,15.6425,235.09652777777777,2.791805555555555,0.0899902777777777,935.0,477.0,3552.0,2023,5,31,2,151,22,2,0,1,26.8311,17.689,27.291133333333335,19.2398,20.530266666666662,11.798066666666667,27.730966666666667,23.937077777777784,5.415880778305056,25.57937619047619,5.990116502011511,24.669409523809524,5.414256880664013,23.927956666666667,5.999728346801515,25.19383105252554,23.79469238272822,1,0.2164044827152318,1
2023-06-01,17.422833333333333,235.32296527777777,3.1349305555555556,0.0995451388888888,0.0,483.0,7664.0,2023,6,1,3,152,22,2,0,2,15.6425,26.8311,17.689,26.903666666666663,27.192166666666665,16.319233333333333,16.724766666666667,20.054200000000005,5.95750121863179,25.065476190476193,6.732899374539215,24.320283333333332,5.842354984939165,23.525007777777777,6.139808880914112,22.80599828939415,23.2687363028736,1,0.2256261100806026,1
2023-06-02,24.73936666666667,234.4690277777778,4.474027777777778,0.1153527777777777,3971.0,1250.0,7633.0,2023,6,2,4,153,22,2,0,2,17.422833333333333,15.6425,26.8311,25.204133333333335,23.824033333333333,24.0261,18.170633333333335,19.96547777777778,6.012068950714672,23.711071428571433,7.236271642768458,23.622473809523807,6.052592717121118,23.548276666666663,6.114418658119071,21.460207050378944,22.891575782370065,1,0.2379718722573014,1
2023-06-03,35.133766666666666,234.762375,6.352916666666667,0.1267069444444444,4985.0,7529.0,8334.0,2023,6,3,5,154,22,2,1,2,24.73936666666667,17.422833333333333,15.6425,35.8968,32.80546666666667,27.245633333333338,16.635466666666666,19.268233333333335,4.8210342933624775,23.64467619047619,7.222407985791575,23.687854761904763,6.05987687003075,23.767234444444444,6.032265893795368,22.279996954450873,23.010789720888138,1,0.2010058196323426,0
2023-06-04,15.193633333333334,234.7480694444444,2.8222222222222224,0.1549944444444444,1585.0,836.0,4533.0,2023,6,4,6,155,22,2,1,2,35.133766666666666,24.73936666666667,17.422833333333333,27.291133333333335,18.6677,24.463033333333332,26.050866666666664,25.765322222222228,8.899928566338343,23.535671428571423,7.009286108902491,23.854161904761902,6.354152121639334,24.38384444444445,6.220623177978302,25.493439382504825,23.792927229427924,1,0.2068545435369008,1
2023-06-05,24.314866666666667,234.6927638888889,4.465138888888889,0.1775638888888888,4484.0,1027.0,6448.0,2023,6,5,0,156,23,2,0,2,15.193633333333334,35.133766666666666,24.73936666666667,17.689,18.88086666666667,15.073200000000002,35.035066666666665,25.02225555555556,9.973076201973477,21.807457142857142,7.408998849165074,23.606014285714288,6.6339541873570385,24.021936666666665,6.432514735736505,22.91848787021195,23.238127463220025,1,0.2277528599201796,1
2023-06-06,28.26355,234.62111458333337,5.111736111111111,0.1605909722222222,3330.0,829.0,11679.0,2023,6,6,1,157,23,2,0,2,24.314866666666667,15.193633333333334,35.133766666666666,26.8311,24.4156,28.215733333333333,27.3944,24.880755555555563,9.982104087500945,22.75400952380952,7.215876790047882,23.994157142857144,6.493711807290375,23.664596666666665,6.088163043997331,23.26758256932563,23.307595283050613,1,0.2298459149940406,1
2023-06-07,16.4167,234.4788055555555,2.9823611111111115,0.1196763888888888,985.0,699.0,3959.0,2023,6,7,2,158,23,2,0,2,28.26355,24.314866666666667,15.193633333333334,15.6425,19.2398,20.530266666666662,29.82153333333333,22.59068333333334,6.703378740874665,22.95864523809524,7.369447131837865,24.269010714285717,6.593588307278626,23.693568333333335,6.108557892885563,24.516574426994225,23.627337631652832,1,0.2111924751722203,1
2023-06-08,35.80076666666666,236.19744444444444,6.448194444444444,0.1595361111111111,2799.0,11440.0,11380.0,2023,6,8,3,159,23,2,0,2,16.4167,28.26355,24.314866666666667,17.422833333333333,26.903666666666663,27.192166666666665,27.76226666666667,22.998372222222223,6.032149861145206,23.06924523809524,7.246124780495359,24.067360714285716,6.799190183603082,23.24674055555555,6.135063477177525,22.491605820245663,23.16213066515301,1,0.1967656990824369,0
2023-06-09,18.421,240.697375,3.3024305555555555,0.1619388888888888,852.0,620.0,6920.0,2023,6,9,4,160,23,2,0,2,35.80076666666666,16.4167,28.26355,24.73936666666667,25.204133333333335,23.824033333333333,11.798066666666667,26.82700555555556,9.77155336116484,25.69466428571428,8.134267435421842,24.702867857142856,7.4676267786802,23.514690555555557,6.503555504131523,25.818896031850915,23.977533978213497,1,0.2133283357538384,1
2023-06-10,22.346866666666664,240.84428472222223,4.005694444444444,0.1660361111111111,4202.0,1924.0,5983.0,2023,6,10,5,161,23,2,1,2,18.421,35.80076666666666,16.4167,35.133766666666666,35.8968,32.80546666666667,16.319233333333333,23.54615555555555,10.660015231505309,24.792040476190476,8.595428345691168,24.218358333333335,7.650414519535304,23.735455,6.197316136534599,23.969422023888185,23.61904485434352,1,0.2231649954558586,1
2023-06-11,13.244233333333334,240.85675,2.4179166666666667,0.1351625,0.0,487.0,5328.0,2023,6,11,6,162,23,2,1,2,22.346866666666664,18.421,35.80076666666666,15.193633333333334,27.291133333333335,18.6677,24.0261,25.52287777777778,9.114787835181335,22.965340476190477,7.291068449427992,23.25050595238095,6.877371458002802,23.936376111111112,6.044409918297669,23.5637831845828,23.536968186680188,1,0.1886146240385861,1
2023-06-12,15.312766666666668,240.2248958333333,2.8586111111111108,0.1502888888888889,1882.0,475.0,3898.0,2023,6,12,0,163,24,2,0,2,13.244233333333334,22.346866666666664,18.421,24.314866666666667,17.689,18.88086666666667,27.245633333333338,18.004033333333336,4.565619268085143,22.68685476190476,7.665025406813824,22.24715595238095,7.256731417251219,23.57698055555555,6.351624170229861,20.98389572177043,22.872915815113696,1,0.204817716403274,1
2023-06-13,15.454533333333334,240.39760416666667,2.8175,0.144625,957.0,857.0,5216.0,2023,6,13,1,164,24,2,0,2,15.312766666666668,13.244233333333334,22.346866666666664,28.26355,26.8311,24.4156,24.463033333333332,16.96795555555556,4.771710499779182,21.40084047619047,8.089763183549366,22.077425,7.397960269511033,23.17921833333333,6.486172381810265,19.56611345799449,22.38516084786032,1,0.2031365506214776,1
2023-06-14,20.984733333333335,239.84778472222223,3.783333333333333,0.1609,3322.0,2147.0,7054.0,2023,6,14,2,165,24,2,0,2,15.454533333333334,15.312766666666668,13.244233333333334,16.4167,15.6425,19.2398,15.073200000000002,14.670511111111116,1.2372249882218862,19.57098095238095,7.718902077436661,21.264813095238093,7.460192534402212,22.878935,6.63158588152408,18.5382184268292,21.93802066509584,1,0.2215776218524079,1
2023-06-15,16.4934,240.46438194444443,3.0662499999999997,0.1748347222222222,2269.0,4011.0,4547.0,2023,6,15,3,166,24,2,0,2,20.984733333333335,15.454533333333334,15.312766666666668,35.80076666666666,17.422833333333333,26.903666666666663,28.215733333333333,17.250677777777785,3.2345637442976964,20.223557142857143,7.599966155229431,21.646401190476187,7.285061912754784,23.07598611111111,6.477690187173016,19.149847153455234,21.876517880385748,1,0.2100366260490542,1
2023-06-16,33.62936666666666,239.50169444444444,5.975,0.2135819444444444,3289.0,4498.0,11108.0,2023,6,16,4,167,24,2,0,2,16.4934,20.984733333333335,15.454533333333334,18.421,24.73936666666667,25.204133333333335,20.530266666666662,17.64422222222223,2.9392298056411956,17.465361904761902,3.2804481991892027,21.580013095238098,7.330604154245946,22.685241666666663,6.51043363258588,18.485735365091426,21.52921796526273,1,0.1470763774602581,0
2023-06-17,32.451499999999996,240.2191805555555,5.7693055555555555,0.1665375,4124.0,5038.0,8734.0,2023,6,17,5,168,24,2,1,2,33.62936666666666,16.4934,20.984733333333335,22.346866666666664,35.133766666666666,35.8968,27.192166666666665,23.702500000000004,8.885382948478382,19.637985714285715,6.974809299367081,22.215013095238096,7.981474227432607,23.12187833333333,6.794006090182125,22.271643190485232,22.30987689915644,1,0.1850181505954121,0
2023-06-18,11.3079,240.7762013888889,2.07875,0.1255625,0.0,529.0,4241.0,2023,6,18,6,169,24,2,1,2,32.451499999999996,33.62936666666666,16.4934,13.244233333333334,15.193633333333334,27.291133333333335,23.824033333333333,27.52475555555556,9.571569699684856,21.081504761904764,8.506366931357798,22.02342261904762,7.6737748935797265,23.297189444444445,6.968276929465267,24.81660739286393,22.964178440313113,1,0.1513029458879449,1
2023-06-19,14.088433333333334,240.26706944444445,2.5656944444444445,0.1306708333333333,973.0,537.0,4386.0,2023,6,19,0,170,25,2,0,2,11.3079,32.451499999999996,33.62936666666666,15.312766666666668,24.314866666666667,17.689,32.80546666666667,25.79625555555556,12.561097782409728,20.804885714285714,8.829067241595327,21.745870238095232,8.003011852753168,22.879985,7.302322087106124,21.439430544647944,22.212156953441788,1,0.17602363053678,1
2023-06-20,17.904766666666667,240.15616666666668,3.3068055555555556,0.1578486111111111,1761.0,2588.0,5106.0,2023,6,20,1,171,25,2,0,2,14.088433333333334,11.3079,32.451499999999996,15.454533333333334,28.26355,26.8311,18.6677,19.282611111111112,11.489019424231536,20.62998095238095,8.967048839704663,21.01541071428571,8.214401916411394,22.25608388888889,7.224221577324779,19.60168124181929,21.688043455247065,1,0.1949244143428896,1
2023-06-21,13.4491,240.57494444444444,2.500833333333333,0.1545458333333333,932.0,2400.0,3711.0,2023,6,21,2,172,25,2,0,2,17.904766666666667,14.088433333333334,11.3079,20.984733333333335,16.4167,15.6425,18.88086666666667,14.433700000000009,3.3119585229554054,20.980014285714283,8.77716412882826,20.275497619047616,7.974329819071209,22.230652777777777,7.238617711781678,19.177452598031135,21.44396008112055,1,0.1713197250094579,1
2023-06-22,9.438233333333333,240.83563194444443,1.807361111111111,0.1448097222222222,0.0,951.0,3482.0,2023,6,22,3,173,25,2,0,2,13.4491,17.904766666666667,14.088433333333334,16.4934,35.80076666666666,17.422833333333333,24.4156,15.14743333333334,2.409222304211525,19.90349523809524,9.227080214929812,20.06352619047619,8.12285241582428,22.04959388888889,7.391610196244621,17.74536444852335,20.928160678334415,1,0.1282103136971413,1
2023-06-23,7.959433333333334,240.31896527777775,1.5356944444444445,0.1341111111111111,0.0,786.0,2402.0,2023,6,23,4,174,25,2,0,2,9.438233333333333,13.4491,17.904766666666667,33.62936666666666,18.421,24.73936666666667,19.2398,13.597366666666671,4.235213563026497,18.895614285714284,10.013459649056273,18.180488095238093,7.1969222254076435,21.550348333333332,7.72459614814407,15.668581669725846,20.186872383597663,1,0.1016703086183102,1
2023-06-24,11.910933333333332,241.1322152777778,2.207638888888889,0.1245569444444444,0.0,791.0,3449.0,2023,6,24,5,175,25,2,1,2,7.959433333333334,9.438233333333333,13.4491,32.451499999999996,22.346866666666664,35.133766666666666,26.903666666666663,10.28225555555556,2.8404911831372717,15.228480952380952,8.266375377279482,17.433233333333334,7.695846145822575,21.174336111111113,8.106074701886754,13.74129458562772,19.398002700409183,1,0.1314692829559253,1
2023-06-25,17.870033333333332,240.4222638888889,3.25,0.1369930555555555,1985.0,3621.0,4816.0,2023,6,25,6,176,25,2,1,2,11.910933333333332,7.959433333333334,9.438233333333333,11.3079,13.244233333333334,15.193633333333334,25.204133333333335,9.769533333333335,1.9964738490646672,12.294114285714286,3.2684847207190044,16.687809523809523,7.688710176298576,20.674578333333333,8.202265524756205,13.283704272554123,18.914964450420666,1,0.1742137735312614,1
2023-06-26,15.748466666666667,240.09450694444448,2.877083333333333,0.1266805555555555,971.0,1334.0,5231.0,2023,6,26,0,177,26,2,0,2,17.870033333333332,11.910933333333332,7.959433333333334,14.088433333333334,15.312766666666668,24.314866666666667,35.8968,12.580133333333338,4.989075021484356,13.231561904761904,3.8311128182398457,17.01822380952381,7.628501415641908,20.430108333333333,8.171846685211621,14.430286537748929,18.847549341628927,1,0.1945321639481238,1
2023-06-27,24.680433333333333,239.7584097222222,4.429166666666666,0.1437486111111111,2603.0,6451.0,7270.0,2023,6,27,1,178,26,2,0,2,15.748466666666667,17.870033333333332,11.910933333333332,17.904766666666667,15.454533333333334,28.26355,27.291133333333335,15.176477777777782,3.0204464354228233,13.468709523809524,3.9427456706240314,17.04934523809524,7.6218944725509905,19.75849722222222,7.669376277741228,14.759831569978362,18.64760797450918,1,0.1751295023362375,1
2023-06-28,21.590633333333336,239.4236666666667,3.8895833333333334,0.1510041666666666,0.0,4368.0,9541.0,2023,6,28,2,179,26,2,0,2,24.680433333333333,15.748466666666667,17.870033333333332,13.4491,20.984733333333335,16.4167,17.689,19.432977777777783,4.666594436623476,14.436661904761904,5.667702145537137,17.708338095238094,7.868255880748546,19.671473888888887,7.595412178506925,17.239982010817105,19.03682351424154,1,0.184011416618764,1
2023-06-29,21.741366666666668,240.17944444444447,3.940694444444445,0.1432520833333333,4363.0,667.0,6797.0,2023,6,29,3,180,26,2,0,2,21.590633333333336,24.680433333333333,15.748466666666667,9.438233333333333,16.4934,35.80076666666666,26.8311,20.673177777777784,4.5361107411443555,15.599738095238097,6.237946921520863,17.751616666666667,7.889301840697547,19.801528333333337,7.593699394162945,18.32764484144616,19.201585834241524,1,0.1925214424734876,1
2023-06-30,22.255233333333333,240.01161111111108,3.9715277777777778,0.1308013888888889,3049.0,792.0,8376.0,2023,6,30,4,181,26,2,0,2,21.741366666666668,21.590633333333336,24.680433333333333,7.959433333333334,33.62936666666666,18.421,15.6425,22.670811111111117,1.7420149946199588,17.35732857142857,5.938623316598941,18.126471428571428,7.949367930965149,19.63187055555556,7.487342022452388,19.18107529775129,19.365443030730994,1,0.2138766107276773,1
2023-07-01,17.111066666666666,240.06715277777775,3.080694444444444,0.1197555555555555,969.0,736.0,4690.0,2023,7,1,5,182,26,3,1,2,22.255233333333333,21.741366666666668,21.590633333333336,11.910933333333332,32.451499999999996,22.346866666666664,17.422833333333333,21.86241111111112,0.3484424029124911,19.399585714285713,4.4361548264673285,17.314033333333334,6.730915993251319,19.852295,7.463145710612776,19.9496148066468,19.551881507099512,1,0.2419648074178924,1
2023-07-02,16.1172,240.6718125,2.9277777777777776,0.1228638888888889,1018.0,5281.0,3445.0,2023,7,2,6,183,26,3,1,2,17.111066666666666,22.255233333333333,21.741366666666668,17.870033333333332,11.3079,13.244233333333334,24.73936666666667,20.369222222222227,2.833319247089037,20.142461904761905,3.2499017311880203,16.218288095238098,5.137023105432382,19.841902777777776,7.466861460120803,19.23997777165177,19.394409271914437,1,0.2262346056168589,1
2023-07-03,17.665200000000002,240.1869375,3.2306944444444445,0.1252347222222222,467.0,3214.0,4695.0,2023,7,3,0,184,27,3,0,2,16.1172,17.111066666666666,22.255233333333333,15.748466666666667,14.088433333333334,15.312766666666668,35.133766666666666,18.4945,3.2945833031068346,19.892057142857144,3.511197600782949,16.561809523809522,4.940439819765459,19.55449722222222,7.437734131958637,18.459283328738824,19.182976026292796,1,0.2399527295102032,1
2023-07-04,16.723499999999998,240.65963194444444,3.0954166666666665,0.1759263888888889,2329.0,2218.0,5632.0,2023,7,4,1,185,27,3,0,2,17.665200000000002,16.1172,17.111066666666666,24.680433333333333,17.904766666666667,15.454533333333334,15.193633333333334,16.964488888888894,0.7843403494038248,20.16587619047619,3.1946769308467977,16.817292857142856,4.894968919978267,18.972211666666663,6.83540704596903,18.26076249655412,19.0850548236438,1,0.231519992531187,1
2023-07-05,17.6215,240.44444444444449,3.2331944444444445,0.1713305555555555,2922.0,770.0,3973.0,2023,7,5,2,186,27,3,0,2,16.723499999999998,17.665200000000002,16.1172,21.590633333333336,13.4491,20.984733333333335,24.314866666666667,16.835300000000004,0.7800323262527072,19.02917142857143,2.6975237961688614,16.732916666666664,4.884952534928624,19.02320722222222,6.811911293326902,17.87644687241559,18.93269620238168,1,0.2149405551696898,1
2023-07-06,17.825400000000002,240.5994513888889,3.2686111111111114,0.1523263888888889,2826.0,3563.0,4005.0,2023,7,6,3,187,27,3,0,2,17.6215,16.723499999999998,17.665200000000002,21.741366666666668,9.438233333333333,16.4934,28.26355,17.33673333333334,0.5315249414021421,18.462152380952386,2.4775554263599315,17.03094523809524,4.795659339597904,18.800095,6.741870404870995,17.81271015431169,18.848102771465935,1,0.2029145383883795,1
2023-07-07,22.636766666666663,239.91013888888887,4.034861111111111,0.1486416666666666,997.0,3047.0,10177.0,2023,7,7,4,188,27,3,0,2,17.825400000000002,17.6215,16.723499999999998,22.255233333333333,7.959433333333334,33.62936666666666,16.4167,17.39013333333334,0.5862540433400453,17.90272857142857,2.0120970659361728,17.63002857142857,4.269172168494771,18.452156666666667,6.50170507455439,17.815882615733766,18.78212185444281,1,0.1591747737274414,1
2023-07-08,18.151333333333337,240.33889583333337,3.289305555555556,0.1367499999999999,1825.0,2831.0,5277.0,2023,7,8,5,189,27,3,1,2,22.636766666666663,17.825400000000002,17.6215,17.111066666666666,11.910933333333332,32.451499999999996,35.80076666666666,19.361222222222228,2.8385361294419686,17.957233333333335,2.1500864795694308,18.678409523809524,3.4317004133640534,18.659492222222223,6.533655927132351,19.021103628466992,19.030808944634416,1,0.1865886665529106,1
2023-07-09,19.6693,240.6176458333333,3.51625,0.1197375,923.0,594.0,9386.0,2023,7,9,6,190,27,3,1,2,18.151333333333337,22.636766666666663,17.825400000000002,16.1172,17.870033333333332,11.3079,18.421,19.53783333333334,2.6886983817038734,18.105842857142857,2.1175581245866546,19.12415238095238,2.839187885622731,18.071177777777777,5.675180850105533,18.803661054683577,18.974068512582647,1,0.1787371448498938,1
2023-07-10,15.138733333333333,239.98305555555555,2.786111111111111,0.1223916666666666,67.0,2227.0,4631.0,2023,7,10,0,191,28,3,0,2,19.6693,18.151333333333337,22.636766666666663,17.665200000000002,15.748466666666667,14.088433333333334,22.346866666666664,20.152466666666673,2.281417447065978,18.613285714285716,1.9829071468194823,19.25267142857143,2.8187009194199995,18.11278777777778,5.682405786186632,19.02007079101268,19.018922208721516,1,0.1610116581710634,1
2023-07-11,12.0392,241.0300347222222,2.1994444444444445,0.1068444444444444,1015.0,647.0,5284.0,2023,7,11,1,192,28,3,0,2,15.138733333333333,19.6693,18.151333333333337,16.723499999999998,24.680433333333333,17.904766666666667,13.244233333333334,17.653122222222226,2.306007223254717,18.252361904761905,2.375335424377905,19.20911904761905,2.8810315146661183,17.872516666666666,5.649497993089908,18.049736426592844,18.768587172171433,1,0.1593741218579092,1
2023-07-12,17.82636666666667,240.76461805555556,3.2336111111111108,0.1452069444444444,1029.0,2550.0,6419.0,2023,7,12,2,193,28,3,0,2,12.0392,15.138733333333333,19.6693,17.6215,21.590633333333336,13.4491,15.312766666666668,15.61574444444445,3.837350805255076,17.58317619047619,3.341272356437256,18.30617380952381,3.0123153801692815,17.83234888888889,5.687694438821811,16.54710231994463,18.33443272237212,1,0.2230605383607017,1
2023-07-13,13.2397,240.85480555555552,2.450833333333333,0.1435374999999999,0.0,633.0,4427.0,2023,7,13,3,194,28,3,0,2,17.82636666666667,12.0392,15.138733333333333,17.825400000000002,21.741366666666668,9.438233333333333,15.454533333333334,15.001433333333338,2.896025375310726,17.61244285714286,3.342560966490603,18.037297619047617,2.8607824399626325,17.91613555555556,5.667777366164658,16.86691840662514,18.30165423618113,1,0.1987353405389347,1
2023-07-14,21.4695,241.29188194444444,3.8940277777777776,0.1794791666666666,3775.0,1968.0,6604.0,2023,7,14,4,195,28,3,0,2,13.2397,17.82636666666667,12.0392,22.636766666666663,22.255233333333333,7.959433333333334,20.984733333333335,14.368422222222229,3.0542322927615255,16.95734285714286,3.721731679568869,17.430035714285715,2.915833002835127,17.842307777777776,5.715174464653846,15.960113804968854,17.9750762547394,1,0.2165313887169175,1
2023-07-15,17.441683333333334,240.54533333333336,3.224375,0.1920097222222222,862.0,715.0,5585.0,2023,7,15,5,196,28,3,1,2,21.4695,13.2397,17.82636666666667,18.151333333333337,17.111066666666666,11.910933333333332,16.4934,17.51185555555556,4.1239046957050896,16.790590476190477,3.4403677842641742,17.373911904761904,2.8218612053620356,17.858466666666665,5.725042410430315,17.33746035372664,18.2005231344774,1,0.2229013036541675,1
2023-07-16,14.2279,236.5072361111111,2.6605555555555553,0.1624722222222222,830.0,695.0,4176.0,2023,7,16,6,197,28,3,1,2,17.441683333333334,21.4695,13.2397,19.6693,16.1172,17.870033333333332,33.62936666666666,17.38362777777778,4.115207144925681,16.689211904761905,3.4038493020931337,17.39752738095238,2.82087556357918,17.89007611111111,5.719861145133725,17.363516098628313,18.151565690065965,1,0.203507582748283,1
2023-07-17,11.993866666666666,234.7412569444444,2.27625,0.1222833333333333,848.0,694.0,3335.0,2023,7,17,0,198,29,3,0,2,14.2279,17.441683333333334,21.4695,15.138733333333333,17.665200000000002,15.748466666666667,32.451499999999996,17.713027777777782,3.628417491916742,15.911869047619048,3.2265677905592036,17.262577380952383,2.929921826001543,17.243360555555558,4.919793135724625,16.579612073971234,17.8984257848707,1,0.1838667538518037,1
2023-07-18,12.618033333333331,231.08822916666665,2.3868055555555556,0.1086902777777777,909.0,671.0,4628.0,2023,7,18,1,199,29,3,0,2,11.993866666666666,14.2279,17.441683333333334,12.0392,16.723499999999998,24.680433333333333,11.3079,14.554483333333335,2.7385523755462997,15.46260238095238,3.55444694015924,16.85748214285714,3.2450853049676316,16.561439444444446,4.0863344974473295,15.43317572214509,17.517486228940392,1,0.1892574067938954,1
2023-07-19,11.2981,234.26186111111113,2.1438888888888887,0.1298694444444444,1068.0,703.0,3130.0,2023,7,19,2,200,29,3,0,2,12.618033333333331,11.993866666666666,14.2279,17.82636666666667,17.6215,21.590633333333336,14.088433333333334,12.946600000000004,1.1526895828641728,15.545292857142856,3.4671934736718977,16.564234523809525,3.4378949165442276,16.605110555555555,4.034930752771865,14.729390124942151,17.201392293484076,1,0.1764122248562318,1
2023-07-20,18.507033333333332,235.56890277777777,3.451666666666666,0.1549430555555555,2111.0,2418.0,4765.0,2023,7,20,3,201,29,3,0,2,11.2981,12.618033333333331,11.993866666666666,13.2397,17.825400000000002,21.741366666666668,17.904766666666667,11.970000000000004,0.6602902501503097,14.612683333333331,3.625732323205101,16.112563095238094,3.694141332183397,16.512099444444445,4.126075550491223,13.871567593706615,16.82053450044347,1,0.2042324861192273,1
2023-07-21,17.6708,234.256625,3.291527777777778,0.1639986111111111,428.0,512.0,7756.0,2023,7,21,4,202,29,3,0,2,18.507033333333332,11.2981,12.618033333333331,21.4695,22.636766666666663,22.255233333333333,13.4491,14.14105555555556,3.838212796100199,15.365159523809522,3.833904559876699,16.16125119047619,3.7228332097399344,16.532175000000002,4.134541764184295,15.030434028613294,16.929340937083794,1,0.2109394674023729,1
2023-07-22,22.95575,235.9622673611111,4.228541666666667,0.1518881944444444,7091.0,2136.0,5574.0,2023,7,22,5,203,29,3,1,2,17.6708,18.507033333333332,11.2981,17.441683333333334,18.151333333333337,17.111066666666666,9.438233333333333,15.825311111111114,3.9429115993602455,14.822488095238096,3.005120753146088,15.806539285714283,3.267065041718969,16.672898333333332,4.097668202065775,15.690525521459971,16.97717703046943,1,0.1753112802350104,1
2023-07-23,16.51696666666667,234.50086805555551,3.075972222222222,0.0998402777777777,1747.0,1288.0,3847.0,2023,7,23,6,204,29,3,1,2,22.95575,17.6708,18.507033333333332,14.2279,19.6693,16.1172,7.959433333333334,19.71119444444445,2.840805715243221,15.610211904761906,4.264792069208299,16.149711904761904,3.7490787821266576,17.123482222222222,4.017113083777058,17.50683164109498,17.362891602746345,1,0.2118556062846831,1
2023-07-24,13.754733333333332,235.36304166666667,2.550972222222222,0.0783402777777777,0.0,1607.0,5599.0,2023,7,24,0,205,30,3,0,2,16.51696666666667,22.95575,17.6708,11.993866666666666,15.138733333333333,17.665200000000002,11.910933333333332,19.047838888888897,3.4331705141947593,15.937221428571428,4.228742519099655,15.924545238095238,3.6136521862430704,17.408733333333334,3.629029277906685,17.2593653974879,17.308315775647205,1,0.2006582939026258,1
2023-07-25,7.876,235.6410486111111,1.4793055555555554,0.0751625,0.0,151.0,2333.0,2023,7,25,1,206,30,3,0,2,13.754733333333332,16.51696666666667,22.95575,12.618033333333331,12.0392,16.723499999999998,17.870033333333332,17.74248333333334,4.721344644301772,16.18877380952381,4.00132971777565,15.825688095238096,3.6554914714027578,17.470193333333334,3.547404795491533,16.383207381449257,17.079052294925294,1,0.1461100796025035,1
2023-07-26,15.408333333333331,234.94372222222225,2.8381944444444445,0.079925,975.0,3633.0,4346.0,2023,7,26,2,207,30,3,0,2,7.876,13.754733333333332,16.51696666666667,11.2981,17.82636666666667,17.6215,15.748466666666667,12.715900000000005,4.413157288658942,15.511340476190478,4.986706436021492,15.528316666666669,4.12623934437829,17.137058888888888,3.954472193992483,14.25640553608694,16.485306749731965,1,0.2008726231360932,1
2023-07-27,20.0419,235.55368055555556,3.6233333333333335,0.08365,1837.0,49.0,7157.0,2023,7,27,3,208,30,3,0,2,15.408333333333331,7.876,13.754733333333332,18.507033333333332,13.2397,17.825400000000002,24.680433333333333,12.346355555555562,3.9587444139289794,16.098516666666665,4.637693939969598,15.3556,4.072910433516285,17.12572111111111,3.959075593034133,14.54438748539854,16.415824568016664,1,0.2159471404023029,1
2023-07-28,27.031033333333333,235.5072361111111,4.941666666666666,0.1241180555555555,907.0,10265.0,6559.0,2023,7,28,4,209,30,3,0,2,20.0419,15.408333333333331,7.876,17.6708,21.4695,22.636766666666663,21.590633333333336,14.442077777777785,6.140237621744016,16.317783333333335,4.8038527067207,15.841471428571428,4.204678460599361,16.971103333333335,3.738279752933841,15.918765614048905,16.649764999787898,1,0.1908097189547346,1
2023-07-29,5.351933333333333,235.71203472222223,1.0334722222222223,0.0823444444444444,0.0,0.0,1288.0,2023,7,29,5,210,30,3,1,2,27.031033333333333,20.0419,15.408333333333331,22.95575,17.441683333333334,18.151333333333337,21.741366666666668,20.827088888888895,5.8509982067955955,17.654959523809527,6.3098969257138044,16.23872380952381,4.970322927928839,17.152449999999998,4.08590033805628,18.696832543870013,17.319524464909946,1,0.1069873200059332,1
2023-07-30,7.780266666666666,235.5302291666667,1.4672222222222224,0.0899249999999999,0.0,0.0,2528.0,2023,7,30,6,211,30,3,1,2,5.351933333333333,27.031033333333333,20.0419,16.51696666666667,14.2279,19.6693,22.255233333333333,17.47495555555556,11.065159151053695,15.140128571428573,7.278784765976752,15.375170238095237,5.736444748401399,16.606135555555557,4.523437504527952,15.360607741235842,16.547421576381165,1,0.109371487605986,1
2023-07-31,13.538866666666667,234.9148125,2.5025,0.1012402777777777,3277.0,0.0,3575.0,2023,7,31,0,212,31,3,0,2,7.780266666666666,5.351933333333333,27.031033333333333,13.754733333333332,11.993866666666666,15.138733333333333,17.111066666666666,13.387744444444449,11.877655470407566,13.892028571428572,7.7379137462147725,14.914625,6.0839339689459955,16.123636666666666,4.669721321786679,13.465522472593548,15.981798518015092,1,0.1356949392061938,1
2023-08-01,18.06955,234.972,3.278888888888889,0.1005284722222222,1583.0,0.0,9990.5,2023,8,1,1,213,31,3,0,2,13.538866666666667,7.780266666666666,5.351933333333333,7.876,12.618033333333331,12.0392,16.1172,8.89035555555556,4.204841537684385,13.861190476190476,7.73898218216176,15.024982142857144,6.040737747638753,16.004563333333333,4.689177869483613,13.483858521111827,15.824189969517906,1,0.1546854515553253,1
2023-08-02,16.990266666666667,234.85659027777777,3.087083333333333,0.1006625,482.0,0.0,6869.0,2023,8,2,2,214,31,3,0,2,18.06955,13.538866666666667,7.780266666666666,15.408333333333331,11.2981,17.82636666666667,17.665200000000002,13.129561111111116,5.156838775525017,15.317411904761904,7.375576702842149,15.41437619047619,6.04934748985569,16.069641666666666,4.704318305589177,14.63028139083387,15.969051943045471,1,0.170951808386516,1
2023-08-03,17.722733333333334,234.4856041666667,3.2072222222222218,0.087075,958.0,0.0,9139.0,2023,8,3,3,215,31,3,0,2,16.990266666666667,18.06955,13.538866666666667,20.0419,18.507033333333332,13.2397,16.723499999999998,16.19956111111112,2.3665764985364652,15.54340238095238,7.403011376888009,15.820959523809524,5.941737810469695,16.04714388888889,4.698034329905503,15.220277709792068,16.03493677927393,1,0.1758421273788949,1
2023-08-04,19.083166666666667,235.25722222222225,3.4523611111111108,0.0966847222222222,552.0,398.0,7966.0,2023,8,4,4,216,31,3,0,2,17.722733333333334,16.990266666666667,18.06955,27.031033333333333,17.6708,21.4695,17.6215,17.594183333333337,0.5510054040361237,15.212092857142858,7.217710916505545,15.764938095238096,5.918114566018081,16.080451666666665,4.706529325784554,15.845891615677385,16.14382690326805,1,0.1774269660627416,1
2023-08-05,13.1183,235.11527083333337,2.436805555555555,0.1050374999999999,169.0,0.0,6647.0,2023,8,5,5,217,31,3,1,2,19.083166666666667,17.722733333333334,16.990266666666667,5.351933333333333,22.95575,17.441683333333334,17.825400000000002,17.93205555555556,1.062035520609497,14.076683333333335,5.459637964145075,15.865821428571428,5.964954621077631,16.12917388888889,4.730536829990635,16.655210378424705,16.33346176537691,1,0.1739701693967401,1
2023-08-06,18.162,234.70274305555557,3.3170833333333336,0.1072458333333333,1096.0,0.0,7985.0,2023,8,6,6,218,31,3,1,2,13.1183,19.083166666666667,17.722733333333334,7.780266666666666,16.51696666666667,14.2279,22.636766666666663,16.641400000000004,3.12599902768864,15.186164285714286,3.9796666602963113,15.163146428571428,5.635861437693514,15.972270555555555,4.7503575225576515,15.770982783818528,16.126031934498858,1,0.2091387544020522,1
2023-08-07,24.726333333333333,234.55388194444447,4.425972222222222,0.0910986111111111,437.0,2168.0,9042.0,2023,8,7,0,219,32,3,0,2,18.162,13.1183,19.083166666666667,13.538866666666667,13.754733333333332,11.993866666666666,18.151333333333337,16.78782222222223,3.2111029275749936,16.669269047619046,2.367754240961823,15.280648809523807,5.6832083439917795,15.823111666666668,4.601809826025711,16.368737087863895,16.25738473635508,1,0.164248147402218,1
2023-08-08,18.758033333333337,234.512375,3.3805555555555555,0.0827055555555555,1055.0,1111.0,9660.0,2023,8,8,1,220,32,3,0,2,24.726333333333333,18.162,13.1183,18.06955,7.876,12.618033333333331,19.6693,18.668877777777784,5.820593034918987,18.267478571428573,3.436919913164728,16.064334523809524,6.190435513173222,16.042278333333332,4.865532099248224,18.458136149231255,16.803768608004905,1,0.2291084062564894,1
2023-08-09,17.861333333333334,234.2143888888889,3.272361111111111,0.0760236111111111,182.0,4515.0,6646.0,2023,8,9,2,221,32,3,0,2,18.758033333333337,24.726333333333333,18.162,16.990266666666667,15.408333333333331,11.2981,15.138733333333333,20.548788888888893,3.630113238260197,18.365833333333335,3.440161420092663,16.84162261904762,5.750773259019275,16.011902777777777,4.844908577031208,18.533110445256774,16.92985022287455,1,0.2307478022391395,1
2023-08-10,17.1335,234.4888125,3.1297222222222225,0.0817055555555555,336.0,2651.0,8287.0,2023,8,10,3,222,32,3,0,2,17.861333333333334,18.758033333333337,24.726333333333333,17.722733333333334,20.0419,18.507033333333332,12.0392,20.448566666666675,3.731686410101024,18.49027142857143,3.397602250030995,17.016836904761906,5.741105502748066,16.10265611111111,4.853480507094719,18.365166167275913,16.989945916198593,1,0.229468130409182,1
2023-08-11,18.194166666666668,234.98018055555556,3.2856944444444443,0.0803958333333333,1180.0,910.0,10339.0,2023,8,11,4,223,32,3,0,2,17.1335,17.861333333333334,18.758033333333337,19.083166666666667,27.031033333333333,17.6708,17.82636666666667,17.91762222222223,0.8137281284534162,18.40609523809524,3.426959800876438,16.80909404761905,5.675468163270075,16.27246611111111,4.795176521949579,18.057249625456933,16.99920747125781,1,0.2310537011526645,1
2023-08-12,20.6984,235.6648541666667,3.742777777777778,0.0887333333333333,1123.0,1156.0,8582.0,2023,8,12,5,224,32,3,1,2,18.194166666666668,17.1335,17.861333333333334,13.1183,5.351933333333333,22.95575,13.2397,17.729666666666674,0.5424532493930109,18.27909523809524,3.414134977339023,16.177889285714286,4.887934253135571,16.284726111111112,4.799754430800579,18.09147888575937,17.07630162275221,1,0.2262542184338425,1
2023-08-13,19.216866666666665,235.21656944444445,3.44875,0.0909305555555555,93.0,476.0,11101.0,2023,8,13,6,225,32,3,1,2,20.6984,18.194166666666668,17.1335,18.162,7.780266666666666,16.51696666666667,21.4695,18.67535555555556,1.8305149719660536,19.361966666666667,2.612433737170934,17.274065476190476,3.892853213911854,16.533349444444443,4.829669659608992,18.743209164319527,17.309985416971337,1,0.2157777061648335,1
2023-08-14,15.6865,237.07638888888889,2.8541666666666665,0.0916736111111111,951.0,685.0,6256.0,2023,8,14,0,226,33,3,0,2,19.216866666666665,20.6984,18.194166666666668,24.726333333333333,13.538866666666667,13.754733333333332,17.441683333333334,19.369811111111115,1.2591029144825996,19.512661904761902,2.5616085705421594,18.090965476190476,2.7915488115688585,16.458261666666665,4.76738957976095,18.86162353990631,17.433010027488617,1,0.2008176597626823,1
2023-08-15,19.86433333333333,239.99340972222225,3.5420833333333337,0.1109472222222222,338.0,508.0,9787.0,2023,8,15,1,227,33,3,0,2,15.6865,19.216866666666665,20.6984,18.758033333333337,18.06955,7.876,14.2279,18.533922222222227,2.574800038478219,18.221257142857144,1.589239448861551,18.24436785714286,2.5725784814762034,16.399755555555554,4.76567434782403,18.067842654929738,17.320331949407,1,0.1500022193555136,1
2023-08-16,15.974933333333333,239.73765972222225,2.843888888888889,0.0913416666666666,962.0,0.0,7476.0,2023,8,16,2,228,33,3,0,2,19.86433333333333,15.6865,19.216866666666665,17.861333333333334,16.990266666666667,15.408333333333331,11.993866666666666,18.255900000000008,2.2485919018600034,18.3793,1.702489355380192,18.372566666666668,2.6076768077498484,16.587636666666665,4.788150859557066,18.51696532453063,17.484461087018982,1,0.1483378142198494,1
2023-08-17,16.831533333333333,240.4940486111111,2.9815277777777776,0.0884638888888889,244.0,0.0,7769.0,2023,8,17,3,229,33,3,0,2,15.974933333333333,19.86433333333333,15.6865,17.1335,17.722733333333334,20.0419,12.618033333333331,17.175255555555562,2.3332708625762644,18.10981428571429,1.9319744554759015,18.30004285714286,2.6626183586207457,16.72033888888889,4.7109910266082915,17.881457326731308,17.38707219076511,1,0.1627159500058096,1
2023-08-18,5.799333333333333,241.27963194444445,1.0788888888888888,0.0828055555555555,0.0,0.0,1830.0,2023,8,18,4,230,33,3,0,2,16.831533333333333,15.974933333333333,19.86433333333333,18.194166666666668,19.083166666666667,27.031033333333333,11.2981,17.556933333333337,2.043651623931841,18.06667619047619,1.960567014988826,18.236385714285714,2.6880143872262474,16.860788888888887,4.646842919323215,17.618976328381816,17.351230971085883,1,0.0859479410291309,1
2023-08-19,23.7049,239.9536666666667,4.2619444444444445,0.1111236111111111,1025.0,8912.0,5989.0,2023,8,19,5,231,33,3,1,2,5.799333333333333,16.831533333333333,15.974933333333333,20.6984,13.1183,5.351933333333333,18.507033333333332,12.868600000000006,6.137127935226085,16.295985714285713,5.026379938840098,17.287540476190475,4.254313733326476,16.677496666666666,4.970969982914987,14.664065579619695,16.60594719278795,1,0.2003796011694844,1
2023-08-20,22.314033333333334,241.30069444444445,3.963333333333334,0.10825,1032.0,6965.0,7383.0,2023,8,20,6,232,33,3,1,2,23.7049,5.799333333333333,16.831533333333333,19.216866666666665,18.162,7.780266666666666,17.6708,15.445255555555562,9.032920567096816,16.725485714285714,5.56486656529824,18.04372619047619,4.394786341766269,16.850758888888887,5.125131903518387,16.924274184714772,17.06394418243141,1,0.2074232498309312,1
2023-08-21,10.709266666666668,240.57305555555556,1.961111111111111,0.1092416666666666,0.0,38.0,3296.0,2023,8,21,0,233,34,3,0,2,22.314033333333334,23.7049,5.799333333333333,15.6865,24.726333333333333,13.538866666666667,22.95575,17.272755555555563,9.960581842349743,17.167938095238096,5.908482264395384,18.340300000000003,4.541044110066965,17.005533333333332,5.219983419834987,18.271713971869413,17.40265963527943,1,0.163539255542549,1
2023-08-22,20.163466666666668,240.81731944444445,3.57125,0.1071444444444444,3048.0,1836.0,7241.0,2023,8,22,1,234,34,3,0,2,10.709266666666668,22.314033333333334,23.7049,19.86433333333333,18.758033333333337,18.06955,16.51696666666667,18.909400000000005,7.1354935032164235,16.456904761904763,6.395855103066006,17.339080952380954,4.569894417110987,16.597317222222223,5.217468219269707,16.381102145568725,16.970827802518137,1,0.2010651169080947,1
2023-08-23,18.53853333333333,240.64730555555556,3.330277777777778,0.1096902777777777,2502.0,259.0,5342.0,2023,8,23,2,235,34,3,0,2,20.163466666666668,10.709266666666668,22.314033333333334,15.974933333333333,17.861333333333334,16.990266666666667,13.754733333333332,17.72892222222223,6.173565204638663,16.499638095238094,6.423356128438529,17.43946904761905,4.618639450134318,16.718867222222222,5.257851264035678,17.326693275843212,17.17680451607417,1,0.1993742434944527,1
2023-08-24,27.608566666666665,240.49481944444443,4.936180555555556,0.1825215277777778,1891.0,3783.5,9944.0,2023,8,24,3,236,34,3,0,2,18.53853333333333,20.163466666666668,10.709266666666668,16.831533333333333,17.1335,17.722733333333334,7.876,16.47042222222223,5.055025923368263,16.86586666666667,6.461423203076608,17.487840476190478,4.626936272536856,16.87832722222222,5.237356755751935,17.629653290215742,17.264657993200103,1,0.1844573640244506,1
2023-08-25,19.181333333333335,239.8598263888889,3.55375,0.1892694444444444,4149.0,2191.0,5678.0,2023,8,25,4,237,34,3,0,2,27.608566666666665,18.53853333333333,20.163466666666668,5.799333333333333,18.194166666666668,19.083166666666667,15.408333333333331,22.103522222222225,4.836242119241489,18.405442857142855,7.630119040615678,18.236059523809523,5.3549179951773755,17.536079444444447,5.306418596663895,20.124381634328472,17.932006975723397,1,0.2067397113676943,1
2023-08-26,21.9151,239.95091666666667,4.012638888888889,0.2079083333333333,1541.0,3645.0,5658.0,2023,8,26,5,238,34,3,1,2,19.181333333333335,27.608566666666665,18.53853333333333,23.7049,20.6984,13.1183,20.0419,21.77614444444445,5.0612409242895335,20.317157142857145,5.250678489127696,18.306571428571427,5.360820029962955,17.66184611111111,5.298956665621218,19.88861955907969,18.012608680264716,1,0.2497414449068134,1
2023-08-27,20.1955,239.92358333333337,3.69125,0.2076972222222222,2305.0,1229.0,6344.0,2023,8,27,6,239,34,3,1,2,21.9151,19.181333333333335,27.608566666666665,22.314033333333334,19.216866666666665,18.162,27.031033333333333,22.90166666666667,4.299366320103923,20.061471428571423,5.099619936725228,18.39347857142857,5.412194086096237,17.72428611111111,5.338855166254885,20.395239669309763,18.264382325631757,1,0.2494524103199222,1
2023-08-28,16.616733333333332,239.549875,2.996111111111111,0.1257736111111111,1038.0,2468.0,5483.0,2023,8,28,0,240,35,3,0,2,20.1955,21.9151,19.181333333333335,10.709266666666668,15.6865,24.726333333333333,5.351933333333333,20.43064444444445,1.3819695109729002,19.75882380952381,5.005655142740069,18.463380952380952,5.429937577244593,17.496435,5.06690319100134,20.34530475198232,18.388970568166737,1,0.2392865796418526,1
2023-08-29,12.466533333333333,240.7449930555555,2.279583333333333,0.1218236111111111,957.0,562.0,4932.0,2023,8,29,1,241,35,3,0,2,16.616733333333332,20.1955,21.9151,20.163466666666668,19.86433333333333,18.758033333333337,7.780266666666666,19.575777777777784,2.7030009356542113,20.60274761904762,3.4960047852990472,18.529826190476193,5.398946601214608,17.871928333333333,4.524213886570719,19.413161897320073,18.274632677344663,1,0.2006427526710551,1
2023-08-30,20.04096666666667,240.57317361111112,3.604305555555555,0.1326722222222222,3822.0,2580.0,4221.0,2023,8,30,2,242,35,3,0,2,12.466533333333333,16.616733333333332,20.1955,18.53853333333333,15.974933333333333,17.861333333333334,13.538866666666667,16.42625555555556,3.8680024265091615,19.503185714285713,4.6703686011583265,18.001411904761905,5.615949984643698,18.02813722222222,4.2354475025312945,17.67650475632339,17.89991657621323,1,0.2463922759554573,1
2023-08-31,21.330366666666663,239.98570138888888,3.788472222222222,0.1300388888888889,1200.0,666.0,8738.0,2023,8,31,3,243,35,3,0,2,20.04096666666667,12.466533333333333,16.616733333333332,27.608566666666665,16.831533333333333,17.1335,18.06955,16.37474444444445,3.793010551927892,19.71781904761905,4.653139425633978,18.291842857142857,5.608221240582645,18.24487388888889,4.1635534376852945,18.26762023390921,18.03804884508653,1,0.2500296873074658,1
2023-09-01,28.3581,239.35574305555556,5.065416666666667,0.2012819444444444,2497.0,569.0,9733.0,2023,9,1,4,244,35,3,0,3,21.330366666666663,20.04096666666667,12.466533333333333,19.181333333333335,5.799333333333333,18.194166666666668,16.990266666666667,17.94595555555556,4.788913134212855,18.820933333333333,3.28166174955863,18.613188095238097,5.646866630471027,18.353567777777776,4.201211795614163,19.033306842098572,18.25045645363259,1,0.1974444629453483,1
2023-09-02,27.7078,240.04533333333336,5.017222222222222,0.1608319444444444,3613.0,1617.0,8806.0,2023,9,2,5,245,35,3,1,3,28.3581,21.330366666666663,20.04096666666667,21.9151,23.7049,20.6984,17.722733333333334,23.24314444444445,4.4763507281580415,20.1319,4.888985029142859,20.22452857142857,4.874982571958567,18.732495555555552,4.570443739263435,21.364505131573928,18.902562509427803,1,0.2376403463790323,1
2023-09-03,17.315366666666666,239.62034722222225,3.1306944444444444,0.1308486111111111,621.0,2515.0,5323.0,2023,9,3,6,246,35,3,1,3,27.7078,28.3581,21.330366666666663,20.1955,22.314033333333334,19.216866666666665,19.083166666666667,25.79875555555556,3.8833744307314633,20.95942857142857,5.669125175095128,20.51045,5.201277706236636,19.06533111111111,4.849432274461852,22.95032884868045,19.47064236427282,1,0.2362461447723113,1
2023-09-04,26.415733333333332,239.65966666666665,4.755972222222223,0.1247402777777777,2928.0,3501.0,9821.0,2023,9,4,0,247,36,3,0,3,17.315366666666666,27.7078,28.3581,16.616733333333332,10.709266666666668,15.6865,13.1183,24.46042222222223,6.196336554084286,20.547980952380954,5.835872654058637,20.15340238095238,5.239374960821231,19.00640444444445,4.859937189325988,21.541588303176997,19.33159231543202,1,0.2345259801057986,1
2023-09-05,20.60953333333333,239.1481597222222,3.697638888888889,0.1033777777777777,0.0,4144.0,6705.0,2023,9,5,1,248,36,3,0,3,26.415733333333332,17.315366666666666,27.7078,12.466533333333333,20.163466666666668,19.86433333333333,18.162,23.81296666666667,5.6640500869764026,21.947838095238097,5.910485989964289,21.275292857142855,4.717135734095184,19.44965222222222,4.9105271080977,22.76012456071608,19.788633683214385,1,0.2446587272535559,1
2023-09-06,15.024566666666669,239.3400486111111,2.752222222222222,0.1194625,0.0,3888.0,3461.0,2023,9,6,2,249,36,3,0,3,20.60953333333333,26.415733333333332,17.315366666666666,20.04096666666667,18.53853333333333,15.974933333333333,24.726333333333333,21.446877777777782,4.607605414521242,23.111123809523807,4.3210020423812185,21.30715476190476,4.710550104021607,19.531236666666665,4.90872767137785,22.222476753870392,19.841594952241916,1,0.2255917903561962,1
2023-09-07,22.274933333333333,239.0317013888889,4.007222222222222,0.1262069444444444,3632.0,551.0,9388.0,2023,9,7,3,250,36,3,0,3,15.024566666666669,20.60953333333333,26.415733333333332,21.330366666666663,27.608566666666665,16.831533333333333,18.758033333333337,20.683277777777786,5.6959413786712,22.39449523809524,5.234469057423087,21.056157142857145,4.956614236517399,19.207844444444447,4.874126561654819,20.42299923206946,19.53081892680264,1,0.2553712294512181,1
2023-09-08,24.495866666666664,239.7304444444445,4.391944444444444,0.1293958333333333,3339.0,1801.0,9164.0,2023,9,8,4,251,36,3,0,3,22.274933333333333,15.024566666666669,20.60953333333333,28.3581,19.181333333333335,5.799333333333333,17.861333333333334,19.303011111111115,3.797657756847979,22.529433333333333,5.214602338376865,20.675183333333333,4.606881902199474,19.325074444444443,4.905129617822369,20.885982757385428,19.707858569672094,1,0.2576348732179516,1
2023-09-09,27.9917,238.92214583333333,5.054027777777778,0.1452444444444444,2184.0,4438.0,9233.0,2023,9,9,5,252,36,3,1,3,24.495866666666664,22.274933333333333,15.024566666666669,27.7078,21.9151,23.7049,17.1335,20.59845555555556,4.953212515836215,21.977685714285712,4.671098946034947,21.054792857142857,4.692483982463083,19.546225555555555,4.985758753891531,21.788453734705737,20.0167623239674,1,0.2496723219585109,1
2023-09-10,18.622933333333332,239.3886597222222,3.36375,0.1232625,935.0,595.0,5613.0,2023,9,10,6,253,36,3,1,3,27.9917,24.495866666666664,22.274933333333333,17.315366666666666,20.1955,22.314033333333334,18.194166666666668,24.920833333333334,2.8819789695816103,22.01824285714286,4.730004159801979,21.488835714285717,5.045907134550509,19.908165555555556,5.19432945885092,23.3392653010293,20.531274441606527,1,0.245331085182342,1
2023-09-11,16.392866666666666,240.0719930555555,2.9520833333333334,0.1053916666666666,943.0,550.0,5792.0,2023,9,11,0,254,37,3,0,3,18.622933333333332,27.9917,24.495866666666664,26.415733333333332,16.616733333333332,10.709266666666668,20.6984,23.7035,4.734377563570949,22.20503809523809,4.535130854105585,21.376509523809524,5.094184945005475,19.922457777777776,5.190038864152383,22.16018230910531,20.40815565829921,1,0.2355645896112265,1
2023-09-12,21.462733333333333,240.01505555555556,3.86,0.1193013888888889,0.0,3217.0,7755.0,2023,9,12,1,255,37,3,0,3,16.392866666666666,18.622933333333332,27.9917,20.60953333333333,12.466533333333333,20.163466666666668,19.216866666666665,21.0025,6.154671950189056,20.7732,4.566266366761811,21.360519047619047,5.110599921960762,19.77894,5.227238360457823,20.718353398495648,20.149104751423852,1,0.2495856968838102,1
2023-09-13,19.106366666666663,239.3098333333333,3.4644444444444447,0.1152486111111111,1175.0,2523.0,3853.0,2023,9,13,2,256,37,3,0,3,21.462733333333333,16.392866666666666,18.622933333333332,15.024566666666669,20.04096666666667,18.53853333333333,15.6865,18.826177777777783,2.5410368420375344,20.895085714285717,4.572552309558491,22.00310476190476,4.426003985033465,19.85380222222222,5.234987430153416,20.904448382205068,20.233854983796952,1,0.2480322786242493,1
2023-09-14,18.9245,239.30189583333333,3.444722222222222,0.1271708333333333,901.0,676.0,5804.0,2023,9,14,3,257,37,3,0,3,19.106366666666663,21.462733333333333,16.392866666666666,22.274933333333333,21.330366666666663,27.608566666666665,19.86433333333333,18.98732222222223,2.5370289098192704,21.4782,3.9116444494466567,21.93634761904762,4.464753943119566,19.96779777777778,5.178037542384119,20.454927953320468,20.161113801017127,1,0.2466750837284167,1
2023-09-15,18.2552,240.00197222222224,3.278194444444445,0.1281013888888889,0.0,1449.0,6464.0,2023,9,15,4,258,37,3,0,3,18.9245,19.106366666666663,21.462733333333333,24.495866666666664,28.3581,19.181333333333335,15.974933333333333,19.83120000000001,1.415872393418261,20.99956666666667,4.001848414679394,21.7645,4.535610651373825,19.93647,5.181526979674936,20.07232096499035,20.08133226441136,1,0.2434304580150216,1
2023-09-16,27.537066666666664,239.56046527777775,4.96625,0.1335777777777777,3118.0,3064.0,9310.0,2023,9,16,5,259,37,3,1,3,18.2552,18.9245,19.106366666666663,27.9917,27.7078,21.9151,16.831533333333333,18.762022222222228,0.4482415027798087,20.10804285714286,3.782249687573687,21.042864285714284,4.196903105709361,20.01247888888889,5.137952124271016,19.61804072374276,19.96351727815144,1,0.2263401392222722,1
2023-09-17,24.3531,239.21479861111112,4.413472222222222,0.1404958333333333,6651.0,926.0,6279.0,2023,9,17,6,260,37,3,1,3,27.537066666666664,18.2552,18.9245,18.622933333333332,17.315366666666666,20.1955,5.799333333333333,21.572255555555557,5.176506477917851,20.043095238095237,3.6249435319444863,21.03066904761905,4.1762437868977145,20.36933,5.2792330099948765,21.597797209473736,20.45213337339435,1,0.2350155218905404,1
2023-09-18,19.458666666666662,238.26067361111112,3.5127777777777776,0.102175,1888.0,2029.0,5425.0,2023,9,18,0,261,38,3,0,3,24.3531,27.537066666666664,18.2552,16.392866666666666,26.415733333333332,16.616733333333332,23.7049,23.38178888888889,4.7165502393560885,20.86169047619048,3.888227696603275,21.53336428571429,4.117788790457253,20.98778888888889,4.549913271888927,22.2866229071053,20.703808642354844,1,0.2454726640913994,1
2023-09-19,21.64473333333333,240.30520833333333,3.8833333333333337,0.1054125,0.0,2743.0,7937.0,2023,9,19,1,262,38,3,0,3,19.458666666666662,24.3531,27.537066666666664,21.462733333333333,20.60953333333333,12.466533333333333,22.314033333333334,23.78294444444445,4.06926831975329,21.299661904761905,3.4487979666256345,21.03643095238095,3.8971394160040913,20.846247777777776,4.528469780621083,21.579633846995637,20.623476901173333,1,0.2441134862334156,1
2023-09-20,20.92553333333333,239.71498611111113,3.720972222222222,0.0922972222222222,1056.0,489.0,9996.0,2023,9,20,2,263,38,3,0,3,21.64473333333333,19.458666666666662,24.3531,19.106366666666663,15.024566666666669,20.04096666666667,10.709266666666668,21.818833333333338,2.451856953639559,21.325661904761905,3.4509176192139264,21.11037380952381,3.8982371531131728,20.823937777777775,4.522634152823519,21.59590871858006,20.68936441355056,1,0.2453341713840107,1
2023-09-21,20.646333333333335,239.38146527777775,3.732638888888889,0.1061347222222222,3130.0,2745.0,6316.0,2023,9,21,3,264,38,3,0,3,20.92553333333333,21.64473333333333,19.458666666666662,18.9245,22.274933333333333,21.330366666666663,20.163466666666668,20.676311111111115,1.1141389746411017,21.585542857142855,3.322023962425494,21.531871428571428,3.4869113701908634,21.16448,4.099609108976825,21.428314872268377,20.70460111818787,1,0.2415450814293853,1
2023-09-22,19.602866666666667,239.4830347222222,3.515138888888889,0.1273833333333333,944.0,1311.0,7688.0,2023,9,22,4,265,38,3,0,3,20.646333333333335,20.92553333333333,21.64473333333333,18.2552,24.495866666666664,28.3581,18.53853333333333,21.0722,0.5151057884870431,21.831519047619047,3.151520656224824,21.415542857142857,3.4873810512799435,21.180575555555553,4.096490200046252,21.232819487534613,20.70084190623057,1,0.2385545409565732,1
2023-09-23,23.632833333333338,239.5004305555555,4.28,0.1687319444444444,2831.0,1929.0,7382.0,2023,9,23,5,266,38,3,1,3,19.602866666666667,20.646333333333335,20.92553333333333,27.537066666666664,27.9917,27.7078,27.608566666666665,20.391577777777783,0.6971635909828469,22.024042857142856,2.9300133749352737,21.066042857142858,3.398993544008438,21.21605333333333,4.077383985815546,20.825331282317624,20.63000479345056,1,0.2296517817369588,1
2023-09-24,22.5755,238.60060416666667,4.078749999999999,0.1372388888888888,929.0,3935.0,7955.0,2023,9,24,6,267,38,3,1,3,23.632833333333338,19.602866666666667,20.646333333333335,24.3531,18.622933333333332,17.315366666666666,19.181333333333335,21.29401111111111,2.0915957332814132,21.466295238095235,1.8941607063916637,20.75469523809523,2.8750599483861614,21.08352888888889,3.9241799576738425,21.52720679507155,20.82373566839873,1,0.1753507485829951,1
2023-09-25,29.405700000000003,238.0996111111111,5.206388888888889,0.0903319444444444,916.0,2253.0,9820.0,2023,9,25,0,268,39,3,0,3,22.5755,23.632833333333338,19.602866666666667,19.458666666666662,16.392866666666666,26.415733333333332,21.9151,21.93706666666667,2.089463011025557,21.21235238095238,1.526016237214177,21.037021428571425,2.8435164343489396,21.19666777777778,3.916367420884095,21.78928009630366,20.936752722818454,1,0.1301104804530708,1
2023-09-26,30.525,239.41785416666667,5.396944444444444,0.1176361111111111,1058.0,9452.0,5695.0,2023,9,26,1,269,39,3,0,3,29.405700000000003,22.5755,23.632833333333338,21.64473333333333,21.462733333333333,20.60953333333333,20.1955,25.20467777777778,3.6764016684997536,22.633357142857143,3.263257657260616,21.966509523809524,3.298996912490407,21.446354444444445,4.192776389457311,23.693385072227745,21.48313642159403,1,0.2176772307173415,0
2023-09-27,23.209999999999997,239.56705555555556,4.0777777777777775,0.1046597222222222,1066.0,643.0,7324.0,2023,9,27,2,270,39,3,0,3,30.525,29.405700000000003,22.5755,20.92553333333333,19.106366666666663,15.024566666666669,16.616733333333332,27.502066666666668,4.303080578298877,23.901966666666663,4.357525335681863,22.613814285714284,4.005879031412587,21.79067111111111,4.49943441266221,25.40128880417081,22.066482462379803,1,0.2585890476830582,1
2023-09-28,28.0083,239.4624305555556,4.994166666666667,0.1546652777777777,996.0,3722.0,9952.0,2023,9,28,3,271,39,3,0,3,23.209999999999997,30.525,29.405700000000003,20.646333333333335,18.9245,22.274933333333333,12.466533333333333,27.71356666666667,3.94015135030788,24.22831904761905,4.179359672860249,22.90693095238095,3.877571344061304,22.010446666666667,4.397876503666462,24.85346660312811,22.140257787798006,1,0.2543273971593091,0
2023-09-29,38.27536666666666,239.1401111111111,6.7931944444444445,0.1264736111111111,4085.0,7457.0,8190.0,2023,9,29,4,272,39,3,0,3,28.0083,23.209999999999997,30.525,19.602866666666667,18.2552,24.495866666666664,20.04096666666667,27.247766666666667,3.71633077959067,25.28002857142857,4.052103723921238,23.55577380952381,3.919699017011766,22.52850555555556,4.142856864643716,25.642174952346085,22.518841158297523,1,0.1936205681574528,0
2023-09-30,25.2715,240.0647847222222,4.452500000000001,0.1136027777777777,1405.0,582.0,10225.0,2023,9,30,5,273,39,3,1,3,38.27536666666666,28.0083,23.209999999999997,23.632833333333338,27.537066666666664,27.9917,21.330366666666663,29.831222222222227,7.696336938536484,27.94752857142857,5.558132460685672,24.985785714285715,5.259963289523169,23.136318888888887,5.011804344057849,28.80047288092623,23.53539119604488,1,0.2636072535932257,0
2023-10-01,28.682033333333333,239.23991666666663,5.0737499999999995,0.1018986111111111,1507.0,6622.0,5960.0,2023,10,1,6,274,39,4,1,3,25.2715,38.27536666666666,28.0083,22.5755,24.3531,18.622933333333332,28.3581,30.518388888888893,6.855694475667899,28.18162380952381,5.377700074646766,24.823959523809524,5.210047612545258,23.26769,5.014486203245538,27.91822966069467,23.64739821616504,1,0.2638242437559336,0
2023-10-02,36.647733333333335,238.49379166666665,6.474027777777778,0.1123805555555555,508.0,8022.0,12815.0,2023,10,2,0,275,40,4,0,3,28.682033333333333,25.2715,38.27536666666666,29.405700000000003,19.458666666666662,16.392866666666666,27.7078,30.74296666666667,6.742456653508726,29.053985714285716,4.778643933006976,25.133169047619045,5.30749996948309,23.27848777777778,5.02616061942883,28.109180578854343,23.972213386398582,1,0.2278470858025936,0
2023-10-03,21.3409,239.26106944444444,3.8,0.1095402777777777,979.0,5024.0,3692.0,2023,10,3,1,276,40,4,0,3,36.647733333333335,28.682033333333333,25.2715,30.525,21.64473333333333,21.462733333333333,17.315366666666666,30.200422222222223,5.8381332484824915,30.088561904761907,5.583629222057719,26.360959523809523,5.853893300841586,23.576485555555557,5.536899002312977,30.243818767474092,24.78998887010557,1,0.2451284878021424,1
2023-10-04,25.307633333333335,239.2050763888889,4.454583333333334,0.0961444444444444,2400.0,444.0,9710.0,2023,10,4,2,277,40,4,0,3,21.3409,36.647733333333335,28.682033333333333,23.209999999999997,20.92553333333333,19.106366666666663,26.415733333333332,28.890222222222224,7.655540061530825,28.77654761904762,6.472286199946655,26.339257142857143,5.873254125829192,23.710669999999997,5.427631525667273,28.01808907560557,24.567467006688386,1,0.2554014157251902,0
2023-10-05,23.23486666666667,238.8271111111111,4.089722222222222,0.1046083333333333,0.0,351.0,9425.0,2023,10,5,3,278,40,4,0,3,25.307633333333335,21.3409,36.647733333333335,28.0083,20.646333333333335,18.9245,20.60953333333333,27.765422222222227,7.943886412856747,29.076209523809524,6.215052494421224,26.652264285714285,5.676000053824889,23.673733333333335,5.412336897612374,27.340475140037512,24.615219673090113,1,0.2544324676452844,1
2023-10-06,29.270666666666667,238.38071527777777,5.167638888888889,0.1293,4840.0,347.0,9666.0,2023,10,6,4,279,40,4,0,3,23.23486666666667,25.307633333333335,21.3409,38.27536666666666,19.602866666666667,18.2552,15.024566666666669,23.294466666666676,1.98403816859556,28.39429047619048,6.601603663272275,26.837159523809525,5.504889353587844,23.761244444444444,5.382224468270075,26.314073021694803,24.526164640127032,1,0.2532844602264785,0
2023-10-07,35.1019,238.8262777777778,6.207916666666667,0.1063736111111111,2498.0,8255.0,10886.0,2023,10,7,5,280,40,4,1,3,29.270666666666667,23.23486666666667,25.307633333333335,25.2715,23.632833333333338,27.537066666666664,22.274933333333333,25.93772222222223,3.066835407374437,27.107904761904763,5.050344487679172,27.527716666666667,5.120548977959716,24.236114444444443,5.210536459579159,27.05322143293777,24.832261545999472,1,0.2353693438013929,0
2023-10-08,18.254033333333332,239.09654861111113,3.2311111111111113,0.08465,0.0,420.0,5082.0,2023,10,8,6,281,40,4,1,3,35.1019,29.270666666666667,23.23486666666667,28.682033333333333,22.5755,24.3531,24.495866666666664,29.202477777777784,5.933810523351472,28.51224761904762,5.770069353420213,28.346935714285713,5.361276706293694,24.66368,5.558701507271474,29.06539107470333,25.49481886750446,1,0.2245258332534321,1
2023-10-09,28.130966666666662,238.87914583333333,4.9823611111111115,0.1109736111111111,2034.0,2147.0,9290.0,2023,10,9,0,282,41,4,0,3,18.254033333333332,35.1019,29.270666666666667,36.647733333333335,29.405700000000003,19.458666666666662,27.9917,27.542200000000005,8.555895661342383,27.022533333333335,6.945377295140304,28.03825952380953,5.823599319071569,24.45561888888889,5.680676372002162,26.36255163936083,25.027671412439012,1,0.2530567714266588,0
2023-10-10,19.44953333333333,239.4211597222222,3.4886111111111116,0.0921888888888888,1863.0,2117.0,3345.0,2023,10,10,1,283,41,4,0,3,28.130966666666662,18.254033333333332,35.1019,21.3409,30.525,21.64473333333333,18.622933333333332,27.162300000000005,8.465600341250314,25.80585238095238,5.592428754818726,27.947207142857145,5.810525271049177,24.46026111111111,5.683721772461184,26.80465539618729,25.227884009986305,1,0.2465878366515439,1
2023-10-11,28.8741,238.4441527777778,5.1090277777777775,0.106325,2630.0,414.0,7806.0,2023,10,11,2,284,41,4,0,3,19.44953333333333,28.130966666666662,18.254033333333332,25.307633333333335,23.209999999999997,20.92553333333333,16.392866666666666,21.944844444444453,5.390583101456029,25.535657142857143,5.882282862835748,27.156102380952383,6.175087920706554,24.48781444444445,5.656385845335903,24.9658748804738,24.855087191266175,1,0.2581256009482447,0
2023-10-12,31.908399999999997,238.48131250000003,5.667083333333333,0.0958222222222222,1020.0,5028.0,11659.0,2023,10,12,3,285,41,4,0,3,28.8741,19.44953333333333,28.130966666666662,23.23486666666667,28.0083,20.646333333333335,21.462733333333333,25.484866666666672,5.239942568493544,26.04515238095238,6.012259948633756,27.560680952380952,6.081500694739961,24.903855555555555,5.497224815129098,25.942931160355354,25.114378340783823,1,0.2433376478744933,0
2023-10-13,32.11213333333333,238.76540972222224,5.700694444444444,0.0869472222222222,969.0,3799.0,8463.0,2023,10,13,4,286,41,4,0,3,31.908399999999997,28.8741,19.44953333333333,29.270666666666667,38.27536666666666,19.602866666666667,19.106366666666663,26.744011111111117,6.496829893137881,27.28422857142857,6.226508068270001,27.83925952380952,6.191907081147899,25.252044444444444,5.601570577262756,27.43429837026652,25.552702319694543,1,0.2448279680434868,0
2023-10-14,34.3542,239.1010347222222,6.078749999999999,0.1042013888888889,2930.0,7494.0,7126.0,2023,10,14,5,287,41,4,1,3,32.11213333333333,31.908399999999997,28.8741,35.1019,25.2715,23.632833333333338,18.9245,30.964877777777783,1.8135298742547368,27.690152380952377,6.46562352568348,27.399028571428573,5.581894806048219,25.68557,5.612803488531319,28.60375711103322,25.975891418158614,1,0.2352344541126265,0
2023-10-15,21.1055,239.29270833333337,3.721944444444445,0.0820708333333333,1061.0,339.0,7654.0,2023,10,15,6,288,41,4,1,3,34.3542,32.11213333333333,31.908399999999997,18.254033333333332,28.682033333333333,22.5755,18.2552,32.79157777777778,1.357099102797729,27.583338095238098,6.327471695106948,28.04779285714286,5.837568286775416,26.199893333333332,5.678454594344332,30.04136783327492,26.516427456664577,1,0.2492576936514413,1
2023-10-16,32.7407,238.86261805555552,5.823194444444444,0.1287597222222222,0.0,7871.0,9876.0,2023,10,16,0,289,42,4,0,3,21.1055,34.3542,32.11213333333333,28.130966666666662,36.647733333333335,29.405700000000003,27.537066666666664,29.190611111111114,7.091084683862071,27.990690476190473,5.686039858372784,27.506611904761908,6.1186759449031785,26.29490333333333,5.563627057743082,27.807400874956187,26.16733536210151,1,0.2450149330557178,0
2023-10-17,26.28216666666667,239.19213194444444,4.6369444444444445,0.0947222222222222,1065.0,453.0,8968.0,2023,10,17,1,290,42,4,0,3,32.7407,21.1055,34.3542,19.44953333333333,21.3409,30.525,24.3531,29.40013333333334,7.228523511985894,28.649223809523807,5.9650865547633805,27.227538095238092,5.747519636826188,26.46835777777778,5.683512654385626,29.04072565621714,26.591423403920743,1,0.2604122488536544,0
2023-10-18,25.308833333333332,239.80028472222224,4.43375,0.0850694444444444,1162.0,317.0,9864.0,2023,10,18,2,291,42,4,0,3,26.28216666666667,32.7407,21.1055,28.8741,25.307633333333335,23.209999999999997,19.458666666666662,26.709455555555564,5.829356877557371,29.625314285714285,4.615064679409285,27.58048571428571,5.504815908699367,26.53266,5.669651436936144,28.351085908829525,26.57147135632672,1,0.2577401414651892,0
2023-10-19,34.7608,239.65217361111112,6.103194444444445,0.0843597222222222,1299.0,3124.0,11648.0,2023,10,19,3,292,42,4,0,3,25.308833333333332,26.28216666666667,32.7407,31.908399999999997,23.23486666666667,28.0083,21.64473333333333,28.11056666666667,4.039238227410868,29.115990476190472,4.899740497879418,27.580571428571428,5.504777805507712,26.727665555555557,5.516492607918251,27.59052276495548,26.490010838602544,1,0.2407176210001833,0
2023-10-20,27.67076666666667,241.82481944444444,4.814722222222222,0.0969055555555555,2363.0,296.0,13225.0,2023,10,20,4,293,42,4,0,3,34.7608,25.308833333333332,26.28216666666667,32.11213333333333,29.270666666666667,38.27536666666666,20.92553333333333,28.78393333333334,5.198946605590151,29.52347619047619,5.2749210584829,28.40385238095238,5.664430000740143,27.16486777777778,5.618564381726662,29.38309207371661,27.023610140022345,1,0.2641803807355953,0
2023-10-21,32.36566666666667,241.49074305555555,5.701666666666666,0.1069638888888888,3712.0,4357.0,7313.0,2023,10,21,5,294,42,4,1,3,27.67076666666667,34.7608,25.308833333333332,34.3542,35.1019,25.2715,20.646333333333335,29.246800000000007,4.919128913514807,28.88899523809524,5.1778724276670385,28.28957380952381,5.6617351743955915,27.389708888888887,5.493851545310465,28.955010721954125,27.0653621740495,1,0.248196971480197,0
2023-10-22,27.548266666666667,240.54540277777775,4.805833333333333,0.0808402777777777,0.0,299.0,13027.0,2023,10,22,6,295,42,4,1,3,32.36566666666667,27.67076666666667,34.7608,21.1055,18.254033333333332,28.682033333333333,19.602866666666667,31.59907777777779,3.6066448481060616,28.604919047619045,4.87367184338286,28.09412857142857,5.451817964144082,27.780353333333338,5.413898744066369,29.80767470813226,27.407317302989316,1,0.2645710480372394,0
2023-10-23,32.66153333333333,241.23120833333337,5.719166666666667,0.0889208333333333,1067.0,5214.0,10680.0,2023,10,23,0,296,43,4,0,3,27.548266666666667,32.36566666666667,27.67076666666667,32.7407,28.130966666666662,36.647733333333335,23.632833333333338,29.194900000000008,2.746647502562515,29.52531428571429,3.684684515308379,28.75800238095238,4.67143892606003,28.0452,5.189767625025424,29.242822697765863,27.416410810332888,1,0.227697189372092,0
2023-10-24,31.093933333333332,240.80827083333332,5.473194444444444,0.1019319444444444,4459.0,364.0,9115.0,2023,10,24,1,297,43,4,0,3,32.66153333333333,27.548266666666667,32.36566666666667,26.28216666666667,19.44953333333333,21.3409,22.5755,30.858488888888896,2.870550929957712,29.514004761904765,3.6732744055278146,29.081614285714288,4.780317627999941,28.346156666666666,5.186857591093018,30.097500356657733,27.754805812149232,1,0.2364150904045041,0
2023-10-25,30.898633333333333,240.4726319444445,5.413611111111111,0.0918055555555555,1478.0,2433.0,7385.0,2023,10,25,2,298,43,4,0,3,31.093933333333332,32.66153333333333,27.548266666666667,25.308833333333332,28.8741,25.307633333333335,29.405700000000003,30.434577777777783,2.6196252236898663,30.2014,3.4083593431768797,29.91335714285714,3.9091212279236807,28.63010444444444,5.09236164461991,30.34660860082663,27.97023339435909,1,0.2266051657569224,0
2023-10-26,23.959466666666668,240.68085416666665,4.365833333333334,0.0761638888888888,0.0,348.0,5766.0,2023,10,26,3,299,43,4,0,3,30.898633333333333,31.093933333333332,32.66153333333333,34.7608,31.908399999999997,23.23486666666667,30.525,31.55136666666667,0.9663788301349298,30.99994285714286,2.6390247991699325,30.057966666666665,3.905163455961624,28.67986888888889,5.107474733086129,30.48461478395331,28.15916242284244,1,0.1979498558074136,0
2023-10-27,29.761466666666667,240.20120833333337,5.309166666666666,0.0758236111111111,1374.0,4856.0,8949.0,2023,10,27,4,300,43,4,0,3,23.959466666666668,30.898633333333333,31.093933333333332,27.67076666666667,32.11213333333333,29.270666666666667,23.209999999999997,28.650677777777783,4.063881369978556,29.45689523809524,3.176580924016296,29.490185714285712,4.183376137685121,28.461017777777776,5.1660144725310815,28.853327754631653,27.888214309322866,1,0.227383555949759,0
2023-10-28,8.535966666666667,240.86605555555556,1.485277777777778,0.0640958333333333,0.0,283.0,1765.0,2023,10,28,5,301,43,4,1,3,29.761466666666667,23.959466666666668,30.898633333333333,32.36566666666667,34.3542,35.1019,28.0083,28.20652222222223,3.721746589428871,29.75556666666667,3.077392682305911,29.32228095238095,4.116688014679761,28.6794,5.0740404771271255,29.080362482640407,28.009069300210164,1,0.1186537385658322,1
2023-10-29,9.090466666666666,241.19330555555555,1.5744444444444443,0.0604152777777777,0.0,269.0,2749.0,2023,10,29,6,302,43,4,1,3,8.535966666666667,29.761466666666667,23.959466666666668,27.548266666666667,21.1055,18.254033333333332,38.27536666666666,20.752300000000005,10.970182363266924,26.351323809523812,8.358217418243763,27.478121428571427,6.676308711382137,28.03032222222222,6.26786876977501,23.944263528646967,26.752740097161823,1,0.1301883989052629,1
2023-10-30,13.5168,240.62592361111112,2.3513888888888888,0.0623888888888888,0.0,1935.0,4256.0,2023,10,30,0,303,44,4,0,3,9.090466666666666,8.535966666666667,29.761466666666667,32.66153333333333,32.7407,28.130966666666662,25.2715,15.795966666666672,12.097655155028976,23.714495238095235,10.543507110705162,26.619904761904763,8.164813418376399,27.05749222222222,6.859839233735411,20.230814313151892,25.613238584766695,1,0.1327944583134662,1
2023-10-31,21.386833333333335,240.33897916666663,3.7423611111111112,0.0744444444444444,0.0,4700.0,8915.0,2023,10,31,1,304,44,4,0,3,13.5168,9.090466666666666,8.535966666666667,31.093933333333332,26.28216666666667,19.44953333333333,28.682033333333333,10.381077777777785,2.729731296978273,20.979533333333332,10.316464464702984,25.246769047619047,8.657875527458744,26.665668888888888,7.287729997484792,18.55231073486392,24.832823191720404,1,0.1820526525613784,1
2023-11-01,8.270266666666666,240.93840277777775,1.4359722222222224,0.0590597222222222,0.0,293.0,1991.0,2023,11,1,2,305,44,4,0,3,21.386833333333335,13.5168,9.090466666666666,30.898633333333333,25.308833333333332,28.8741,36.647733333333335,14.664700000000003,6.228034530072623,19.592804761904763,9.33613345487272,24.897102380952383,8.71153008302391,26.422495555555553,7.339655230368032,19.26094138448127,24.610501265244743,1,0.1180898154716849,1
2023-11-02,24.060033333333333,239.3489861111111,4.202638888888889,0.0648347222222222,1346.0,2115.0,12245.0,2023,11,2,3,306,44,4,0,3,8.270266666666666,21.386833333333335,13.5168,23.959466666666668,34.7608,31.908399999999997,21.3409,14.391300000000006,6.601866627536254,16.360180952380954,8.66226913783224,23.680061904761907,9.774871044751174,25.47658,7.791133039186177,16.51327270502762,23.55629258089726,1,0.1626687363212965,1
2023-11-03,8.209166666666667,240.19050694444445,1.4343055555555555,0.0611972222222222,0.0,282.0,1936.0,2023,11,3,4,307,44,4,0,3,24.060033333333333,8.270266666666666,21.386833333333335,29.761466666666667,27.67076666666667,32.11213333333333,25.307633333333335,17.905711111111117,8.450907749554524,16.374547619047622,8.677044218422719,22.91572142857143,9.24582210723126,25.56721777777778,7.757103899203897,18.399962862104047,23.58879198429662,1,0.1058238479708303,1
2023-11-04,24.761433333333333,240.20552083333337,4.384027777777778,0.0963902777777777,0.0,4387.0,7068.0,2023,11,4,5,308,44,4,1,3,8.209166666666667,24.060033333333333,8.270266666666666,8.535966666666667,32.36566666666667,34.3542,23.23486666666667,13.513155555555562,9.133915176255806,13.29564761904762,6.743553047797786,21.525607142857144,9.914738032409817,24.99726888888889,8.379977097331189,15.852263813244702,22.59655809236856,1,0.1475912208639329,1
2023-11-05,25.009866666666667,239.65911111111112,4.39625,0.0912152777777777,1265.0,397.0,6583.0,2023,11,5,6,309,44,4,1,3,24.761433333333333,8.209166666666667,24.060033333333333,9.090466666666666,27.548266666666667,21.1055,29.270666666666667,19.010211111111115,9.360550801536595,15.61357142857143,7.572464702470138,20.982447619047623,9.473687293543612,25.04815444444445,8.373538668237327,18.07955619326686,22.73622746281502,1,0.1690682257712856,1
2023-11-06,34.706300000000006,238.70195833333335,6.149861111111111,0.1392541666666666,1105.0,5515.0,10690.0,2023,11,6,0,310,45,4,0,3,25.009866666666667,24.761433333333333,8.209166666666667,13.5168,32.66153333333333,32.7407,35.1019,19.326822222222223,9.628973391242626,17.88777142857143,7.6766843863698195,20.801133333333333,9.36199205627256,24.90612777777778,8.335497532450752,19.812133811616818,22.882913863124067,1,0.1418766364499076,0
2023-11-07,30.745966666666668,239.5649097222222,5.481111111111111,0.1343888888888889,5042.0,301.0,6374.0,2023,11,7,1,311,45,4,0,3,34.706300000000006,25.009866666666667,24.761433333333333,21.386833333333335,31.093933333333332,26.28216666666667,18.254033333333332,28.15920000000001,5.671315419528116,20.914842857142855,9.60212026108873,20.947188095238097,9.574788860340728,24.89294111111111,8.319108543968847,23.535675358712613,23.64571296902355,1,0.1771494880798079,0
2023-11-08,25.017666666666667,240.75264583333333,4.435,0.0935402777777777,1715.0,314.0,6500.0,2023,11,8,2,312,45,4,0,3,30.745966666666668,34.706300000000006,25.009866666666667,8.270266666666666,30.898633333333333,25.308833333333332,28.130966666666662,30.15404444444445,4.875241920645012,22.251861904761903,10.30468471022738,20.922333333333334,9.546834095849594,25.309338888888888,8.287923579263675,25.33824818570113,24.103793852907952,1,0.1835960335821143,1
2023-11-09,36.1871,238.7154375,6.367222222222222,0.0786402777777777,0.0,4573.0,15375.0,2023,11,9,3,313,45,4,0,3,25.017666666666667,30.745966666666668,34.706300000000006,24.060033333333333,23.959466666666668,34.7608,19.44953333333333,30.156644444444453,4.871127126050785,24.64434761904762,8.258489744809925,20.502264285714286,9.19707862334623,25.205562222222223,8.270848353035278,25.258102805942514,24.16275338929941,1,0.192221701281563,0
2023-11-10,43.526666666666664,239.11040972222224,7.706944444444445,0.1650361111111111,3697.0,304.0,13767.0,2023,11,10,4,314,45,4,0,3,36.1871,25.017666666666667,30.745966666666668,8.209166666666667,29.761466666666667,27.67076666666667,28.8741,30.65024444444445,5.585331888510696,26.376785714285717,9.31933683493137,21.375666666666667,10.08808702101597,25.76348111111111,8.432132999437641,27.990352104456885,24.93851768700923,1,0.136558068761862,0
2023-11-11,31.452066666666667,240.26026388888891,5.540555555555556,0.1288958333333333,3445.0,320.0,6024.0,2023,11,11,5,315,45,4,1,3,43.526666666666664,36.1871,25.017666666666667,24.761433333333333,8.535966666666667,32.36566666666667,31.908399999999997,34.91047777777778,9.320305438863231,31.42214285714286,7.152701915896615,22.358895238095236,11.535278057050938,26.251899999999996,9.022239498660367,31.874430745009334,26.137753105406333,1,0.2441553428198493,0
2023-11-12,35.93576666666667,239.82559027777776,6.271944444444444,0.0954638888888888,1018.0,4165.0,13281.0,2023,11,12,6,316,45,4,1,3,31.452066666666667,43.526666666666664,36.1871,25.009866666666667,9.090466666666666,27.548266666666667,32.11213333333333,37.05527777777778,6.083937111802715,32.377947619047625,6.534622828438252,23.99575952380952,11.038102487349354,26.23668888888889,9.01275372465751,31.768839725423668,26.480612044937345,1,0.2306816679411765,0
2023-11-13,36.90663333333334,241.12297916666668,6.4534722222222225,0.0978833333333333,978.0,4933.0,11076.0,2023,11,13,0,317,46,4,0,3,35.93576666666667,31.452066666666667,43.526666666666664,34.706300000000006,13.5168,32.66153333333333,34.3542,36.971500000000006,6.103568541708474,33.938790476190476,5.737647885408329,25.91328095238095,10.57149928302807,26.364143333333335,9.125043381277846,32.81057146073442,27.09062202069067,1,0.2131044970260223,0
2023-11-14,34.13323333333333,239.9460277777778,5.9406944444444445,0.0983263888888889,1055.0,295.0,16345.0,2023,11,14,1,318,46,4,0,3,36.90663333333334,35.93576666666667,31.452066666666667,30.745966666666668,21.386833333333335,31.093933333333332,21.1055,34.76482222222223,2.909709186372261,34.253123809523814,5.84595304157826,27.58398333333334,10.306604934226124,26.449224444444443,9.213580700839154,33.83458692888415,27.723913073272573,1,0.2257068942729096,0
2023-11-15,24.866466666666668,239.9849930555556,4.396388888888889,0.0924069444444444,1606.0,571.0,7503.0,2023,11,15,2,319,46,4,0,3,34.13323333333333,36.90663333333334,35.93576666666667,25.017666666666667,8.270266666666666,30.898633333333333,32.7407,35.65854444444445,1.4073293894359935,34.73701904761905,5.643966425565411,28.494440476190476,10.280011691953357,26.88348222222222,9.25993076933782,33.90924852999645,28.13741760627338,1,0.2112210231838804,0
2023-11-16,38.4959,240.9835138888889,6.718055555555556,0.0860958333333333,1991.0,4660.0,13564.0,2023,11,16,3,320,46,4,0,3,24.866466666666668,34.13323333333333,36.90663333333334,36.1871,24.060033333333333,23.959466666666668,26.28216666666667,31.968777777777785,6.305160920171587,34.71541904761905,5.687484355399107,29.679883333333333,8.58573712603604,26.621007777777777,9.199583544491707,31.648553064164,27.926388513350812,1,0.1933904657187003,0
2023-11-17,43.50156666666667,240.6034236111111,7.598888888888888,0.1166875,2588.0,2199.0,14990.0,2023,11,17,4,321,46,4,0,3,38.4959,24.866466666666668,34.13323333333333,43.526666666666664,8.209166666666667,29.761466666666667,25.308833333333332,32.498533333333334,6.960211657302112,35.04524761904762,5.851631580984597,30.711016666666666,8.72462297397872,27.028132222222222,9.450895828663606,33.360389798123,28.60829248036658,1,0.1589924641174943,0
2023-11-18,36.39763333333334,242.26045833333333,6.3476388888888895,0.1123347222222222,5201.0,2097.0,7066.0,2023,11,18,5,322,46,4,1,3,43.50156666666667,38.4959,24.866466666666668,31.452066666666667,24.761433333333333,8.535966666666667,34.7608,35.62131111111112,9.644386137157335,35.0416619047619,5.845572765347561,33.231902380952384,6.550657086196331,27.634556666666665,9.909328698660437,35.895684015258915,29.569148879660897,1,0.2001090467553316,0
2023-11-19,28.727566666666668,242.76635416666664,5.00625,0.0777986111111111,1089.0,253.0,10750.0,2023,11,19,6,323,46,4,1,3,36.39763333333334,43.50156666666667,38.4959,35.93576666666667,25.009866666666667,9.090466666666666,27.67076666666667,39.46503333333334,3.6497783171645706,35.74817142857143,5.634472769197226,34.06305952380952,6.117100263401707,27.689117777777778,9.954323135788956,36.02117134477752,30.009696263845218,1,0.2056648249729434,0
2023-11-20,34.930933333333336,241.3388263888889,6.090416666666667,0.0866888888888888,1015.0,3954.0,11026.0,2023,11,20,0,324,47,4,0,3,28.727566666666668,36.39763333333334,43.50156666666667,36.90663333333334,34.706300000000006,13.5168,32.36566666666667,36.20892222222223,7.388807611014961,34.71842857142857,6.222470129935222,34.328609523809526,5.764385690851526,27.724344444444448,9.956125710005628,34.19777017524981,29.926978225304143,1,0.2174668046976692,0
2023-11-21,29.251,241.4952048611111,5.120694444444444,0.0913875,1140.5,549.0,9470.5,2023,11,21,1,325,47,4,0,3,34.930933333333336,28.727566666666668,36.39763333333334,34.13323333333333,30.745966666666668,21.386833333333335,27.548266666666667,33.35204444444445,4.071504422246186,34.43618571428571,6.151071696441314,34.34465476190476,5.765830320404302,27.809853333333333,10.008242178824773,34.38106096477069,30.249814038774392,1,0.2293622041906863,0
2023-11-22,32.2063,241.5650486111111,5.65625,0.0993805555555555,2867.0,297.0,9001.0,2023,11,22,2,326,47,4,0,3,29.251,34.930933333333336,28.727566666666668,24.866466666666668,25.017666666666667,8.270266666666666,32.66153333333333,30.969833333333337,3.4403823219390697,33.73872380952381,6.460176688436593,34.23787142857143,5.850821875145106,27.866611111111112,10.011535185872152,33.09854572357801,30.18537442336044,1,0.234107947290853,0
2023-11-23,42.04363333333333,240.72236805555556,7.340694444444445,0.0964666666666666,2168.0,6181.0,13685.0,2023,11,23,3,327,47,4,0,3,32.2063,29.251,34.930933333333336,38.4959,36.1871,24.060033333333333,31.093933333333332,32.12941111111112,2.8407471893330323,34.78727142857143,5.2652715699518735,34.75134523809523,5.265573587469941,27.851436666666668,10.004359358735757,32.87548429268351,30.31575671864483,1,0.1647681226291365,0
2023-11-24,31.6509,241.80274305555557,5.512638888888889,0.1045222222222222,1573.0,4131.0,13451.0,2023,11,24,4,328,47,4,0,3,42.04363333333333,32.2063,29.251,43.50156666666667,43.526666666666664,8.209166666666667,30.898633333333333,34.50031111111111,6.697740823121157,35.294090476190476,5.8229618983085425,35.169669047619045,5.609796337032685,28.216426666666667,10.321449226250571,35.16752155284596,31.072393919686515,1,0.2126053156434746,0
2023-11-25,23.259966666666667,242.66115972222224,4.086666666666667,0.0852611111111111,3556.0,279.0,5678.0,2023,11,25,5,329,47,4,1,3,31.6509,42.04363333333333,32.2063,36.39763333333334,31.452066666666667,24.761433333333333,23.959466666666668,35.30027777777778,5.846516090928126,33.6011380952381,4.641997930027587,34.321400000000004,5.125922621526821,28.241502222222223,10.329101207255462,34.28836616463447,31.1097168926143,1,0.2160149784681792,0
2023-11-26,26.16193333333333,241.11649305555557,4.601388888888889,0.0812847222222222,1088.0,288.0,8926.0,2023,11,26,6,330,47,4,1,3,23.259966666666667,31.6509,42.04363333333333,28.727566666666668,35.93576666666667,25.009866666666667,29.761466666666667,32.31816666666667,9.409594410198787,31.724328571428572,5.8273980996676285,33.736250000000005,5.889395304465906,28.218185555555557,10.339884576701788,31.53126629014252,30.603281394110983,1,0.2540893927157091,0
2023-11-27,46.68353333333334,241.32109722222225,8.15625,0.0972180555555555,1063.0,11020.0,15111.0,2023,11,27,0,331,48,4,0,3,26.16193333333333,23.259966666666667,31.6509,34.930933333333336,36.90663333333334,34.706300000000006,8.535966666666667,27.024266666666673,4.261414628318165,31.357809523809525,6.120603416019516,33.03811904761905,6.180700019515054,28.09820111111111,10.34224304913186,30.18893305094022,30.316742809515528,1,0.1506877808518437,0
2023-11-28,27.415666666666667,242.89480555555556,4.775555555555556,0.0801680555555555,1182.0,769.0,7810.0,2023,11,28,1,332,48,4,0,3,46.68353333333334,26.16193333333333,23.259966666666667,29.251,34.13323333333333,30.745966666666668,9.090466666666666,32.03514444444445,12.76858744786218,33.036752380952386,8.437509207519927,33.736469047619046,7.1307455411329315,29.369786666666663,10.198247668831876,34.3125831215385,31.3726647788946,1,0.2306375860565779,0
2023-11-29,28.657633333333333,242.73200347222223,5.015694444444445,0.0824375,2031.0,283.0,8818.0,2023,11,29,2,333,48,4,0,3,27.415666666666667,46.68353333333334,26.16193333333333,32.2063,24.866466666666668,25.017666666666667,13.5168,33.42037777777778,11.5033227063282,32.7745619047619,8.601674704756883,33.25664285714286,7.325349936817051,29.98062666666667,9.464083484915774,32.58835400782054,31.117374578082966,1,0.2280300319885577,0
2023-11-30,38.86213333333333,243.48775,6.757222222222222,0.1022777777777777,0.0,7941.0,13601.0,2023,11,30,3,334,48,4,0,3,28.657633333333333,27.415666666666667,46.68353333333334,42.04363333333333,38.4959,36.1871,21.386833333333335,34.252277777777785,10.783677773186936,32.267609523809526,8.744141091922584,33.52744047619048,7.056469836773599,30.485321111111112,8.945329427554334,31.60567383919874,30.958681594537513,1,0.1987909390686032,0
2023-12-01,52.24903333333334,240.2660833333333,9.191527777777775,0.2006194444444444,9356.0,353.0,17847.0,2023,12,1,4,335,48,4,0,0,38.86213333333333,28.657633333333333,27.415666666666667,31.6509,43.50156666666667,43.526666666666664,8.270266666666666,31.645144444444444,6.28086910921067,31.813109523809523,8.218182398526396,33.5536,7.076954704671067,31.06783111111111,8.901293212162114,33.41978871273239,31.468581706757625,1,0.089546201346407,0
2023-12-02,49.10313333333333,240.73000694444443,8.618611111111111,0.2257513888888888,2090.0,6915.0,10636.0,2023,12,2,5,336,48,4,1,0,52.24903333333334,38.86213333333333,28.657633333333333,23.259966666666667,36.39763333333334,31.452066666666667,24.060033333333333,39.92293333333333,11.831420496711306,34.7557,11.271053859760816,34.178419047619045,8.30280001669414,32.53379,8.634735232808282,38.12709986788263,32.80925600534411,1,0.0841931491322394,0
2023-12-03,29.367666666666665,241.07959027777775,5.165555555555556,0.0916069444444444,1141.0,299.0,10428.0,2023,12,3,6,337,48,4,1,0,49.10313333333333,52.24903333333334,38.86213333333333,26.16193333333333,28.727566666666668,35.93576666666667,8.209166666666667,46.7381,6.999807847600831,38.44758095238095,11.109357874297066,35.085954761904766,9.208966512507248,33.368559999999995,8.990482096592428,40.871108234245305,33.860473897544125,1,0.1484764080882591,0
2023-12-04,34.4606,241.53597916666664,6.045138888888889,0.1007055555555555,1012.0,5828.0,8561.0,2023,12,4,0,338,49,4,0,0,29.367666666666665,49.10313333333333,52.24903333333334,46.68353333333334,34.930933333333336,36.90663333333334,24.761433333333333,43.573277777777776,12.40256876548537,38.905542857142855,10.571554573068974,35.13167619047619,9.176501295132065,34.07384333333333,7.683667449364583,37.99524784235064,33.570615366501286,1,0.1442263547721998,0
2023-12-05,35.88533333333333,241.22788194444445,6.348194444444444,0.1238875,3422.0,295.0,10919.0,2023,12,5,1,339,49,4,0,0,34.4606,29.367666666666665,49.10313333333333,27.415666666666667,29.251,34.13323333333333,25.009866666666667,37.6438,10.245571375856892,37.15940952380952,10.070287205266816,35.098080952380954,9.178153546717915,34.397148888888886,7.479665364411742,37.111585881762984,33.628033729956236,1,0.1741710951863552,0
2023-12-06,41.46556666666667,239.7100972222222,7.337916666666667,0.1124555555555555,4751.0,318.0,11908.0,2023,12,6,2,340,49,4,0,0,35.88533333333333,34.4606,29.367666666666665,28.657633333333333,32.2063,24.866466666666668,34.706300000000006,33.23786666666666,3.426558375072255,38.3693619047619,9.173321447756113,35.5719619047619,9.022996514470483,34.75966444444444,7.269604942366451,36.80502274465557,33.773665962440305,1,0.1357697535518831,0
2023-12-07,29.483600000000003,240.6710486111111,5.157916666666666,0.1025277777777777,459.0,3710.0,10263.0,2023,12,7,3,341,49,4,0,0,41.46556666666667,35.88533333333333,34.4606,38.86213333333333,42.04363333333333,38.4959,30.745966666666668,37.2705,3.702216163477152,40.19906666666667,8.131554113201604,36.233338095238096,9.09636908890102,34.984973333333336,7.371919879333326,37.97015872515834,34.269917620803405,1,0.1424987716077317,0
2023-12-08,36.89006666666667,239.55993055555555,6.508055555555556,0.1071805555555555,1133.0,2354.0,12283.0,2023,12,8,4,342,49,4,0,0,29.483600000000003,41.46556666666667,35.88533333333333,52.24903333333334,31.6509,43.50156666666667,25.017666666666667,35.6115,5.995675093024247,38.85927619047619,9.10312766106231,35.336192857142855,9.098615098865077,34.94289444444444,7.400497864328406,35.848519043868755,33.96112293557519,1,0.1497180357327925,0
2023-12-09,37.90973333333333,239.9150763888889,6.701527777777779,0.1395388888888889,4176.0,2428.0,8728.0,2023,12,9,5,343,49,4,1,0,36.89006666666667,29.483600000000003,41.46556666666667,49.10313333333333,23.259966666666667,36.39763333333334,36.1871,35.94641111111111,6.04646555071028,36.6651380952381,6.929334927426633,35.71041904761905,9.042952480395227,35.33864111111111,7.165137246453251,36.10890594956823,34.15008704726715,1,0.1836760078102919,0
2023-12-10,29.312566666666665,241.90383333333335,5.174583333333333,0.0868138888888888,1102.0,278.0,8281.0,2023,12,10,6,344,49,4,1,0,37.90973333333333,36.89006666666667,29.483600000000003,29.367666666666665,26.16193333333333,28.727566666666668,43.526666666666664,34.76113333333333,4.598825783948683,35.06608095238095,4.416644668366842,36.75683095238095,8.309255233264427,35.39606222222222,7.179060255146833,36.559112795509506,34.392644872185016,1,0.2012416223527486,0
2023-12-11,38.4184,241.4602361111111,6.7122222222222225,0.0928458333333333,1050.0,3817.0,12740.0,2023,12,11,0,345,50,4,0,0,29.312566666666665,37.90973333333333,36.89006666666667,34.4606,46.68353333333334,34.930933333333336,31.452066666666667,34.704122222222225,4.696975996240496,35.05820952380952,4.428526246737375,36.98187619047619,8.03848709971036,34.92225888888889,7.092482129220251,34.74747626329879,34.06489789117072,1,0.1816668333191567,0
2023-12-12,26.467699999999997,242.47632638888888,4.591111111111111,0.0811708333333333,1152.0,254.0,7759.0,2023,12,12,1,346,50,4,0,0,38.4184,29.312566666666665,37.90973333333333,35.88533333333333,27.415666666666667,29.251,35.93576666666667,35.21356666666666,5.116740778507801,35.62360952380953,4.5892459635105025,36.391509523809525,7.5604566569494756,35.154469999999996,7.088988275783972,35.665207197474096,34.345768994976666,1,0.1942805673892501,0
2023-12-13,30.79576666666667,241.82734027777775,5.419583333333334,0.0774236111111111,1103.0,1448.0,8911.0,2023,12,13,2,347,50,4,0,0,26.467699999999997,38.4184,29.312566666666665,41.46556666666667,28.657633333333333,32.2063,36.90663333333334,31.39955555555555,6.24271171761592,34.27823333333333,5.736709150723907,36.32379761904762,7.650734580322391,34.83886777777777,7.261661950277857,33.36583039810557,33.83750647915393,1,0.2284708228035275,0
2023-12-14,32.913466666666665,241.9859236111111,5.757777777777778,0.1246875,980.0,3849.0,12941.0,2023,12,14,3,348,50,4,0,0,30.79576666666667,26.467699999999997,38.4184,29.483600000000003,38.86213333333333,42.04363333333333,34.13323333333333,31.89395555555555,6.0505637546644495,32.753976190476195,4.85910290172199,36.47652142857143,7.505900871099375,34.635172222222224,7.28732141780271,32.72331446524585,33.64126520092252,1,0.2325023923360709,0
2023-12-15,45.6146,241.28064583333332,7.98,0.1094625,1706.0,3687.0,14313.0,2023,12,15,4,349,50,4,0,0,32.913466666666665,30.79576666666667,26.467699999999997,36.89006666666667,52.24903333333334,31.6509,24.866466666666668,30.058977777777773,3.285440667607633,33.24395714285715,4.642463309961419,36.05161666666667,7.528804792316767,34.59451333333333,7.293618568733616,32.77085251560106,33.594310456775546,1,0.1445592334945703,0
2023-12-16,46.036966666666665,242.6849861111111,7.992222222222222,0.0881513888888888,3410.0,2281.0,12929.0,2023,12,16,5,350,50,4,1,0,45.6146,32.913466666666665,30.79576666666667,37.90973333333333,49.10313333333333,23.259966666666667,38.4959,36.44127777777778,8.014583193593873,34.490319047619046,6.559719983377104,35.57772857142857,6.579853198007232,35.28611777777778,7.323008614619237,35.98178938670079,34.36981300797354,1,0.1439685943557312,0
2023-12-17,29.974933333333336,242.62617708333337,5.189930555555556,0.0730666666666666,1636.0,243.0,10567.0,2023,12,17,6,351,50,4,1,0,46.036966666666665,45.6146,32.913466666666665,29.312566666666665,29.367666666666665,26.16193333333333,43.50156666666667,41.521677777777775,7.457920105523466,35.65135238095238,7.856804332713093,35.358716666666666,6.130727438032493,35.53748666666667,7.562497444382427,38.49558370669226,35.12253259887714,1,0.2149424477674724,0
2023-12-18,43.7199,242.93998611111112,7.602083333333334,0.1000555555555555,1123.0,5810.0,11093.0,2023,12,18,0,352,51,4,0,0,29.974933333333336,46.036966666666665,45.6146,38.4184,34.4606,46.68353333333334,36.39763333333334,40.54216666666667,9.153928863668964,35.74597619047619,7.771262222128328,35.402092857142854,6.087071721885733,35.086598888888894,7.474014976011608,36.365421113352525,34.790429420446635,1,0.1642855508254632,0
2023-12-19,36.60086666666667,242.70109722222224,6.334444444444444,0.0759277777777777,1233.0,2658.0,11679.0,2023,12,19,1,353,51,4,0,0,43.7199,29.974933333333336,46.036966666666665,26.467699999999997,35.88533333333333,27.415666666666667,28.727566666666668,39.9106,8.68218311070311,36.50333333333333,8.314461118637395,36.063471428571425,6.468012131757077,35.33067444444444,7.636107481143572,38.2040408350144,35.36652429656037,1,0.1910181808510538,0
2023-12-20,32.49596666666667,243.1679375,5.613333333333333,0.0829402777777777,1859.0,276.0,13592.0,2023,12,20,2,354,51,4,0,0,36.60086666666667,43.7199,29.974933333333336,30.79576666666667,41.46556666666667,28.657633333333333,34.930933333333336,36.765233333333335,6.873957336773203,37.95092857142857,7.064092707683777,36.114580952380955,6.4693231251467065,35.59311777777778,7.535982757008238,37.803247292927466,35.446159288181875,1,0.1821593909611117,0
2023-12-21,33.04293333333333,242.88163194444445,5.713749999999999,0.0739375,1191.0,200.0,12251.0,2023,12,21,3,355,51,4,0,0,32.49596666666667,36.60086666666667,43.7199,32.913466666666665,29.483600000000003,38.86213333333333,29.251,37.60557777777778,5.679018681107748,38.19381428571428,6.801418331300783,35.47389523809524,6.341514431595139,35.51195222222222,7.556445681184746,36.47642713636227,35.25582428033827,1,0.1756705903319789,0
2023-12-22,43.52106666666667,242.14553472222224,7.593472222222222,0.0981347222222222,3819.0,4550.0,12673.0,2023,12,22,4,356,51,4,0,0,33.04293333333333,32.49596666666667,36.60086666666667,45.6146,36.89006666666667,52.24903333333334,32.2063,34.04658888888889,2.228911025175359,38.21230952380953,6.784821994654928,35.72813333333333,6.151381891872598,35.638349999999996,7.479428127332625,35.618053685605034,35.113057122464234,1,0.1336040910490076,0
2023-12-23,40.1508,242.5579375,6.982777777777779,0.1224111111111111,1971.0,3091.0,11962.0,2023,12,23,5,357,51,4,1,0,43.52106666666667,33.04293333333333,32.49596666666667,46.036966666666665,37.90973333333333,49.10313333333333,42.04363333333333,36.353322222222225,6.213470322554022,37.91323333333333,6.441606025530276,36.201776190476195,6.493502577526762,36.01550888888889,7.5849312916364,37.59380693087044,35.6555093511322,1,0.1547124972905426,0
2023-12-24,37.6308,242.6504236111111,6.549722222222223,0.1039958333333333,2985.0,2316.0,14350.0,2023,12,24,6,358,51,4,1,0,40.1508,43.52106666666667,33.04293333333333,29.974933333333336,29.312566666666665,29.367666666666665,31.6509,38.90493333333333,5.34901461496523,37.07235238095238,5.523100352353653,36.361852380952385,6.566063183277229,35.95241444444445,7.54080215996177,38.23305519815283,35.94552810267694,1,0.1709713164278103,0
2023-12-25,44.91613333333333,242.98086805555556,7.790972222222222,0.105425,4588.0,3368.0,9084.0,2023,12,25,0,359,52,4,0,0,37.6308,40.1508,43.52106666666667,43.7199,38.4184,34.4606,23.259966666666667,40.43422222222222,2.9553437140455885,38.16604761904762,4.556920500767737,36.95601190476191,6.247749477090109,36.15174444444445,7.502112799750371,38.08249139861462,36.05425532186078,1,0.108205864017975,0
2023-12-26,43.00466666666667,242.39239583333332,7.426111111111111,0.0974402777777777,1109.0,2773.0,9480.0,2023,12,26,1,360,52,4,0,0,44.91613333333333,37.6308,40.1508,36.60086666666667,26.467699999999997,35.88533333333333,26.16193333333333,40.89924444444444,3.699884762970315,38.3369380952381,4.81503033390807,37.42013571428571,6.596362968384737,36.87361666666666,7.256751411765758,39.7909018822943,36.62598938712548,1,0.1144402022173524,0
2023-12-27,42.2033,242.1116111111111,7.395833333333333,0.1323486111111111,4122.0,1490.0,7960.0,2023,12,27,2,361,52,4,0,0,43.00466666666667,44.91613333333333,37.6308,32.49596666666667,30.79576666666667,41.46556666666667,46.68353333333334,41.85053333333334,3.7773056876269018,39.25176666666666,5.033594962920703,38.601347619047615,5.931360807190801,37.43504111111111,7.047979614087171,40.59434307838739,37.03751695355316,1,0.1020355339853654,0
2023-12-28,51.8842,242.28447916666667,9.030555555555557,0.1436111111111111,1980.0,8554.0,15823.0,2023,12,28,3,362,52,4,0,0,42.2033,43.00466666666667,44.91613333333333,33.04293333333333,32.913466666666665,29.483600000000003,27.415666666666667,43.3747,1.3937573944002533,40.63852857142857,4.115649499547035,39.41617142857143,5.547732527165195,37.2857,6.890971314348363,40.99658230879054,37.370793279134666,1,0.0154738538182733,0
2023-12-29,54.982600000000005,240.55066666666667,9.56,0.1388138888888888,4836.0,2434.0,14906.0,2023,12,29,4,363,52,4,0,0,51.8842,42.2033,43.00466666666667,43.52106666666667,45.6146,36.89006666666667,28.657633333333333,45.697388888888895,5.3728968840876,43.3301380952381,4.466358525624461,40.77122380952381,6.124136362185034,38.10131777777778,7.126494416699107,43.718486731592904,38.30714209984692,-1,-0.022286716811823,0
2023-12-30,42.6486,242.0991736111111,7.465694444444445,0.1239138888888888,3595.0,3597.0,13485.0,2023,12,30,5,364,52,4,1,0,54.982600000000005,51.8842,42.2033,40.1508,46.036966666666665,37.90973333333333,38.86213333333333,49.69003333333333,6.666213516182558,44.967499999999994,6.28048415794106,41.44036666666667,7.124184111954516,38.978816666666674,7.53272204783009,46.53451504869468,39.3829780934173,1,0.0456340659840541,0
2023-12-31,36.942366666666665,241.09479166666668,6.455,0.1010666666666666,0.0,3457.0,14071.0,2023,12,31,6,365,52,4,1,0,42.6486,54.982600000000005,51.8842,37.6308,29.974933333333336,29.312566666666665,52.24903333333334,49.83846666666667,6.416436522972469,45.32432857142857,6.027054275835164,41.19834047619048,7.01269734753071,39.10503222222222,7.562363537134151,45.563036286521005,39.59366337771518,1,0.0733324734366177,0
2024-01-01,45.99563333333333,241.0366736111111,7.978611111111111,0.0989638888888888,2461.0,2739.0,12355.0,2024,1,1,0,1,1,1,0,0,36.942366666666665,42.6486,54.982600000000005,44.91613333333333,43.7199,38.4184,49.10313333333333,44.85785555555555,9.220797810525603,45.22598095238096,6.177263379758916,41.69601428571429,6.372983537669281,38.59481,7.150098821068531,43.40786888155741,39.422611977000685,1,0.0328801061639859,0
2024-01-02,27.401766666666667,242.41745138888888,4.770416666666667,0.0775458333333333,0.0,3094.0,8987.0,2024,1,2,1,2,1,1,0,0,45.99563333333333,36.942366666666665,42.6486,43.00466666666667,36.60086666666667,26.467699999999997,29.367666666666665,41.8622,4.577578841969323,45.38019523809525,6.181712034926233,41.85856666666667,6.457045251426837,38.49122666666667,7.013826057313689,44.05480999450139,39.846677870961535,1,0.0925950282591494,0
2024-01-03,25.168466666666667,243.0774583333333,4.401666666666666,0.0841541666666666,1130.0,846.0,6671.0,2024,1,3,2,3,1,1,0,0,27.401766666666667,45.99563333333333,36.942366666666665,42.2033,32.49596666666667,30.79576666666667,34.4606,36.77992222222222,9.297997663615146,43.15120952380952,9.238357527174106,41.2014880952381,7.428250437921395,38.42569666666667,7.110523705181085,39.89154916254271,39.04378037390333,1,0.0919261920164695,0
2024-01-04,38.19753333333333,241.2733819444444,6.715138888888888,0.0949347222222222,1241.0,5326.0,11752.0,2024,1,4,3,4,1,1,0,0,25.168466666666667,27.401766666666667,45.99563333333333,51.8842,33.04293333333333,32.913466666666665,35.88533333333333,32.855288888888886,11.434526501411469,40.717661904761904,11.497165802209349,40.67809523809524,8.296256203925465,38.11595888888889,7.4818882561863775,36.2107785385737,38.148598844396965,1,0.0913451798989031,0
2024-01-05,36.38746666666667,238.82294444444443,6.446805555555556,0.0899055555555555,2113.0,286.0,14591.0,2024,1,5,4,5,1,1,0,0,38.19753333333333,25.168466666666667,27.401766666666667,54.982600000000005,43.52106666666667,45.6146,41.46556666666667,30.25592222222222,6.967696714308969,38.76242380952381,10.39236668442746,41.04628095238095,8.041822941940675,38.19303222222222,7.470017447986097,36.70746723726361,38.151755908199334,1,0.1414523435694636,0
2024-01-06,30.419733333333333,239.40729166666668,5.390138888888889,0.0812208333333333,1966.0,2445.0,7824.0,2024,1,6,5,6,1,1,1,0,36.38746666666667,38.19753333333333,25.168466666666667,42.6486,40.1508,46.036966666666665,29.483600000000003,33.251155555555556,7.058079065182688,36.10597619047619,7.540524074765365,40.53673809523809,8.09875119658881,38.02376222222222,7.450814986252587,36.62746709461437,38.03793079584159,1,0.209370910668737,0
2024-01-07,28.26356666666667,240.7439375,4.915277777777778,0.080675,1288.0,282.0,10294.0,2024,1,7,6,7,1,1,1,0,30.419733333333333,36.38746666666667,38.19753333333333,36.942366666666665,37.6308,29.974933333333336,36.89006666666667,35.00157777777778,4.069896708672002,34.35899523809524,7.180074910406377,39.84166190476191,8.539987509747418,38.05496666666667,7.415692466241391,35.075533654294105,37.54643418535393,1,0.2236192447848991,0
2024-01-08,34.05916666666666,240.8218055555556,5.99,0.0885083333333333,2197.0,3511.0,9793.0,2024,1,8,0,8,2,1,0,0,28.26356666666667,30.419733333333333,36.38746666666667,45.99563333333333,44.91613333333333,43.7199,37.90973333333333,31.690255555555556,4.208337895222995,33.119166666666665,7.405415491832048,39.17257380952381,9.076617894933582,37.76741666666667,7.626668997074559,33.372541907387244,36.94753950672524,1,0.2276530344279279,0
2024-01-09,29.807333333333336,241.2586388888889,5.231944444444444,0.0870388888888888,1162.0,284.0,8963.0,2024,1,9,1,9,2,1,0,0,34.05916666666666,28.26356666666667,30.419733333333333,27.401766666666667,43.00466666666667,36.60086666666667,29.312566666666665,30.914155555555556,2.9292635320793172,31.413957142857143,4.895016193054306,38.39707619047619,9.01171803880998,37.63906444444445,7.656534182571338,33.5441980972071,36.76119287188168,1,0.2475157286250737,0
2024-01-10,31.567933333333333,240.80713888888891,5.5945833333333335,0.0836833333333333,1307.0,285.0,9992.0,2024,1,10,2,10,2,1,0,0,29.807333333333336,34.05916666666666,28.26356666666667,25.168466666666667,42.2033,32.49596666666667,38.4184,30.71002222222222,3.0013963854499437,31.757609523809524,4.64442300178646,37.45440952380952,9.181322647621704,37.65555666666667,7.638492002576229,32.60998190623866,36.312556772618066,1,0.2437868616920135,0
2024-01-11,28.4303,240.41004861111108,4.963472222222222,0.0663083333333333,1261.0,290.0,7997.0,2024,1,11,3,11,2,1,0,0,31.567933333333333,29.807333333333336,34.05916666666666,38.19753333333333,51.8842,33.04293333333333,26.467699999999997,31.811477777777775,2.136353691673145,32.67181904761905,3.6558790600111464,36.694740476190475,9.198144439111916,37.42720777777778,7.716894081248061,32.34946976301233,36.00645203459815,1,0.2173682013897017,0
2024-01-12,47.8568,239.96018055555552,8.523888888888889,0.1130027777777777,5594.0,2621.0,11116.0,2024,1,12,4,12,2,1,0,0,28.4303,31.567933333333333,29.807333333333336,36.38746666666667,54.982600000000005,43.52106666666667,30.79576666666667,29.935188888888888,1.5727193061462803,31.2765,3.000590746280799,35.019461904761904,8.312019444841825,37.492627777777784,7.628594843074055,31.36967732225925,35.517668032363694,1,0.092843947621837,0
2024-01-13,48.10175,239.74699652777775,8.45673611111111,0.1005312499999999,6505.5,341.5,9378.5,2024,1,13,5,13,2,1,1,0,47.8568,28.4303,31.567933333333333,30.419733333333333,42.6486,40.1508,32.913466666666665,35.95167777777778,10.428812831676876,32.91497619047619,6.8800848734459334,34.51047619047619,7.129619207803348,38.06132888888889,7.747154778302998,35.49145799169443,36.31374106253731,1,0.1315956360068433,0
2024-01-14,33.748866666666665,240.29900694444444,6.014583333333333,0.0834097222222222,5918.0,339.0,9738.0,2024,1,14,6,14,2,1,1,0,48.10175,47.8568,28.4303,28.26356666666667,36.942366666666665,37.6308,45.6146,41.462950000000006,11.287270469094858,35.44097857142857,8.791667009356027,34.89998690476191,7.731945296586711,38.56760499999999,7.894026360481913,38.644030993770826,37.074257768183216,1,0.2063234600748725,0
2024-01-15,44.781866666666666,240.7094861111111,7.891249999999999,0.0785722222222222,782.0,6883.0,14512.0,2024,1,15,0,15,3,1,0,0,33.748866666666665,48.10175,47.8568,34.05916666666666,45.99563333333333,44.91613333333333,46.036966666666665,43.235805555555565,8.216842899603252,36.22459285714286,8.274560355154687,34.671879761904755,7.714142942834694,38.17208055555556,7.825733029960074,37.420239911994784,36.85971640679422,1,0.1556998323713632,0
2024-01-16,35.59753333333333,240.42214583333333,6.319583333333334,0.0895347222222222,1162.0,3430.0,9391.0,2024,1,16,1,16,3,1,0,0,44.781866666666666,33.748866666666665,48.10175,29.807333333333336,27.401766666666667,43.00466666666667,29.974933333333336,42.21082777777778,7.513920130078886,37.75640714285714,8.783723335901088,34.58518214285714,7.582790368480959,38.13024388888889,7.785488614267085,39.26064660066275,37.370822875174944,1,0.177376285278403,0
2024-01-17,26.2047,241.62799305555555,4.6450000000000005,0.0810541666666666,1007.0,350.0,8657.0,2024,1,17,2,17,3,1,0,0,35.59753333333333,44.781866666666666,33.748866666666665,31.567933333333333,25.168466666666667,42.2033,43.7199,38.04275555555555,5.908985195195325,38.58357857142857,8.16094610058986,35.17059404761905,7.296515104403378,38.317663888888895,7.648873932746136,38.3448682838304,37.25641709828155,1,0.1651175031268463,0
2024-01-18,36.4498,239.93293055555552,6.432222222222222,0.0828402777777777,1034.0,846.0,14983.0,2024,1,18,3,18,3,1,0,0,26.2047,35.59753333333333,44.781866666666666,28.4303,38.19753333333333,51.8842,36.60086666666667,35.52803333333333,9.288778338822498,37.81740238095238,9.124275518598663,35.24461071428571,7.191751311721043,37.73382388888889,7.887061787460983,35.3098262128728,36.54340309193854,1,0.171824421065058,0
2024-01-19,33.0051,239.6059236111111,5.828888888888889,0.0937375,2521.0,6054.0,8015.0,2024,1,19,4,19,3,1,0,0,36.4498,26.2047,35.59753333333333,47.8568,36.38746666666667,54.982600000000005,32.49596666666667,32.750677777777774,5.684976553878485,38.96304523809523,8.206497270505057,35.119772619047616,7.151607003944785,37.728788333333334,7.887858260321735,35.5948196596546,36.5373641827812,1,0.1626520990053842,0
2024-01-20,29.00613333333333,239.94454166666668,5.148888888888889,0.0962597222222222,1775.0,380.0,4940.0,2024,1,20,5,20,3,1,1,0,33.0051,36.4498,26.2047,48.10175,30.419733333333333,42.6486,33.04293333333333,31.88653333333333,5.213339816598683,36.84137380952381,7.404586358516415,34.878175,7.162610697006342,37.74575944444445,7.876751252304669,34.947389744740946,36.309476170988226,1,0.2027615515533051,0
2024-01-21,30.9833,239.56475,5.519027777777778,0.085,0.0,376.0,10447.0,2024,1,21,6,21,3,1,1,0,29.00613333333333,33.0051,36.4498,33.748866666666665,28.26356666666667,36.942366666666665,43.52106666666667,32.82034444444444,3.7252710401516502,34.11342857142857,5.936757246998393,34.77720357142857,7.239843464031725,37.611199444444445,7.99347664586671,33.462075641889044,35.83829276210604,1,0.2352440392248399,0
2024-01-22,38.7503,240.09477777777775,6.92875,0.0996263888888888,4670.0,7640.0,7552.0,2024,1,22,0,22,4,1,0,0,30.9833,29.00613333333333,33.0051,44.781866666666666,34.05916666666666,45.99563333333333,40.1508,30.998177777777773,1.9995248464275792,33.71834761904761,6.0558882700704,34.971470238095236,7.086483445161971,37.19327388888889,8.001588344723979,32.842381731416786,35.52506742261457,1,0.2049018322069012,0
2024-01-23,31.3718,240.90704861111112,5.520277777777777,0.0749888888888888,1116.0,387.0,13359.0,2024,1,23,1,23,4,1,0,0,38.7503,30.9833,29.00613333333333,35.59753333333333,29.807333333333336,27.401766666666667,37.6308,32.913244444444445,5.1507970427814325,32.856695238095234,4.4302873064357335,35.306551190476185,7.150645835163029,37.146590555555555,7.987811954339325,34.31936129856259,35.733146943736685,1,0.2327735465908043,0
2024-01-24,27.417033333333332,240.77922916666668,4.887916666666667,0.0724347222222222,1107.0,320.0,5935.0,2024,1,24,2,24,4,1,0,0,31.3718,38.7503,30.9833,26.2047,31.567933333333333,25.168466666666667,44.91613333333333,33.7018,4.3764423051149794,32.25301904761905,4.279922497518068,35.41829880952381,7.0698635099690925,36.93795722222222,8.05617554053991,33.58247097392194,35.45176972155953,1,0.2375147411976849,0
2024-01-25,37.330933333333334,240.70544444444445,6.544027777777777,0.0830736111111111,0.0,2421.0,11409.0,2024,1,25,3,25,4,1,0,0,27.417033333333332,31.3718,38.7503,36.4498,28.4303,38.19753333333333,43.00466666666667,32.51304444444444,5.752178934623461,32.426209523809526,4.010424945236486,35.121805952380946,7.326153536706833,36.35465388888888,8.09202753702166,32.04111156377479,34.93339963199551,1,0.2033272720389505,0
2024-01-26,47.2498,239.76020833333337,8.366666666666667,0.1169597222222222,4925.0,311.0,15606.0,2024,1,26,4,26,4,1,0,0,37.330933333333334,27.417033333333332,31.3718,33.0051,47.8568,36.38746666666667,42.2033,32.03992222222222,4.990605552472592,32.55208571428572,4.1684763617051575,35.75756547619047,7.0829598486527265,36.165529444444445,7.996990360780418,33.36356700616442,35.0880792256305,1,0.1231283680684159,0
2024-01-27,39.6961,241.3036736111111,6.984861111111112,0.0977486111111111,3725.0,3818.0,7367.0,2024,1,27,5,27,4,1,1,0,47.2498,37.330933333333334,27.417033333333332,29.00613333333333,48.10175,30.419733333333333,51.8842,37.332588888888885,9.916383436982446,34.587042857142855,6.965239889828401,35.71420833333333,7.004623875761406,36.333746111111104,8.179371161101951,36.835125254623314,35.872706372365386,1,0.1890918653651514,0
2024-01-28,38.46993333333333,240.46677777777776,6.769583333333334,0.0748861111111111,1142.0,280.0,12792.0,2024,1,28,6,28,4,1,1,0,39.6961,47.2498,37.330933333333334,30.9833,33.748866666666665,28.26356666666667,54.982600000000005,41.42561111111112,5.180674232218369,36.11418095238095,6.704703060534959,35.11380476190476,6.171892327647831,35.92747611111111,7.66698792917556,37.55036894096748,36.11937692898738,1,0.1854676610120175,0
2024-01-29,44.6004,240.62310416666668,7.842222222222221,0.0813722222222222,1487.0,6199.0,11077.0,2024,1,29,0,29,5,1,0,0,38.46993333333333,39.6961,47.2498,38.7503,44.781866666666666,34.05916666666666,42.6486,41.805277777777775,4.75478578327309,37.1837,6.336860313015153,35.45102380952381,6.220362487162399,35.37705388888889,6.794967247395203,37.78026003905894,36.27102572926799,1,0.1440991877906667,0
2024-01-30,27.3441,241.61465277777776,4.826388888888889,0.0808819444444444,0.0,261.0,7261.0,2024,1,30,1,30,5,1,0,0,44.6004,38.46993333333333,39.6961,31.3718,35.59753333333333,29.807333333333336,36.942366666666665,40.92214444444445,3.243924185703723,38.01942857142857,6.935403129045986,35.4380619047619,6.199577697953871,35.44211388888889,6.875853711090934,39.4852950292942,36.80840471447727,1,0.1813746514822085,0
2024-01-31,32.56536666666667,241.88574999999997,5.793333333333333,0.0955388888888888,1165.0,267.0,9437.0,2024,1,31,2,31,5,1,0,0,27.3441,44.6004,38.46993333333333,27.417033333333332,26.2047,31.567933333333333,45.99563333333333,36.804811111111114,8.747825240235668,37.444042857142854,7.703387705171688,34.848530952380955,6.564901200231223,35.12217166666667,7.025323021691032,36.44999627197065,36.19780441031663,1,0.1904503603319933,0
2024-02-01,25.577533333333335,240.36027083333332,4.5176388888888885,0.1244791666666666,336.0,280.0,7241.0,2024,2,1,3,32,5,1,0,0,32.56536666666667,27.3441,44.6004,37.330933333333334,36.4498,28.4303,27.401766666666667,34.836622222222225,8.849515454050682,38.179519047619046,6.7765180047326306,35.302864285714286,6.126111978984201,34.67449611111111,6.730251889312537,35.47883887064465,35.96345358814538,1,0.1670580122544567,0
2024-02-02,49.00745,240.28889930555556,8.656319444444446,0.1607097222222222,6283.5,2764.0,15205.0,2024,2,2,4,33,5,1,0,0,25.577533333333335,32.56536666666667,27.3441,47.2498,33.0051,47.8568,25.168466666666667,28.49566666666667,3.633460198549608,36.500461904761906,8.305444937072972,34.52627380952381,6.6373275760910175,34.613688333333336,6.806041015783499,33.00351248631682,35.2933942168664,1,0.1097254589953113,0
2024-02-03,34.7428,240.34072222222224,6.135694444444444,0.1067416666666666,2319.0,4435.0,8452.0,2024,2,3,5,34,5,1,1,0,49.00745,25.577533333333335,32.56536666666667,39.6961,29.00613333333333,48.10175,38.19753333333333,35.71678333333333,12.02866655149044,36.75155476190477,8.701701385216188,35.669298809523816,7.655078422813285,35.408321111111114,7.052435529380686,37.00449686473762,36.1781720093276,1,0.1939618101219857,0
2024-02-04,27.13563333333333,240.25520833333337,4.777222222222222,0.0722458333333333,1161.0,252.0,9531.0,2024,2,4,6,35,5,1,1,0,34.7428,49.00745,25.577533333333335,38.46993333333333,30.9833,33.748866666666665,36.38746666666667,36.442594444444445,11.807083662647598,36.04394047619048,8.623392267332083,36.07906071428572,7.420931374228494,35.29316333333334,7.033500953200062,36.439072648553214,36.08556736356444,1,0.2004249985603537,0
2024-02-05,41.2076,240.97691666666668,7.2105555555555565,0.1061013888888888,1098.0,7803.0,13717.0,2024,2,5,0,36,6,1,0,0,27.13563333333333,34.7428,49.00745,44.6004,38.7503,44.781866666666666,30.419733333333333,36.961961111111115,11.10349485985701,34.424754761904765,9.14054633072552,35.80422738095238,7.690521343729516,34.98476888888889,7.185062368687504,34.11321281974824,35.508152264839296,1,0.1771280084660407,0
2024-02-06,27.825666666666667,238.41371527777775,4.9336111111111105,0.0793472222222222,2114.0,356.0,8428.0,2024,2,6,1,37,6,1,0,0,41.2076,27.13563333333333,34.7428,27.3441,31.3718,35.59753333333333,28.26356666666667,34.36201111111111,7.043707234146716,33.94006904761905,8.584058045448652,35.979748809523805,7.79032597311372,35.344364444444444,7.218590282956476,35.88680961481118,35.87585857033386,1,0.2231188026018352,0
2024-02-07,25.305166666666665,241.07054861111112,4.439305555555555,0.0754902777777777,0.0,295.0,8089.0,2024,2,7,2,38,6,1,0,0,27.825666666666667,41.2076,27.13563333333333,32.56536666666667,27.417033333333332,26.2047,34.05916666666666,32.0563,7.932764667363953,34.00886428571429,8.524105959682283,35.72645357142857,8.00632907647299,35.329767777777775,7.233828698995843,33.87152387777505,35.35649135074199,1,0.2095171906079432,0
2024-02-08,32.5094,240.43311805555555,5.747222222222222,0.0827041666666666,940.0,1921.0,9563.0,2024,2,8,3,39,6,1,0,0,25.305166666666665,27.825666666666667,41.2076,25.577533333333335,37.330933333333334,36.4498,29.807333333333336,31.44614444444444,8.547089620731429,32.971692857142855,9.14788581525125,35.575605952380954,8.192656912183764,35.03796777777777,7.459878511535938,31.72993457499795,34.708018790478555,1,0.2215718875554841,0
2024-02-09,35.03793333333333,241.7645069444445,6.09,0.1003666666666666,2050.0,2838.0,10293.0,2024,2,9,4,40,6,1,0,0,32.5094,25.305166666666665,27.825666666666667,49.00745,47.2498,33.0051,31.567933333333333,28.54674444444444,3.6558459146251328,33.96195952380952,8.571061898987928,35.231210714285716,8.21450446212514,35.12803666666667,7.410697256441902,31.924800931248463,34.56617241689919,1,0.2150522037780496,0
2024-02-10,36.4119,241.2752013888889,6.396805555555555,0.1053722222222222,2562.0,2955.0,10128.0,2024,2,10,5,41,6,1,1,0,35.03793333333333,32.5094,25.305166666666665,34.7428,39.6961,29.00613333333333,28.4303,30.950833333333332,5.050102403692206,31.966314285714287,5.59302167903617,34.35893452380952,7.453207019853208,35.24370333333333,7.380232218815817,32.703084031769684,34.596608605056254,1,0.2319039319195303,0
2024-02-11,28.200266666666668,241.69219444444445,4.931805555555556,0.0710041666666666,1018.0,297.0,8930.0,2024,2,11,6,42,6,1,1,0,36.4119,35.03793333333333,32.5094,27.13563333333333,38.46993333333333,30.9833,47.8568,34.653077777777774,1.9795105232056436,32.20475714285714,5.7640802021597946,34.12434880952381,7.322844860033735,35.50975666666667,7.269173665720587,33.63028802382726,34.71372417892366,1,0.2508776386175626,0
2024-02-12,33.12996666666667,239.5091527777778,5.847083333333333,0.0909347222222222,2009.0,1856.0,12138.0,2024,2,12,0,43,7,1,0,0,28.200266666666668,36.4119,35.03793333333333,41.2076,44.6004,38.7503,48.10175,33.216699999999996,4.398340441701999,32.35684761904762,5.620286627456041,33.39080119047619,7.368279696017105,34.85453888888889,6.998732748801302,32.27278268453711,34.29350111361651,1,0.2406984054672181,0
2024-02-13,31.674966666666663,241.20309722222223,5.5801388888888885,0.0892208333333333,2530.0,3615.0,7568.0,2024,2,13,1,44,7,1,0,0,33.12996666666667,28.200266666666668,36.4119,27.825666666666667,27.3441,31.3718,33.748866666666665,32.58071111111111,4.13327857145625,31.2029,4.132522640568829,32.571484523809524,6.6263176094560645,34.35547944444444,6.540323939672674,32.4870786800695,34.21843437510357,1,0.2387181757766263,0
2024-02-14,26.7437,240.76481944444447,4.68375,0.0789208333333333,1300.0,291.0,9299.0,2024,2,14,2,45,7,1,0,0,31.674966666666663,33.12996666666667,28.200266666666668,25.305166666666665,32.56536666666667,27.417033333333332,44.781866666666666,31.001733333333338,2.532867517919824,31.7528,3.855015610190707,32.88083214285714,6.46257603921761,34.28634944444445,6.557893587442792,32.28405067671879,34.05433968423659,1,0.2336179719370048,0
2024-02-15,33.42013333333333,241.89060416666663,5.78125,0.0749666666666666,1109.0,1723.0,13417.0,2024,2,15,3,46,7,1,0,0,26.7437,31.674966666666663,33.12996666666667,32.5094,25.577533333333335,37.330933333333334,35.59753333333333,30.516211111111108,3.347108649654586,31.95830476190476,3.4734793768308285,32.464998809523806,6.668453789363372,33.685077222222226,6.387117722269671,30.898963007539095,33.58268551105981,1,0.2145859024420612,0
2024-02-16,39.1158,241.08755555555555,6.893888888888889,0.0965236111111111,1076.0,2360.0,11599.0,2024,2,16,4,47,7,1,0,0,33.42013333333333,26.7437,31.674966666666663,35.03793333333333,49.00745,47.2498,26.2047,30.61293333333333,3.4626040221839403,32.088409523809524,3.514377610969832,33.02518452380952,6.36800521852663,33.612497222222224,6.3769995710369045,31.529255588987652,33.57219827378713,1,0.1805592492852357,0
2024-02-17,32.2228,242.46983333333333,5.654444444444445,0.0833861111111111,3182.0,2257.0,6049.0,2024,2,17,5,48,7,1,1,0,39.1158,33.42013333333333,26.7437,36.4119,34.7428,39.6961,36.4498,33.09321111111111,6.192525591956586,32.6709619047619,4.328472694861094,32.31863809523809,4.818579851180014,34.04286722222222,6.294967650796,33.42589169174074,33.92984999805908,1,0.2293640478640456,0
2024-02-18,25.240066666666667,242.06393055555552,4.37625,0.0708138888888888,0.0,251.0,10345.0,2024,2,18,6,49,7,1,1,0,32.2228,39.1158,33.42013333333333,28.200266666666668,27.13563333333333,38.46993333333333,33.0051,34.919577777777775,3.683016763671042,32.072519047619046,4.002360751451719,32.13863809523809,4.767859358152366,33.901967222222225,6.286536377132076,33.12511876880555,33.81971774011974,1,0.232572772042842,0
2024-02-19,35.448600000000006,241.01013194444445,6.219722222222222,0.0955333333333333,1881.0,4711.0,11200.0,2024,2,19,0,50,8,1,0,0,25.240066666666667,32.2228,39.1158,33.12996666666667,41.2076,44.6004,29.00613333333333,32.19288888888888,6.937915024729728,31.649633333333338,4.592559022544486,32.00324047619048,4.944506299245519,33.64313277777778,6.481565214701035,31.153855743270828,33.26619186441289,1,0.2349052043280034,0
2024-02-20,37.56316666666667,241.6696875,6.608333333333333,0.1321305555555555,3655.0,5516.0,7704.0,2024,2,20,1,51,8,1,0,0,35.448600000000006,25.240066666666667,32.2228,31.674966666666663,27.825666666666667,27.3441,30.9833,30.97048888888889,5.218213347852282,31.980866666666664,4.796219736455955,31.59188333333333,4.319963633052678,33.857881666666664,6.429148001752274,32.22754180745312,33.40699238928953,1,0.2224772310392004,0
2024-02-21,27.230833333333333,240.7503888888889,4.788472222222222,0.0779680555555555,0.0,307.0,8523.0,2024,2,21,2,52,8,1,0,0,37.56316666666667,35.448600000000006,25.240066666666667,26.7437,25.305166666666665,32.56536666666667,38.7503,32.75061111111111,6.589693197405031,32.82203809523809,5.230325920955342,32.287419047619046,4.4489080158072225,34.07721055555556,6.439927015950956,33.561448022256506,33.67513266524943,1,0.2433974414863742,0
2024-02-22,28.876066666666667,241.43576388888889,5.055277777777778,0.0845055555555555,1167.0,1985.0,10101.0,2024,2,22,3,53,8,1,0,0,27.230833333333333,37.56316666666667,35.448600000000006,33.42013333333333,32.5094,25.577533333333335,31.3718,33.4142,5.458329922950615,32.89162857142857,5.138406566978279,32.42496666666666,4.2413578453495155,33.69322833333333,6.494875924211538,31.978794350025712,33.259371418028906,1,0.2390957697414792,0
2024-02-23,30.6089,239.6676111111111,5.411527777777778,0.0920166666666666,1684.0,2250.0,10074.0,2024,2,23,4,54,8,1,0,0,28.876066666666667,27.230833333333333,37.56316666666667,39.1158,35.03793333333333,49.00745,27.417033333333332,31.223355555555553,5.551720622807288,32.24247619047619,5.343453326534856,32.16544285714286,4.3456710427583385,33.610037222222225,6.541452382869547,31.20311242918595,32.976577563102225,1,0.2484801617546796,0
2024-02-24,21.050133333333335,240.37779861111113,3.638888888888889,0.0745361111111111,754.0,332.0,11447.0,2024,2,24,5,55,8,1,1,0,30.6089,28.876066666666667,27.230833333333333,32.2228,36.4119,34.7428,37.330933333333334,28.905266666666662,1.6892226262724848,31.02720476190476,4.404595312113381,31.849083333333336,4.281207556181177,33.716432777777776,6.462734838192159,31.054559321889464,32.8238241719343,1,0.2384003330738293,1
2024-02-25,8.408133333333334,239.77600694444445,1.4555555555555555,0.0636944444444444,0.0,321.0,1856.0,2024,2,25,6,56,8,1,1,0,21.050133333333335,30.6089,28.876066666666667,25.240066666666667,28.200266666666668,27.13563333333333,47.2498,26.845033333333333,5.092772069097277,29.43110952380953,5.725420296579603,30.75181428571429,4.939757311830263,33.17373944444444,6.822317211267596,28.553452824750433,32.064231214605016,1,0.1412515916013937,1
2024-02-26,8.452,239.5333263888889,1.4590277777777778,0.0587430555555555,0.0,295.0,2013.0,2024,2,26,0,57,9,1,0,0,8.408133333333334,21.050133333333335,30.6089,35.448600000000006,33.12996666666667,41.2076,39.6961,20.022388888888887,11.136009344880158,27.02654761904762,9.837088724422888,29.338090476190477,7.755716021163256,31.87901722222222,7.689417152274571,23.517122951896155,30.53803135129681,1,0.1111941032740246,1
2024-02-27,9.445333333333334,239.5540208333333,1.6341666666666663,0.0598388888888888,0.0,326.0,2969.0,2024,2,27,1,58,9,1,0,0,8.452,8.408133333333334,21.050133333333335,37.56316666666667,31.674966666666663,27.825666666666667,38.46993333333333,12.636755555555553,7.286231899604423,23.16989047619048,11.184633134759116,27.57537857142857,9.4474864696267,30.83754722222222,8.650025927921678,19.750842213922116,29.11312610282573,1,0.0903776735611012,1
2024-02-28,8.4864,239.80427083333336,1.4669444444444446,0.0578111111111111,0.0,281.0,2028.0,2024,2,28,2,59,9,1,0,0,9.445333333333334,8.452,8.408133333333334,27.230833333333333,26.7437,25.305166666666665,44.6004,8.768488888888887,0.5865746948091872,19.153057142857143,10.155692404038598,25.98754761904762,10.513398139213937,29.87006055555555,9.360883564013188,17.17446499377492,27.844236246729185,1,0.1049366166654569,1
2024-02-29,22.222466666666666,238.03849305555556,3.872638888888889,0.0617694444444444,0.0,3773.0,8062.0,2024,2,29,3,60,9,1,0,0,8.4864,9.445333333333334,8.452,28.876066666666667,33.42013333333333,32.5094,27.3441,8.794577777777777,0.5638332508931306,16.475280952380952,10.142010306710686,24.683454761904763,11.49855914945907,28.666260555555553,9.716608776370238,15.00244874533119,26.59534358564964,1,0.1445686280336777,1
2024-03-01,19.031266666666667,239.4315138888889,3.277638888888889,0.0730263888888888,0.0,1287.0,2724.0,2024,3,1,4,61,9,1,0,1,22.222466666666666,8.4864,9.445333333333334,30.6089,39.1158,35.03793333333333,32.56536666666667,13.38473333333333,7.668704984400956,15.524766666666666,9.037777693474416,23.883621428571427,11.230418361841425,28.495539444444443,9.785390407683009,16.80745322566506,26.313222494102305,1,0.1561577159823834,1
2024-03-02,19.370433333333335,239.74624305555557,3.425,0.1004930555555555,0.0,5244.0,2565.0,2024,3,2,5,62,9,1,1,1,19.031266666666667,22.222466666666666,8.4864,21.050133333333335,32.2228,36.4119,25.577533333333335,16.580044444444443,7.188619454026857,13.87081904761905,6.528198048547166,22.449011904761907,10.386020469354388,28.04440277777778,9.902569040276042,17.36340658591546,25.843418892332185,1,0.1693160286052979,1
2024-03-03,17.342499999999998,240.3519861111111,2.9775,0.0793986111111111,0.0,2207.0,1755.0,2024,3,3,6,63,9,1,1,1,19.370433333333335,19.031266666666667,22.222466666666666,8.408133333333334,25.240066666666667,28.200266666666668,49.00745,20.208055555555557,1.7527542897877226,13.630861904761906,6.245056261182977,21.530985714285716,10.017117574617606,27.837499444444447,10.020037452116084,17.865163272769927,25.42580692078381,1,0.1715425772862236,1
2024-03-04,27.8165,241.02641666666665,4.867638888888889,0.0756652777777777,1249.0,2443.0,9415.0,2024,3,4,0,64,10,1,0,1,17.342499999999998,19.370433333333335,19.031266666666667,8.452,35.448600000000006,33.12996666666667,34.7428,18.5814,1.0862381941559551,14.9072,5.903395312837062,20.966873809523808,10.014548640854049,26.78200111111111,9.35909896668256,17.734497454577443,24.904303248475095,1,0.1630713768988249,1
2024-03-05,33.95346666666667,241.06524305555556,5.970833333333333,0.0978458333333333,1145.0,9797.0,5529.0,2024,3,5,1,65,10,1,0,1,27.8165,17.342499999999998,19.370433333333335,9.445333333333334,37.56316666666667,31.674966666666663,27.13563333333333,21.50981111111111,5.555076233233536,17.673557142857142,6.837540418831231,20.421723809523808,9.351354259878596,26.551124444444444,9.24062622620806,20.25499809093308,25.092186909863827,1,0.1495828880272054,0
2024-03-06,41.72013333333334,240.4292291666667,7.214583333333334,0.0737388888888888,1082.0,372.0,6965.0,2024,3,6,2,66,10,1,0,1,33.95346666666667,27.8165,17.342499999999998,8.4864,27.230833333333333,26.7437,41.2076,26.37082222222222,8.39931792338805,21.17471904761905,8.08328108026298,20.163888095238097,8.880272156120645,26.778385555555552,9.33881335199212,23.67961523486648,25.66388237804473,1,0.132790696581362,0
2024-03-07,31.049266666666664,240.81606944444445,5.441666666666666,0.0898555555555555,1235.0,3471.0,9033.0,2024,3,7,3,67,10,1,0,1,41.72013333333334,33.95346666666667,27.8165,22.222466666666666,28.876066666666667,33.42013333333333,27.825666666666667,34.496700000000004,6.967717115941076,25.92239523809524,9.086383600250311,21.198838095238095,10.469385145048456,26.79547,9.366548053469687,28.18974475948319,26.69976953645057,1,0.2174089229762255,0
2024-03-08,37.477666666666664,241.59095138888887,6.588333333333334,0.1646388888888889,6286.0,346.0,8435.0,2024,3,8,4,68,10,1,0,1,31.049266666666664,41.72013333333334,33.95346666666667,19.031266666666667,30.6089,39.1158,25.305166666666665,35.57428888888889,5.516987163432778,27.183366666666668,9.099809505250663,21.354066666666665,10.607174969625058,26.90292333333333,9.397214453459153,28.904625236279063,26.980382254529054,1,0.186300810425448,0
2024-03-09,26.007633333333334,240.74638194444444,4.591111111111111,0.0941486111111111,2607.0,333.0,4155.0,2024,3,9,5,69,10,1,1,1,37.477666666666664,31.049266666666664,41.72013333333334,19.370433333333335,21.050133333333335,32.2228,32.5094,36.749022222222216,5.372619556534777,29.818566666666666,9.016144066720022,21.844692857142856,11.209908498152632,27.30867333333333,9.586727397040333,31.047885593875964,27.65762641015091,1,0.2236292278936573,0
2024-03-10,26.9781,241.72734722222225,4.7125,0.0882805555555555,2009.0,368.0,8660.0,2024,3,10,6,70,10,1,1,1,26.007633333333334,37.477666666666664,31.049266666666664,17.342499999999998,8.408133333333334,25.240066666666667,35.03793333333333,31.511522222222215,5.748971761621903,30.766738095238093,8.029234524591892,22.1988,11.261062572459831,27.09194777777778,9.53847195815188,29.787822528740307,27.55117524390461,1,0.2394444909790778,0
2024-03-11,36.667366666666666,240.4241527777778,6.466944444444445,0.1049305555555555,1271.0,3901.0,12936.0,2024,3,11,0,71,11,1,0,1,26.9781,26.007633333333334,37.477666666666664,27.8165,8.452,35.448600000000006,36.4119,30.15446666666666,6.360612790272474,32.14325238095238,5.883475608756703,23.52522619047619,10.585103555421918,26.823286666666665,9.419714987059828,29.08539189655523,27.51420264752366,1,0.229655040269835,0
2024-03-12,29.570533333333337,241.05720833333336,5.1722222222222225,0.0959680555555555,1120.0,2374.0,11042.0,2024,3,12,1,72,11,1,0,1,36.667366666666666,26.9781,26.007633333333334,33.95346666666667,9.445333333333334,37.56316666666667,28.200266666666668,29.88436666666666,5.89425721679821,33.4076619047619,5.748150647959694,25.540609523809525,10.172460383913824,26.831802222222223,9.428793232169902,30.98088558908309,28.104729358436163,1,0.2391722587882228,0
2024-03-13,27.92523333333333,240.802625,4.941666666666666,0.0892180555555555,3263.0,3590.0,5464.0,2024,3,13,2,73,11,1,0,1,29.570533333333337,36.667366666666666,26.9781,41.72013333333334,8.4864,27.230833333333333,33.12996666666667,31.071999999999992,5.016101449111441,32.781528571428574,5.915076322522727,26.978123809523805,9.0870933880881,26.877477777777777,9.438964507255012,30.62829752514565,28.199297356816633,1,0.2475117081639279,0
2024-03-14,36.837,240.6273680555555,6.44625,0.1109361111111111,980.0,3881.0,14476.0,2024,3,14,3,74,11,1,0,1,27.92523333333333,29.570533333333337,36.667366666666666,31.049266666666664,22.222466666666666,28.876066666666667,31.674966666666663,31.387711111111106,4.645731924194682,30.81082857142857,4.590354131720344,28.366611904761903,7.366457448898281,26.703986666666665,9.367641806693523,29.952531477192572,28.181615806914483,1,0.2247851580007644,0
2024-03-15,26.271666666666665,240.19799305555551,4.6506944444444445,0.1072305555555555,2550.0,502.0,5910.0,2024,3,15,4,75,11,1,0,1,36.837,27.92523333333333,29.570533333333337,37.477666666666664,19.031266666666667,30.6089,26.7437,31.444255555555547,4.742153783336738,31.637647619047616,5.129986801905424,29.41050714285714,7.46366558492679,26.87605444444444,9.5084495545033,31.673648607894428,28.740027690339392,1,0.254630817334057,0
2024-03-16,30.032666666666668,241.29466666666667,5.298333333333334,0.1205916666666666,2394.0,566.0,11286.0,2024,3,16,5,76,11,1,1,1,26.271666666666665,36.837,27.92523333333333,26.007633333333334,19.370433333333335,21.050133333333335,33.42013333333333,30.344633333333324,5.683017629843421,30.036790476190475,4.7372515148245755,29.927678571428572,6.920210702594911,26.86032,9.509066662003184,30.323153122587488,28.580778592037916,1,0.2514684404058351,0
2024-03-17,28.448633333333337,240.8052291666667,5.006944444444445,0.1217180555555555,236.0,6651.0,9346.0,2024,3,17,6,77,11,1,1,1,30.032666666666668,26.271666666666665,36.837,26.9781,17.342499999999998,8.408133333333334,39.1158,31.047111111111104,5.355220841315449,30.611795238095233,4.39887879424449,30.68926666666667,6.220292323674667,26.747404444444445,9.448404808648975,30.250531508607285,28.674448790401065,1,0.2509689650799558,0
2024-03-18,31.959433333333333,241.9289861111111,5.571944444444445,0.1023888888888888,1156.0,4019.0,12544.0,2024,3,18,0,78,12,1,0,1,28.448633333333337,30.032666666666668,26.271666666666665,36.667366666666666,27.8165,8.452,32.2228,28.250988888888884,1.888273747319146,30.821871428571427,4.228226818674418,31.4825619047619,4.969679530672226,26.39183222222222,9.163311915143572,29.8000569647888,28.659880051235405,1,0.2402349627059881,0
2024-03-19,21.807466666666667,242.40221527777777,3.825555555555556,0.0989569444444444,2110.0,411.0,6154.0,2024,3,19,1,79,12,1,0,1,31.959433333333333,28.448633333333337,30.032666666666668,29.570533333333337,33.95346666666667,9.445333333333334,25.240066666666667,30.14691111111111,1.7581859983559296,30.149309523809524,3.445414055411377,31.77848571428571,4.856650429635401,26.383053333333333,9.157657352169185,30.339901056924933,28.872754456532057,1,0.2305532798174618,0
2024-03-20,20.8879,241.76258333333337,3.6595833333333334,0.0839263888888888,1107.0,478.0,6670.0,2024,3,20,2,80,12,1,0,1,21.807466666666667,31.959433333333333,28.448633333333337,27.92523333333333,41.72013333333334,8.4864,35.448600000000006,27.405177777777777,5.155793481375335,29.0403,4.6880577639120835,30.910914285714284,5.482734089689368,26.268633333333337,9.193803711616772,28.20679245936037,28.416929437831037,1,0.2464347572907678,1
2024-03-21,34.4407,241.36990972222225,6.038194444444445,0.1554333333333333,2171.0,4778.0,13275.0,2024,3,21,3,81,12,1,0,1,20.8879,21.807466666666667,31.959433333333333,36.837,31.049266666666664,22.222466666666666,37.56316666666667,24.884933333333333,6.143924918251419,28.034966666666666,5.627472788291506,29.42289761904762,5.139647839069549,25.783276666666666,9.076054406934482,26.377069344520276,27.931185603132235,1,0.2423292690757794,0
2024-03-22,34.22526666666667,241.61215277777777,6.020277777777778,0.1289444444444444,3322.0,588.0,12405.0,2024,3,22,4,82,12,1,0,1,34.4407,20.8879,21.807466666666667,26.271666666666665,37.477666666666664,19.031266666666667,27.230833333333333,25.712022222222217,7.573226691761873,27.692638095238095,5.045592246022271,29.665142857142857,5.299633112884761,25.67919444444444,8.953381794958188,28.39297700839021,28.351154273897915,1,0.239556211103624,0
2024-03-23,38.76649999999999,242.65262500000003,6.790555555555556,0.1058652777777777,6279.0,2112.0,13878.0,2024,3,23,5,83,12,1,1,1,34.22526666666667,34.4407,20.8879,30.032666666666668,26.007633333333334,19.370433333333335,28.876066666666667,29.851288888888885,7.763269811127936,28.828866666666663,5.543268821499275,29.432828571428576,4.993249801993093,25.91234222222222,9.08527674415726,29.851049422959328,28.730129266979784,1,0.2163665676275181,0
2024-03-24,32.93783333333333,242.7059201388889,5.758611111111111,0.0910527777777777,1131.0,5988.5,7026.0,2024,3,24,6,84,12,1,1,1,38.76649999999999,34.22526666666667,34.4407,28.448633333333337,26.9781,17.342499999999998,30.6089,35.810822222222214,2.561957498635618,30.076557142857148,6.71785278842354,30.344176190476187,5.462323848702825,26.242023333333332,9.37147243530088,32.079912067219496,29.37763705620692,1,0.2393003466166634,0
2024-03-25,33.5976,242.1382152777778,5.870555555555556,0.0887722222222222,2246.0,3677.0,13494.0,2024,3,25,0,85,13,1,0,1,32.93783333333333,38.76649999999999,34.22526666666667,31.959433333333333,36.667366666666666,27.8165,21.050133333333335,35.30986666666666,3.061961242043765,30.717871428571424,6.750741365938055,30.769871428571427,5.4118127356856665,26.31965444444444,9.418422583013555,32.294392383747955,29.607327138602184,1,0.2414368033993332,0
2024-03-26,27.224533333333333,242.8097986111111,4.763055555555556,0.0927763888888889,2547.0,3831.0,7547.0,2024,3,26,1,86,13,1,0,1,33.5976,32.93783333333333,38.76649999999999,21.807466666666667,29.570533333333337,33.95346666666667,8.408133333333334,35.100644444444434,3.191816994951256,30.951895238095236,6.828897478320849,30.550602380952377,5.213022274861214,26.737903333333335,9.454877430216047,32.62019428781097,29.864764097402052,1,0.2518367358070682,0
2024-03-27,22.847033333333336,242.0955416666667,3.9608333333333334,0.0808611111111111,0.0,356.0,9022.0,2024,3,27,2,87,13,1,0,1,27.224533333333333,33.5976,32.93783333333333,20.8879,27.92523333333333,41.72013333333334,8.452,31.25332222222222,3.504593834816971,31.725761904761903,5.857809746585728,30.383030952380953,5.284170071628233,27.365116666666665,8.798316753064727,31.271279049191556,29.69442662875245,1,0.2431182036666127,0
2024-03-28,31.423733333333335,242.32334027777776,5.479027777777778,0.0955833333333333,2325.0,3605.0,11581.0,2024,3,28,3,88,13,1,0,1,22.847033333333336,27.224533333333333,33.5976,34.4407,36.837,31.049266666666664,9.445333333333334,27.88972222222222,5.406064012480504,32.0056380952381,5.271114141678417,30.020302380952383,5.628911469050155,27.84495111111111,8.09576478265933,29.165217620227004,29.25265931937056,1,0.2490000990446506,0
2024-03-29,41.185833333333335,241.2535486111111,7.209305555555555,0.121575,5153.0,375.0,17240.0,2024,3,29,4,89,13,1,0,1,31.423733333333335,22.847033333333336,27.224533333333333,34.22526666666667,26.271666666666665,37.477666666666664,8.4864,27.165099999999995,4.2886588770072445,31.57464285714286,5.161018216280779,29.63364047619047,5.301012416013722,28.577564444444445,7.331699934621906,29.729846548503588,29.392728610593977,1,0.1952781541434526,0
2024-03-30,35.773199999999996,241.16375694444443,6.2775,0.1222013888888888,5045.0,1315.0,9769.0,2024,3,30,5,90,13,1,1,1,41.185833333333335,31.423733333333335,22.847033333333336,38.76649999999999,30.032666666666668,26.007633333333334,22.222466666666666,31.81886666666666,9.1757830250793,32.56900952380953,6.301381786140886,30.698938095238095,6.022852569263741,29.667545555555556,6.639829362608436,32.593843244711024,30.15357407657718,1,0.2329742451304358,0
2024-03-31,22.9595,242.72704166666668,4.005972222222223,0.090875,1091.0,411.0,9387.0,2024,3,31,6,91,13,1,1,1,35.773199999999996,41.185833333333335,31.423733333333335,32.93783333333333,28.448633333333337,26.9781,19.031266666666667,36.12758888888888,4.890689390661239,32.141395238095235,5.899469539035661,31.10897619047619,6.167671102874712,30.119236666666666,6.57650403856775,33.38868243353327,30.516130587765755,1,0.2401983118885081,0
2024-04-01,35.4842,241.61580555555557,6.202500000000001,0.1183305555555555,1079.0,6657.0,14515.0,2024,4,1,0,92,14,2,0,1,22.9595,35.773199999999996,41.185833333333335,33.5976,31.959433333333333,36.667366666666666,19.370433333333335,33.30617777777777,9.36025938092254,30.71591904761905,6.810181776680226,30.71689523809524,6.514519418301608,30.250177777777775,6.384426469225264,30.78138682514995,30.02860603371634,1,0.2347977630404925,0
2024-04-02,28.194533333333332,238.66715972222224,5.007638888888889,0.0989861111111111,1106.0,3674.0,7989.0,2024,4,2,1,93,14,2,0,1,35.4842,22.9595,35.773199999999996,27.224533333333333,21.807466666666667,29.570533333333337,17.342499999999998,31.405633333333327,7.315993197326896,30.985433333333333,6.978483687576885,30.968664285714283,6.633263432223695,30.78730333333333,6.109453309423515,31.957090118862464,30.380579837992713,1,0.2498819815454789,0
2024-04-03,18.8126,240.69424305555555,3.2808333333333333,0.0841916666666666,0.0,422.0,6901.0,2024,4,3,2,94,14,2,0,1,28.194533333333332,35.4842,22.9595,22.847033333333336,20.8879,27.92523333333333,27.8165,28.879411111111107,6.290375243208488,31.12400476190476,6.900552480066915,31.42488333333333,6.157276796607639,31.149037777777774,5.5846814431199325,31.016450922480185,30.239544579627587,1,0.2085800976429633,1
2024-04-04,27.19863333333333,241.3310555555555,4.726388888888889,0.0870180555555555,2133.0,775.0,13246.0,2024,4,4,3,95,14,2,0,1,18.8126,28.194533333333332,35.4842,31.423733333333335,34.4407,36.837,33.95346666666667,27.497111111111103,8.357652777965642,30.547657142857144,7.814974326222874,31.27664761904762,6.448558501330314,30.848907777777775,5.996697040039056,27.96548819186014,29.502322348683855,1,0.2406474926116942,0
2024-04-05,32.84603333333333,240.55802777777777,5.784861111111112,0.1414472222222222,2929.0,874.0,13644.0,2024,4,5,4,96,14,2,0,1,27.19863333333333,18.8126,28.194533333333332,41.185833333333335,34.22526666666667,26.271666666666665,41.72013333333334,24.73525555555555,5.153284469618799,29.944071428571423,7.898746559855187,30.75935714285714,6.465669747071303,30.623746666666666,6.0029193419617695,27.77377447722844,29.353697250919307,1,0.2309390803816389,0
2024-04-06,28.271966666666668,241.14960416666665,4.946388888888889,0.1045638888888888,1124.0,2615.0,7552.0,2024,4,6,5,97,14,2,1,1,32.84603333333333,27.19863333333333,18.8126,35.773199999999996,38.76649999999999,30.032666666666668,31.049266666666664,26.28575555555555,7.061113379499565,28.752671428571425,6.4089692066961526,30.660840476190476,6.419137971377953,30.327943333333337,5.645260296888659,29.041839191254667,29.579009256236343,1,0.2564737879997227,0
2024-04-07,25.6473,243.2283263888889,4.484166666666667,0.0981111111111111,2420.0,672.0,9466.0,2024,4,7,6,98,14,2,1,1,28.271966666666668,32.84603333333333,27.19863333333333,22.9595,32.93783333333333,28.448633333333337,37.477666666666664,29.438877777777765,2.99909033640633,27.68106666666667,5.617742963741315,29.91123095238095,5.998766023556742,30.235366666666668,5.655786083038077,28.849371060107668,29.49468392787701,1,0.2653177667485237,0
2024-04-08,44.29193333333333,242.06658333333337,7.6994444444444445,0.1278999999999999,2752.0,10713.0,17519.0,2024,4,8,0,99,15,2,0,1,25.6473,28.271966666666668,32.84603333333333,35.4842,33.5976,31.959433333333333,26.007633333333334,28.921766666666656,3.64309215243191,28.065038095238094,5.325492038315068,29.39047857142857,6.032168522388716,29.84102111111111,5.544751367914535,28.04885329508075,29.246465609949457,1,0.1654957455356239,0
2024-04-09,20.314200000000003,242.31770833333337,3.5229166666666667,0.0922666666666666,0.0,376.0,9003.0,2024,4,9,1,100,15,2,0,1,44.29193333333333,25.6473,28.271966666666668,28.194533333333332,27.224533333333333,21.807466666666667,26.9781,32.73706666666666,10.092493573994057,29.32328571428571,7.824651737767832,30.15435952380952,7.174827941368064,30.450497777777777,6.087222095082443,32.1096233046439,30.217140946941974,1,0.2168887340657689,1
2024-04-10,24.6291,241.94904861111112,4.305416666666667,0.1136666666666666,3261.0,457.0,6527.0,2024,4,10,2,101,15,2,0,1,20.314200000000003,44.29193333333333,25.6473,18.8126,22.847033333333336,20.8879,36.667366666666666,30.084477777777767,12.589651858761414,28.19752380952381,8.547604082533566,29.660764285714286,7.616025503793867,30.22836777777778,6.33485336198194,29.16076747848292,29.578241531010228,1,0.2306161286214216,0
2024-04-11,31.2944,240.758375,5.452638888888889,0.0999236111111111,1802.0,491.0,14522.0,2024,4,11,3,102,15,2,0,1,24.6291,20.314200000000003,44.29193333333333,27.19863333333333,31.423733333333335,34.4407,29.570533333333337,29.74507777777777,12.781347558772824,29.02845238095238,7.726501697065787,29.78805476190476,7.507503190633288,29.827092222222223,6.294061451844241,28.027850608862188,29.25894207739666,1,0.2397755759383451,0
2024-04-12,46.666900000000005,241.0631736111111,8.218194444444444,0.2724111111111111,7076.0,2499.0,15225.0,2024,4,12,4,103,15,2,0,1,31.2944,24.6291,20.314200000000003,32.84603333333333,41.185833333333335,34.22526666666667,27.92523333333333,25.412566666666663,5.531867950641343,29.613561904761905,7.719917741679995,29.778816666666668,7.505414921341524,29.884554444444444,6.299505152076015,28.84448795664664,29.390261943371073,1,0.1400594336209106,0
2024-04-13,37.216433333333335,240.4233263888889,6.551805555555556,0.1482736111111111,2554.0,5942.0,13007.0,2024,4,13,5,104,15,2,1,1,46.666900000000005,31.2944,24.6291,28.271966666666668,35.773199999999996,38.76649999999999,36.837,34.196799999999996,11.301951226668804,31.58797142857143,10.088460383938964,30.17032142857143,8.252028918715547,30.50927666666667,6.98996580612084,33.300090967484984,30.504883753476175,1,0.1891175448454653,0
2024-04-14,26.493033333333333,242.3140555555555,4.604305555555555,0.1076097222222222,0.0,425.0,11197.0,2024,4,14,6,105,15,2,1,1,37.216433333333335,46.666900000000005,31.2944,25.6473,22.9595,32.93783333333333,26.271666666666665,38.392577777777774,7.753446064695944,32.86575238095238,10.164618571351188,30.273409523809523,8.335994339157546,30.521924444444444,7.002142790581144,34.27917655894707,30.93788695217664,1,0.2031003377506656,0
2024-04-15,27.8401,241.23874305555557,4.909583333333334,0.1241541666666666,1174.0,3998.0,9874.0,2024,4,15,0,106,16,2,0,1,26.493033333333333,37.216433333333335,46.666900000000005,44.29193333333333,35.4842,33.5976,30.032666666666668,36.79212222222222,10.0936244238812,32.98657142857143,10.069095762068882,30.52580476190476,8.14890528619609,30.529303333333335,6.997624584884773,32.33264075254364,30.65112220257385,1,0.2103184765284331,0
2024-04-16,24.817733333333333,241.7443888888889,4.316111111111111,0.0874333333333333,838.0,403.0,11322.0,2024,4,16,1,107,16,2,0,1,27.8401,26.493033333333333,37.216433333333335,20.314200000000003,28.194533333333332,27.224533333333333,28.448633333333337,30.516522222222218,5.84125447345891,30.63630952380953,8.83486445863691,29.97979761904762,8.046567061865904,30.456217777777777,7.014420286550924,31.209505564407728,30.46976593144005,1,0.2204011079390185,0
2024-04-17,23.264366666666668,241.40359722222223,4.104305555555555,0.1013041666666666,1719.0,417.0,8638.0,2024,4,17,2,108,16,2,0,1,24.817733333333333,27.8401,26.493033333333333,24.6291,18.8126,22.847033333333336,31.959433333333333,26.383622222222215,1.5141509701380431,31.279671428571422,8.090544502630625,29.73859761904762,8.154090027117439,30.33518777777778,7.081260676862276,29.61156250663913,30.105118667046064,1,0.2270014500603844,0
2024-04-18,31.039833333333338,240.6415763888889,5.457638888888889,0.1282263888888888,2174.0,3832.0,10921.0,2024,4,18,3,109,16,2,0,1,23.264366666666668,24.817733333333333,27.8401,31.2944,27.19863333333333,31.423733333333335,21.807466666666667,25.30739999999999,2.326835612538471,31.08470952380952,8.291465503594678,30.05658095238095,7.773139396783758,30.045352222222224,7.189603433788766,28.024763546646017,29.663779828311903,1,0.2339749337027841,0
2024-04-19,37.56183333333333,241.14318055555557,6.636111111111111,0.1703361111111111,4319.0,2457.0,14722.0,2024,4,19,4,110,16,2,0,1,31.039833333333338,23.264366666666668,24.817733333333333,46.666900000000005,32.84603333333333,41.185833333333335,20.8879,26.37397777777777,4.1147166426448925,31.04834285714286,8.290950761918673,30.33095238095238,7.732185750205299,30.35309777777778,7.020429653234146,28.778530993317844,29.752557473797157,1,0.2083347727637281,0
2024-04-20,29.856966666666665,241.432875,5.260555555555555,0.1582319444444444,1030.0,4544.0,10401.0,2024,4,20,5,111,16,2,1,1,37.56183333333333,31.039833333333338,23.264366666666668,37.216433333333335,28.271966666666668,35.773199999999996,34.4407,30.622011111111107,7.157885150527919,29.74761904761905,5.76024075274423,30.66779523809524,7.949835885043229,30.908895555555553,6.90430926707789,30.97435657832172,30.256381722799492,1,0.2566670498092585,0
2024-04-21,19.4026,241.99249305555557,3.404166666666667,0.1218055555555555,0.0,2673.0,6788.0,2024,4,21,6,112,16,2,1,1,29.856966666666665,37.56183333333333,31.039833333333338,26.493033333333333,25.6473,22.9595,34.22526666666667,32.81954444444444,4.149309739828685,28.69626666666667,4.753483256907739,30.781009523809526,7.924337300971016,30.756104444444443,6.874108507096394,30.695009100407955,30.2306130095006,1,0.2361475075947517,1
2024-04-22,27.12793333333333,240.95971527777775,4.7725,0.1341319444444444,971.0,5093.0,10603.0,2024,4,22,0,113,17,2,0,1,19.4026,29.856966666666665,37.56183333333333,27.8401,44.29193333333333,35.4842,38.76649999999999,28.940466666666655,9.114242590644098,27.68334761904762,5.91480608942516,30.334959523809523,8.39718067593548,30.262015555555553,7.143579048384294,27.871906825305963,29.532031525016688,1,0.262830037653251,0
2024-04-23,22.622133333333338,241.51134027777775,3.9675,0.1315986111111111,1380.0,492.0,8406.0,2024,4,23,1,114,17,2,0,1,27.12793333333333,19.4026,29.856966666666665,24.817733333333333,20.314200000000003,28.194533333333332,32.93783333333333,25.46249999999999,5.422517564850342,27.58160952380953,5.917784575507518,29.108959523809524,7.395992667668204,29.874063333333332,6.979951424845732,27.685913452312807,29.376928415875824,1,0.2543831626661733,1
2024-04-24,17.3962,240.60532638888887,3.0580555555555557,0.1193916666666666,1263.0,522.0,5296.0,2024,4,24,2,115,17,2,0,1,22.622133333333338,27.12793333333333,19.4026,23.264366666666668,24.6291,18.8126,33.5976,23.05088888888888,3.880472557897002,27.26795238095238,6.142607651443722,29.273811904761907,7.208220993908776,29.530206666666665,7.077230645792616,26.41996842256794,28.94113518474405,1,0.2215213680941657,1
2024-04-25,21.1289,241.00715277777775,3.7,0.1126555555555555,824.0,2004.0,9400.0,2024,4,25,3,116,17,2,0,1,17.3962,22.622133333333338,27.12793333333333,31.039833333333338,31.2944,27.19863333333333,27.224533333333333,22.382088888888884,4.870305372279883,26.429642857142856,7.10508302851659,28.75717619047619,7.801515582961095,28.99016,7.368314110250005,24.164026316925955,28.19630065669604,1,0.2378840180597772,1
2024-04-26,15.052766666666669,240.79256249999997,2.634027777777778,0.11715,0.0,634.0,3586.0,2024,4,26,4,117,17,2,0,1,21.1289,17.3962,22.622133333333338,37.56183333333333,46.666900000000005,32.84603333333333,22.847033333333336,20.382411111111104,2.691752040407114,25.01379523809524,7.020266807618963,28.03106904761905,8.017285368805714,28.786972222222225,7.50152385682834,23.405244737694463,27.740339324005973,1,0.2040216755624011,1
2024-04-27,16.804,240.90728472222224,2.96375,0.1375819444444444,693.0,588.0,5488.0,2024,4,27,5,118,17,2,1,1,15.052766666666669,21.1289,17.3962,29.856966666666665,37.216433333333335,28.271966666666668,31.423733333333335,17.859288888888884,3.06442287557852,21.798214285714284,5.245537475368929,25.772916666666667,6.710220951598705,28.527163333333338,7.841607535620981,21.317125219937513,26.92178624933892,1,0.2362274302154441,1
2024-04-28,10.9842,240.97845833333332,1.9506944444444445,0.1160541666666666,0.0,621.0,2786.0,2024,4,28,6,119,17,2,1,1,16.804,15.052766666666669,21.1289,19.4026,26.493033333333333,25.6473,41.185833333333335,17.66188888888888,3.127591578254569,19.93350476190476,4.097818028533037,24.314885714285715,6.233145154429773,28.039838888888887,8.105237431670961,20.188843914953132,26.26902584615576,1,0.184288724524771,1
2024-04-29,32.876933333333334,240.70690277777777,5.770694444444444,0.1495527777777777,1402.0,5411.0,10481.0,2024,4,29,0,120,18,2,0,1,10.9842,16.804,15.052766666666669,27.12793333333333,27.8401,44.29193333333333,35.773199999999996,14.280322222222216,2.9858032126737695,18.730876190476188,5.329738315329448,23.207111904761906,7.1298929536157365,27.033117777777775,8.28963700173846,17.887682936214848,25.282908049629576,1,0.1850758802365512,0
2024-04-30,18.3621,241.43364583333337,3.218611111111111,0.1191361111111111,1057.0,590.0,6653.0,2024,4,30,1,121,18,2,0,1,32.876933333333334,10.9842,16.804,22.622133333333338,24.817733333333333,20.314200000000003,22.9595,20.221711111111105,11.33946670396669,19.552161904761903,7.015642706558069,23.56688571428571,7.49917227711382,26.936575555555557,8.200727255330197,21.63499553549447,25.77284516470724,1,0.2192398801231148,1
2024-05-01,9.600233333333334,241.4462638888889,1.7023611111111112,0.1046499999999999,0.0,530.0,2586.0,2024,5,1,2,122,18,2,0,1,18.3621,32.876933333333334,10.9842,17.3962,23.264366666666668,24.6291,35.4842,20.741077777777768,11.13856340160078,18.94358571428571,6.888570526895824,23.10576904761905,7.613939531116543,26.78332888888889,8.319702130829294,20.81677165162085,25.2947325734358,1,0.1594091031054054,1
2024-05-02,24.9628,241.6489444444444,4.377777777777778,0.1427555555555555,3114.0,584.0,8687.0,2024,5,2,3,123,18,2,0,1,9.600233333333334,18.3621,32.876933333333334,21.1289,31.039833333333338,31.2944,28.194533333333332,20.27975555555555,11.756242718012148,17.82987619047619,7.756027895192339,22.129759523809525,8.424666141947675,25.92053,8.718839728101253,18.01263707204897,24.28218423536467,1,0.1892607644335237,1
2024-05-03,21.493333333333332,240.8336875,3.8009722222222218,0.1402805555555555,996.0,541.0,6535.0,2024,5,3,4,124,18,2,0,1,24.9628,9.600233333333334,18.3621,15.052766666666669,37.56183333333333,46.666900000000005,18.8126,17.641711111111103,7.706577305157521,18.37757619047619,8.153026321686504,21.695685714285712,8.07976492842365,25.812805555555553,8.709734622902376,19.750177804036728,24.326094929857273,1,0.1996537450658472,1
2024-05-04,24.516166666666667,241.38047916666667,4.3625,0.1454319444444444,2196.0,2872.0,5464.0,2024,5,4,5,125,18,2,1,1,21.493333333333332,24.9628,9.600233333333334,16.804,29.856966666666665,37.216433333333335,27.19863333333333,18.68545555555555,8.056999867081222,19.29765714285714,8.078353490489155,20.54793571428571,6.6710482524417,25.90216333333333,8.648978925034795,20.18596668636088,24.143336117178308,1,0.208973399693725,1
2024-05-05,22.7822,240.73685416666663,3.997777777777778,0.1289930555555555,1008.0,378.0,10197.0,2024,5,5,6,126,18,2,1,1,24.516166666666667,21.493333333333332,24.9628,10.9842,19.4026,26.493033333333333,32.84603333333333,23.657433333333326,1.8874233603275816,20.39939523809523,8.206465932363614,20.16645,6.236301066765718,25.812747777777776,8.64897951918873,21.268516681437323,24.167389701016265,1,0.2127318026955221,1
2024-05-06,29.833,240.29031944444444,5.245972222222222,0.1386083333333333,1354.0,5410.0,12200.0,2024,5,6,0,127,19,2,0,1,22.7822,24.516166666666667,21.493333333333332,32.876933333333334,27.12793333333333,27.8401,28.271966666666668,22.93056666666666,1.5168684323665609,22.08482380952381,7.085474219256138,20.40785,6.269779217922833,25.477286666666664,8.561504952285784,21.64693751107799,24.078022623531343,1,0.2166370980628134,0
2024-05-07,19.6044,241.0812638888889,3.4575,0.1326083333333333,1030.0,423.0,6649.0,2024,5,7,1,128,19,2,0,1,29.833,22.7822,24.516166666666667,18.3621,22.622133333333338,24.817733333333333,25.6473,25.71045555555555,3.673988244754184,21.649976190476192,6.370042237074544,20.601069047619045,6.529123930218284,25.529321111111113,8.583790697125972,23.69345313330849,24.449311486529325,1,0.2372648299106097,1
2024-05-08,35.278299999999994,239.85129166666667,6.178472222222222,0.1758638888888888,3667.0,702.0,12717.0,2024,5,8,2,129,19,2,0,1,19.6044,29.833,22.7822,9.600233333333334,17.3962,23.264366666666668,44.29193333333333,24.073199999999996,5.2350812066289105,21.82744761904762,6.279840867995923,20.385516666666664,6.50704434610529,25.32789111111111,8.65156148759922,22.671189849981367,24.13673655191453,1,0.2011559089653898,0
2024-05-09,29.1212,240.47122222222225,5.136111111111111,0.1596347222222222,2229.0,423.0,11904.0,2024,5,9,3,130,19,2,0,1,35.278299999999994,19.6044,29.833,24.9628,21.1289,31.039833333333338,20.314200000000003,28.238566666666657,7.957666023610998,25.495742857142854,5.382755472690651,21.662809523809525,7.547080139760797,25.02743666666667,8.109814238469188,25.822967387486024,24.855547096952304,1,0.2591458768594711,0
2024-05-10,31.8188,240.08622916666667,5.636388888888889,0.2012597222222222,6950.0,612.0,11714.0,2024,5,10,4,131,19,2,0,1,29.1212,35.278299999999994,19.6044,21.493333333333332,15.052766666666669,37.56183333333333,24.6291,28.00129999999999,7.896734597920808,26.089799999999997,5.541268252177547,22.233688095238097,7.801574488903944,25.321003333333337,8.09270079637935,26.64752554061452,25.130750510052152,1,0.2462807109323559,0
2024-05-11,26.848666666666663,240.48559722222225,4.804166666666666,0.1914597222222222,563.0,1340.0,6930.0,2024,5,11,5,132,19,2,1,1,31.8188,29.1212,35.278299999999994,24.516166666666667,16.804,29.856966666666665,31.2944,32.07276666666666,3.0863966697968745,27.564866666666667,5.487821464236229,23.431261904761904,7.900679200748434,25.56066,8.177517435805497,27.940344155460892,25.562237573919756,1,0.2650768605986681,0
2024-05-12,25.4034,241.041625,4.519444444444445,0.159125,2082.0,1085.0,11959.0,2024,5,12,6,133,19,2,1,1,26.848666666666663,31.8188,29.1212,22.7822,10.9842,19.4026,46.666900000000005,29.26288888888888,2.488094279504577,27.89808095238095,5.340696817341396,24.14873809523809,7.706245018008659,25.41246888888889,8.11003278108429,27.667424783262337,25.645232999258265,1,0.2645313823467414,0
2024-05-13,24.6149,240.3740625,4.391805555555555,0.1642138888888888,823.0,4089.0,8370.0,2024,5,13,0,134,20,2,0,1,25.4034,26.848666666666663,31.8188,29.833,32.876933333333334,27.12793333333333,37.216433333333335,28.02362222222221,3.3652235747640544,28.272538095238097,5.003464183958692,25.17868095238095,6.710720016379948,24.703685555555555,7.048072237234592,27.10141858744675,25.62963087027386,1,0.2631662293824308,0
2024-05-14,26.404366666666665,240.7085138888889,4.713333333333333,0.1926208333333333,2467.0,3436.0,9716.0,2024,5,14,1,135,20,2,0,1,24.6149,25.4034,26.848666666666663,19.6044,18.3621,22.622133333333338,26.493033333333333,25.62232222222221,1.132860796750534,27.527095238095235,5.119593127512026,24.58853571428571,6.3343865006190985,24.283634444444445,6.640341919487162,26.479788940585067,25.564164362514255,1,0.266579713480945,0
2024-05-15,19.379466666666666,240.35039583333335,3.5220833333333337,0.1650861111111111,868.0,570.0,6820.0,2024,5,15,2,136,20,2,0,1,26.404366666666665,24.6149,25.4034,35.278299999999994,9.600233333333334,17.3962,27.8401,25.47422222222221,0.8968330826567322,28.498519047619045,3.8545897497444153,25.16298333333333,6.086092341212871,24.28067888888889,6.639344283867881,26.460933372105465,25.61837096278215,1,0.2280346346710789,1
2024-05-16,27.5174,239.61642361111112,4.924444444444444,0.1635611111111111,2228.0,2568.0,8957.0,2024,5,16,3,137,20,2,0,1,19.379466666666666,26.404366666666665,24.6149,29.1212,24.9628,21.1289,24.817733333333333,23.46624444444443,3.650597511569956,26.227257142857137,3.8778955830263655,25.8615,4.522981316102536,23.99865777777778,6.66258779707904,24.690566695745765,25.215861008194057,1,0.2543838141265013,0
2024-05-17,27.624233333333333,239.4728611111111,4.951527777777778,0.1915944444444444,2158.0,935.0,12472.0,2024,5,17,4,138,20,2,0,1,27.5174,19.379466666666666,26.404366666666665,31.8188,21.493333333333332,15.052766666666669,23.264366666666668,24.433744444444432,4.41236939653525,25.998142857142856,3.722690665749082,26.04397142857143,4.535449103571479,24.088646666666666,6.692198057843814,25.397275021809328,25.36434739476218,1,0.2542367946932506,0
2024-05-18,30.065966666666668,239.6826875,5.4094444444444445,0.1767305555555555,1775.0,5355.0,8626.0,2024,5,18,5,139,20,2,1,1,27.624233333333333,27.5174,19.379466666666666,26.848666666666663,24.516166666666667,16.804,31.039833333333338,24.840366666666657,4.729579785538792,25.39891904761905,2.8694131572470005,26.48189285714286,4.3546434063273685,24.233975555555553,6.720958602342346,25.954014599690332,25.510146487573223,1,0.2155311925804419,0
2024-05-19,17.171033333333334,240.431875,3.0694444444444446,0.1220388888888888,1014.0,558.0,7503.0,2024,5,19,6,140,20,2,1,1,30.065966666666668,27.624233333333333,27.5174,25.4034,22.7822,10.9842,37.56183333333333,28.402533333333324,1.441565531327241,25.858533333333337,3.3566362001262773,26.878307142857143,4.414133203218675,24.20151333333333,6.689229783635938,26.982002616434418,25.80407037009538,1,0.2182107207858895,1
2024-05-20,26.355566666666668,241.01960416666665,4.682222222222222,0.1278347222222222,1352.0,2431.0,11977.0,2024,5,20,0,141,21,2,0,1,17.171033333333334,30.065966666666668,27.624233333333333,24.6149,29.833,32.876933333333334,29.856966666666665,24.953744444444435,6.849705073726637,24.682480952380953,4.711437412645778,26.47750952380952,5.026878248376966,23.52182,6.310085155873412,24.52926029565915,25.247100238691377,1,0.2649411576735421,0
2024-05-21,22.068533333333335,240.7605138888889,3.9166666666666665,0.1321708333333333,1989.0,474.0,9251.0,2024,5,21,1,142,21,2,0,1,26.355566666666668,17.171033333333334,30.065966666666668,26.404366666666665,19.6044,18.3621,19.4026,24.530855555555547,6.638298305818775,24.931147619047614,4.753028119071652,26.22912142857143,4.933366495256019,23.405106666666665,6.220614900236201,24.98583688841103,25.31861420178656,1,0.2653417713128001,1
2024-05-22,16.281133333333333,239.50019444444447,2.9559722222222224,0.1179277777777777,996.0,440.0,6475.0,2024,5,22,2,143,21,2,0,1,22.068533333333335,26.355566666666668,17.171033333333334,19.379466666666666,35.278299999999994,9.600233333333334,27.12793333333333,21.865044444444436,4.595646737261563,24.31174285714286,4.811205811733165,26.40513095238095,4.718092941434238,23.49397111111111,6.180377469635745,24.25651099964161,25.10893156511216,1,0.231420163434398,1
2024-05-23,24.7486,239.49885416666663,4.358611111111111,0.1242763888888889,0.0,1390.0,14734.0,2024,5,23,3,144,21,2,0,1,16.281133333333333,22.068533333333335,26.355566666666668,27.5174,29.1212,24.9628,22.622133333333338,21.568411111111104,5.055802945607547,23.86912380952381,5.441785364698564,25.048190476190477,4.701631365912126,23.132411111111107,6.276976217773289,22.262666583064533,24.539396195319977,1,0.2602128576945738,1
2024-05-24,26.336266666666667,240.72490277777777,4.669027777777777,0.1982986111111111,1027.0,569.0,12833.0,2024,5,24,4,145,21,2,0,1,24.7486,16.281133333333333,22.068533333333335,27.624233333333333,31.8188,21.493333333333332,17.3962,21.032755555555543,4.327715868848204,23.473580952380953,5.228870940548037,24.735861904761908,4.553139639287179,23.20329333333333,6.283018814143381,22.884149937298396,24.552893214976752,1,0.2586313561876124,1
2024-05-25,34.141733333333335,239.94564583333332,6.136527777777778,0.2016777777777778,4307.0,8811.0,6016.0,2024,5,25,5,146,21,2,1,1,26.336266666666667,24.7486,16.281133333333333,30.065966666666668,26.848666666666663,24.516166666666667,21.1289,22.455333333333325,5.405620278109653,23.28958571428571,5.078986487729349,24.34425238095238,4.111431704088967,23.50129555555555,6.209676726383183,23.74717911964046,24.667949566698685,1,0.2205895677152698,0
2024-05-26,21.495166666666663,240.36368750000003,3.9297222222222223,0.1532625,985.0,666.0,9284.0,2024,5,26,6,147,21,2,1,1,34.141733333333335,26.336266666666667,24.7486,17.171033333333334,25.4034,22.7822,15.052766666666669,28.408866666666658,5.027871470557301,23.871838095238097,6.113554159177256,24.86518571428572,4.849025747626891,23.935056666666664,6.486560803651935,26.34581767306368,25.2791614226106,1,0.253691380551229,1
2024-05-27,28.478333333333335,239.39086805555553,5.1073611111111115,0.1440736111111111,0.0,5352.0,11478.0,2024,5,27,0,148,22,2,0,1,21.495166666666663,34.141733333333335,26.336266666666667,26.355566666666668,24.6149,29.833,16.804,27.32438888888888,6.380924796465451,24.489571428571427,5.512559721031093,24.58602619047619,4.927520770924725,24.14980333333333,6.285898735202531,25.133154921464428,25.035032728678733,1,0.2573522424615217,0
2024-05-28,18.572866666666663,241.32269444444444,3.3505555555555557,0.1636416666666666,3138.0,512.0,6709.0,2024,5,28,1,149,22,2,0,1,28.478333333333335,21.495166666666663,34.141733333333335,22.068533333333335,26.404366666666665,19.6044,10.9842,28.038411111111103,6.3347502543363445,24.79282380952381,5.6879175645400535,24.861985714285716,5.036246024854021,24.538947777777775,6.175858191815527,25.969449524431656,25.25718115478548,1,0.2442411188018056,1
2024-05-29,18.917933333333337,237.67515972222225,3.4756944444444446,0.1297444444444444,1004.0,507.0,8703.0,2024,5,29,2,150,22,2,0,1,18.572866666666663,28.478333333333335,21.495166666666663,16.281133333333333,19.379466666666666,35.278299999999994,32.876933333333334,22.84878888888888,5.089576339095493,24.293442857142857,6.1051191120939645,24.30259285714286,5.280750649796914,24.791903333333337,5.741677181588437,24.12030380999041,24.825935058777812,1,0.2426526732891076,1
2024-05-30,23.2874,240.5536944444445,4.202916666666667,0.1265402777777777,0.0,3019.0,11298.0,2024,5,30,3,151,22,2,0,1,18.917933333333337,18.572866666666663,28.478333333333335,24.7486,27.5174,29.1212,18.3621,21.989711111111102,5.621959756895036,24.67012857142857,5.587793692220869,24.269626190476192,5.315177310985107,24.32660333333333,5.628374971056448,22.81971119082614,24.444773657136235,1,0.2624511215203302,1
2024-05-31,27.357833333333335,240.65420138888888,4.923055555555555,0.1735583333333333,1764.0,2328.0,11858.0,2024,5,31,4,152,22,2,0,1,23.2874,18.917933333333337,18.572866666666663,26.336266666666667,27.624233333333333,31.8188,9.600233333333334,20.25939999999999,2.6279946253959716,24.461385714285715,5.611615862880991,23.96748333333333,5.235993016533629,24.490780000000004,5.519168989946294,22.936633393119603,24.370104388933896,1,0.261968493901566,0
2024-06-01,30.8146,240.62318055555556,5.423194444444444,0.1564861111111111,1906.0,545.0,11307.0,2024,6,1,5,153,22,2,1,2,27.357833333333335,23.2874,18.917933333333337,34.141733333333335,30.065966666666668,26.848666666666663,24.9628,23.18772222222221,4.220832826236578,24.607323809523812,5.681351662618372,23.948454761904763,5.222147220091542,25.0827,4.768271934648574,24.04193337817304,24.562861095024186,1,0.2462451485909715,0
2024-06-02,17.900199999999998,236.369875,3.218055555555555,0.1146930555555555,960.0,558.0,6341.0,2024,6,2,6,154,22,2,1,2,30.8146,27.357833333333335,23.2874,21.495166666666663,17.171033333333334,25.4034,21.493333333333332,27.15327777777777,3.767766870638492,24.13201904761905,4.825461130060284,24.00192857142857,5.292960832721947,25.27776,4.881544941751892,25.73510003362978,24.966199088893593,1,0.2432366138444848,1
2024-06-03,26.630266666666667,234.15220833333333,4.844166666666667,0.1207902777777777,2897.0,2608.0,9265.0,2024,6,3,0,155,23,2,0,2,17.900199999999998,30.8146,27.357833333333335,28.478333333333335,26.355566666666668,24.6149,24.516166666666667,25.357544444444432,6.68552904183795,23.618452380952384,5.318940587214258,24.054011904761904,5.223708020410199,25.15798888888889,5.01972352006349,23.776375025222332,24.510328179932714,1,0.2589642962977606,1
2024-06-04,26.48186666666667,234.70647222222223,4.8277777777777775,0.1058361111111111,1550.0,7682.0,6508.0,2024,6,4,1,156,23,2,0,2,26.630266666666667,17.900199999999998,30.8146,18.572866666666663,22.068533333333335,26.404366666666665,22.7822,25.115022222222212,6.58918857939384,23.354442857142857,5.077917044116501,24.073633333333333,5.233524886156364,25.22845888888889,5.025239015696527,24.48984793558342,24.64709840488329,1,0.2570840472236361,1
2024-06-05,18.667966666666665,235.16382638888888,3.3976388888888893,0.1063236111111111,1747.0,506.0,8781.0,2024,6,5,2,157,23,2,0,2,26.48186666666667,26.630266666666667,17.900199999999998,18.917933333333337,16.281133333333333,19.379466666666666,29.833,23.670777777777772,4.998017762777194,24.4843,4.702706981405586,24.38887142857143,5.236374894952543,25.351781111111112,5.008504440458183,24.987852618354232,24.7654705508048,1,0.2462216747357956,1
2024-06-06,20.295233333333332,239.7169375,3.6720833333333336,0.1211944444444444,1009.0,506.0,7871.0,2024,6,6,3,158,23,2,0,2,18.667966666666665,26.48186666666667,26.630266666666667,23.2874,24.7486,27.5174,19.6044,23.926699999999993,4.5548010761538915,24.44859047619048,4.7527025137248105,24.559359523809523,4.984911804879252,24.97961333333333,5.078369180009831,23.40788113043234,24.37208320344105,1,0.2573073603799378,1
2024-06-07,31.37473333333333,238.9844444444444,5.531944444444444,0.1294541666666666,2379.0,2611.0,14593.0,2024,6,7,4,159,23,2,0,2,20.295233333333332,18.667966666666665,26.48186666666667,27.357833333333335,26.336266666666667,27.624233333333333,35.278299999999994,21.81502222222221,4.12269050531225,24.021138095238097,5.00253420065021,24.241261904761902,5.112366974072117,25.002641111111114,5.054665859466438,22.629719181157583,24.109060631176035,1,0.2436965210806759,0
2024-06-08,25.705366666666663,239.9649375,4.596111111111111,0.1308222222222222,2536.0,3161.0,9732.0,2024,6,8,5,160,23,2,1,2,31.37473333333333,20.295233333333332,18.667966666666665,30.8146,34.141733333333335,30.065966666666668,29.1212,23.445977777777767,6.91454067136243,24.59498095238095,5.638984084227159,24.60115238095238,5.438155247950052,24.872522222222223,4.8261008303096355,24.815972719201525,24.57781370873457,1,0.2630896731694984,1
2024-06-09,22.094966666666668,239.43468055555556,4.039722222222222,0.1275277777777777,1967.0,2085.0,7921.0,2024,6,9,6,161,23,2,1,2,25.705366666666663,31.37473333333333,20.295233333333332,17.900199999999998,21.495166666666663,17.171033333333334,31.8188,25.791777777777767,5.540255429363527,23.86509047619048,4.993478473625234,23.99855476190476,4.719589228569523,24.75866111111111,4.762278735689824,25.03832120606781,24.650559060859223,1,0.2626793821185874,1
2024-06-10,17.78483333333333,239.97804861111112,3.204861111111111,0.1500125,907.0,585.0,8992.0,2024,6,10,0,162,24,2,0,2,22.094966666666668,25.705366666666663,31.37473333333333,26.630266666666667,28.478333333333335,26.355566666666668,26.848666666666663,26.39168888888888,4.677798199097622,24.464342857142857,4.3712824128034375,24.04139761904762,4.697788275502396,24.43453333333333,4.593089285710872,24.302482571217524,24.48568213220164,1,0.2396867201381898,1
2024-06-11,18.7201,240.1544722222222,3.388472222222222,0.1488694444444444,977.0,842.0,7566.0,2024,6,11,1,163,24,2,0,2,17.78483333333333,22.094966666666668,25.705366666666663,26.48186666666667,18.572866666666663,22.068533333333335,25.4034,21.861722222222213,3.9654147701417615,23.200709523809525,4.888692680003666,23.27757619047619,4.789331610191754,24.132405555555557,4.72502377634809,22.67307026174647,24.0533693064682,1,0.2476883259312642,1
2024-06-12,20.98886666666667,239.69002083333336,3.799305555555556,0.1314527777777777,1951.0,567.0,7246.0,2024,6,12,2,164,24,2,0,2,18.7201,17.78483333333333,22.094966666666668,18.667966666666665,18.917933333333337,16.281133333333333,24.6149,19.53329999999999,2.267219225786689,22.091885714285713,4.9006689091369475,23.288092857142857,4.778355153593929,23.90962888888889,4.819637925222839,21.684827696309853,23.709287415728316,1,0.2554942407249205,1
2024-06-13,31.24996666666667,238.88891666666663,5.604166666666667,0.1957909722222222,2809.0,7358.5,10531.5,2024,6,13,3,165,24,2,0,2,20.98886666666667,18.7201,17.78483333333333,20.295233333333332,23.2874,24.7486,26.404366666666665,19.16459999999999,1.6476172455327032,22.423442857142856,4.705019534918607,23.436016666666667,4.663331758137518,23.78876111111111,4.846732124113814,21.510837438899056,23.533776399659825,1,0.2289812595209637,0
2024-06-14,23.082,240.01449305555556,4.207777777777777,0.2390833333333333,1862.0,1011.0,10681.0,2024,6,14,4,166,24,2,0,2,31.24996666666667,20.98886666666667,18.7201,31.37473333333333,27.357833333333335,26.336266666666667,19.379466666666666,23.652977777777767,6.676264350695655,23.988404761904764,5.613343617119853,24.004771428571427,5.108165409828122,23.95028111111111,5.014733777141761,23.94561974584096,24.031595126563495,1,0.2580077243059263,1
2024-06-15,38.1517,239.45372916666668,6.773611111111111,0.1951430555555555,6471.0,6802.0,11589.0,2024,6,15,5,167,24,2,1,2,23.082,31.24996666666667,20.98886666666667,25.705366666666663,30.8146,34.141733333333335,27.5174,25.106944444444437,5.4219778037921005,22.80372857142857,4.573424600823274,23.69935476190476,5.019317853687295,24.073698888888888,4.943416729134821,23.72971480938072,23.97033092484972,1,0.1914869734153381,0
2024-06-16,21.7174,240.43346527777777,3.9047222222222224,0.1419319444444444,1980.0,464.0,10012.0,2024,6,16,6,168,24,2,1,2,38.1517,23.082,31.24996666666667,22.094966666666668,17.900199999999998,21.495166666666663,27.624233333333333,30.82788888888888,7.543711073494934,24.58177619047619,7.421902557787959,24.223433333333332,6.088542351189083,24.42817555555556,5.543698275439624,27.33521110703554,24.88525796195619,1,0.2364351184647217,1
2024-06-17,19.084733333333336,240.35443055555555,3.4345833333333333,0.12185,1080.0,432.0,10094.0,2024,6,17,0,169,25,2,0,2,21.7174,38.1517,23.082,17.78483333333333,26.630266666666667,28.478333333333335,30.065966666666668,27.650366666666656,9.119979968362475,24.5278380952381,7.444325462948589,24.49609047619048,5.8649589148222265,24.231281111111112,5.531151974016606,25.930758330276657,24.68088002892675,1,0.2254015752935417,1
2024-06-18,31.560133333333333,239.73986805555555,5.711388888888889,0.1893916666666666,7549.0,3040.0,12687.0,2024,6,18,1,170,25,2,0,2,19.084733333333336,21.7174,38.1517,18.7201,26.48186666666667,18.572866666666663,17.171033333333334,26.317944444444436,10.332524442551554,24.713538095238096,7.2620678229393745,23.95712380952381,5.998922641158499,23.865240000000004,5.494948897746134,24.21925208104083,24.31983830663041,1,0.2256939743524494,0
2024-06-19,26.46803333333333,239.2726875,4.737916666666667,0.1315402777777777,3411.0,1514.0,10911.0,2024,6,19,2,171,25,2,0,2,31.560133333333333,19.084733333333336,21.7174,20.98886666666667,18.667966666666665,18.917933333333337,26.355566666666668,24.120755555555547,6.575788145524008,26.547828571428575,7.116038102827843,24.319857142857146,6.308854082458185,24.344876666666664,5.518423309403922,26.05447239411396,24.78695411480479,1,0.2482746671764533,0
2024-06-20,27.935066666666668,239.9391875,5.008194444444444,0.1579305555555555,2948.0,2935.0,12417.0,2024,6,20,3,172,25,2,0,2,26.46803333333333,31.560133333333333,19.084733333333336,31.24996666666667,20.295233333333332,23.2874,22.068533333333335,25.70429999999999,6.272668311279714,27.330566666666662,6.691332042608766,24.877004761904765,6.112700047111689,24.348625555555554,5.519874365016671,26.1578626289188,24.895410838580823,1,0.2549505940693911,0
2024-06-21,28.90423333333333,239.46340972222225,5.134166666666666,0.1659916666666666,940.0,5823.0,12828.0,2024,6,21,4,173,25,2,0,2,27.935066666666668,26.46803333333333,31.560133333333333,23.082,31.37473333333333,27.357833333333335,16.281133333333333,28.654411111111106,2.6211567913450726,26.857009523809523,6.481736860129893,25.422707142857146,6.0123997654019625,24.544176666666665,5.54019142377927,26.60216363835577,25.091517666199262,1,0.2552893360187916,0
2024-06-22,26.106933333333338,239.04411805555557,4.674027777777778,0.2042666666666666,4705.0,1175.0,10652.0,2024,6,22,5,174,25,2,1,2,28.90423333333333,27.935066666666668,26.46803333333333,38.1517,25.705366666666663,30.8146,24.7486,27.7691111111111,1.2265494465427529,27.688757142857146,6.287226151129619,25.246242857142857,5.85855597876416,24.96494666666667,5.367651180185976,27.177681062100163,25.33749932214339,1,0.2603006393186268,0
2024-06-23,20.863266666666668,238.93765277777777,3.791944444444444,0.1464972222222222,2600.0,581.0,10124.0,2024,6,23,6,175,25,2,1,2,26.106933333333338,28.90423333333333,27.935066666666668,21.7174,22.094966666666668,17.900199999999998,26.336266666666667,27.648744444444436,1.4204601837796125,25.96807619047619,4.271593551319001,25.27492619047619,5.861958790402157,25.010224444444443,5.371490905615714,26.909994129908455,25.387140226091137,1,0.2539016186244444,1
2024-06-24,29.240866666666665,237.91538888888888,5.262222222222222,0.1757097222222222,2779.0,3489.0,14271.0,2024,6,24,0,176,26,2,0,2,20.863266666666668,26.106933333333338,28.90423333333333,19.084733333333336,17.78483333333333,26.630266666666667,34.141733333333335,25.291477777777768,4.082035283522823,25.84605714285714,4.4227759093930015,25.18694761904762,5.922288572447014,24.82779111111111,5.417643383607632,25.39831226409801,25.095277415805683,1,0.2567118446092994,0
2024-06-25,21.0295,238.89490277777776,3.9109722222222225,0.2018236111111111,2773.0,569.0,9402.0,2024,6,25,1,177,26,2,0,2,29.240866666666665,20.863266666666668,26.106933333333338,31.560133333333333,18.7201,26.48186666666667,21.495166666666663,25.40368888888888,4.232843016399359,27.29693333333333,3.377366342613811,26.00523571428571,5.603736069732877,24.66442888888889,5.196484338065845,26.358950864740173,25.36273478682897,1,0.2387715800697551,1
2024-06-26,17.60033333333333,239.3514027777778,3.2111111111111112,0.1509819444444444,921.0,572.0,8971.0,2024,6,26,2,178,26,2,0,2,21.0295,29.240866666666665,20.863266666666668,26.46803333333333,20.98886666666667,18.667966666666665,28.478333333333335,23.7112111111111,4.789543433626197,25.79255714285714,3.5048402903175213,26.170192857142855,5.40318954740247,24.64890666666667,5.20696248607288,25.02658814855513,25.08317125219484,1,0.2253729779686984,1
2024-06-27,29.252533333333336,238.9349861111111,5.236666666666666,0.18195,4159.0,2372.0,10163.0,2024,6,27,3,179,26,2,0,2,17.60033333333333,21.0295,29.240866666666665,27.935066666666668,31.24996666666667,20.295233333333332,18.572866666666663,22.623566666666655,5.981746440166417,24.525742857142856,4.639072583031307,25.928154761904757,5.719764261677595,24.28630666666667,5.308856641142028,23.17002444474968,24.600407515494098,1,0.2538683756754521,0
2024-06-28,20.146666666666665,239.14238194444445,3.6859722222222224,0.1464958333333333,0.0,2000.0,7932.0,2024,6,28,4,180,26,2,0,2,29.252533333333336,17.60033333333333,21.0295,28.90423333333333,23.082,31.37473333333333,18.917933333333337,22.627455555555542,5.9881998695891365,24.713952380952374,4.823502637735494,25.78548095238095,5.6004736834877615,24.642295555555553,5.270454322661176,24.690651666895597,24.900544665032115,1,0.2548054859931789,1
2024-06-29,12.4892,240.16064583333335,2.3311111111111114,0.1275444444444444,955.0,535.0,3896.0,2024,6,29,5,181,26,2,1,2,20.146666666666665,29.252533333333336,17.60033333333333,26.106933333333338,38.1517,25.705366666666663,23.2874,22.333177777777767,6.126096990683256,23.462871428571425,4.689390252964753,25.575814285714284,5.762083937698239,24.683253333333333,5.2290468714112945,23.55465541683836,24.593842858685957,1,0.199966551422459,1
2024-06-30,13.403266666666669,240.3761180555555,2.4791666666666665,0.1316152777777778,0.0,521.0,6819.0,2024,6,30,6,182,26,2,1,2,12.4892,20.146666666666665,29.252533333333336,20.863266666666668,21.7174,22.094966666666668,27.357833333333335,20.629466666666655,8.392089012344313,21.517480952380954,6.039879664911465,23.742778571428573,5.5309426092767655,24.32331333333333,5.680592581943974,20.788291562628768,23.81289815812557,1,0.202714320460601,1
2024-07-01,20.254,239.5402916666667,3.74,0.1929083333333333,3465.0,587.0,8390.0,2024,7,1,0,183,27,3,0,2,13.403266666666669,12.4892,20.146666666666665,29.240866666666665,19.084733333333336,17.78483333333333,30.8146,15.346377777777768,4.182219450288194,20.451766666666664,6.786544613806224,23.148911904761903,6.174096641083466,23.858161111111112,5.986631486950013,18.94203533863824,23.14130902964435,1,0.230476168608941,1
2024-07-02,19.120033333333332,238.96197916666668,3.569583333333333,0.1850958333333333,962.0,650.0,7002.0,2024,7,2,1,184,27,3,0,2,20.254,13.403266666666669,12.4892,21.0295,31.560133333333333,18.7201,17.900199999999998,15.382155555555547,4.243822650149798,19.167928571428572,5.591604984737455,23.232430952380952,6.122583748035163,23.50614111111111,5.872887244887473,19.27002650397868,22.955031027731817,1,0.235554798271795,1
2024-07-03,18.305999999999997,239.63549305555551,3.3431944444444444,0.1484361111111111,958.0,2569.0,7410.0,2024,7,3,2,185,27,3,0,2,19.120033333333332,20.254,13.403266666666669,17.60033333333333,26.46803333333333,20.98886666666667,26.630266666666667,17.592433333333325,3.671962434599493,18.895147619047616,5.531911325306561,22.343852380952377,5.709813372385622,23.54680222222222,5.836848166551909,19.23252821131734,22.70761182164159,1,0.2319218742093627,1
2024-07-04,15.700333333333331,240.1796527777778,2.8283333333333336,0.1306472222222222,0.0,589.0,8302.0,2024,7,4,3,186,27,3,0,2,18.305999999999997,19.120033333333332,20.254,29.252533333333336,27.935066666666668,31.24996666666667,26.48186666666667,19.22667777777777,0.97836893764419,18.995957142857144,5.510772335892597,21.76085,5.672894337737834,23.269326666666664,5.882890368354894,19.000896158488004,22.42363686540665,1,0.2238074515327541,1
2024-07-05,24.4848,239.56477083333337,4.386527777777778,0.1560972222222222,1875.0,6754.0,8365.0,2024,7,5,4,187,27,3,0,2,15.700333333333331,18.305999999999997,19.120033333333332,20.146666666666665,28.90423333333333,23.082,18.667966666666665,17.70878888888888,1.7863602256892814,17.05992857142857,3.2051522367737717,20.88694047619047,5.590371894960432,22.909942222222224,6.00786296550866,18.175755452199336,21.98987534720837,1,0.2006160991766015,1
2024-07-06,30.0844,240.59022916666663,5.359444444444445,0.1760986111111111,4258.0,5230.0,7536.0,2024,7,6,5,188,27,3,1,2,24.4848,15.700333333333331,18.305999999999997,12.4892,26.106933333333338,38.1517,20.295233333333332,19.49704444444443,4.511724039203286,17.679661904761904,4.174331942488668,20.571266666666663,5.215006910911634,23.103836666666663,5.959912269940665,19.7530165891495,22.150838228033635,1,0.1847635257455769,1
2024-07-07,16.389833333333332,239.63371527777775,2.968611111111111,0.1408402777777777,2171.0,592.0,7149.0,2024,7,7,6,189,27,3,1,2,30.0844,24.4848,15.700333333333331,13.403266666666669,20.863266666666668,21.7174,31.37473333333333,23.423177777777767,7.250560307646163,20.193261904761904,5.5865854315368235,20.855371428571427,5.631490752245494,23.430142222222223,6.06784011448988,22.335862441862123,22.662680922999208,1,0.2320755306150634,1
2024-07-08,18.770233333333337,239.700625,3.371388888888889,0.1363319444444444,991.0,503.0,7592.0,2024,7,8,0,190,28,3,0,2,16.389833333333332,30.0844,24.4848,20.254,29.240866666666665,19.084733333333336,25.705366666666663,23.653011111111105,6.885070341957512,20.619914285714284,5.0719396107168935,20.53584047619048,5.7565314939839,22.930645555555554,6.0077718048726245,20.84935516472992,22.257981078504635,1,0.2438638414170301,1
2024-07-09,15.321966666666668,240.3295763888889,2.7752777777777777,0.1331416666666666,951.0,499.0,7352.0,2024,7,9,1,191,28,3,0,2,18.770233333333337,16.389833333333332,30.0844,19.120033333333332,21.0295,31.560133333333333,22.094966666666668,21.748155555555545,7.316850730891482,20.407947619047626,5.120552473044627,19.787938095238097,5.1909565514083775,22.699474444444444,6.03070616857581,20.329574706880777,22.032965094945197,1,0.2306590691511587,1
2024-07-10,20.8546,239.86775694444444,3.7434722222222225,0.1668347222222222,982.0,552.0,8186.0,2024,7,10,2,192,28,3,0,2,15.321966666666668,18.770233333333337,16.389833333333332,18.305999999999997,17.60033333333333,26.46803333333333,17.78483333333333,16.827344444444435,1.765275539503394,19.865366666666667,5.469126471790666,19.380257142857143,5.308737073877552,22.473707777777783,6.179069686655202,19.077672696827246,21.599997454411096,1,0.2466355564284773,1
2024-07-11,20.903599999999997,239.5169097222222,3.782222222222222,0.1743305555555555,724.0,558.0,9251.0,2024,7,11,3,193,28,3,0,2,20.8546,15.321966666666668,18.770233333333337,15.700333333333331,29.252533333333336,27.935066666666668,18.7201,18.315599999999993,2.794195143705944,20.22945238095238,5.432726686816469,19.61270476190476,5.2960367816857685,22.57603333333333,6.123915849002903,19.521904522620435,21.55190729606199,1,0.2455011854975805,1
2024-07-12,22.147533333333335,240.05927777777777,4.050416666666667,0.1848083333333333,4436.0,2617.0,7231.0,2024,7,12,4,194,28,3,0,2,20.903599999999997,20.8546,15.321966666666668,24.4848,20.146666666666665,28.90423333333333,20.98886666666667,19.02672222222221,3.208505967707345,20.972776190476193,5.052407993323826,19.01635238095238,4.543679312780409,22.64881666666667,6.089385630692939,19.867328391965327,21.510081018896702,1,0.2533857647078235,1
2024-07-13,20.910566666666668,240.2902638888889,3.7665277777777777,0.1159583333333333,1671.0,3164.0,7056.0,2024,7,13,5,195,28,3,1,2,22.147533333333335,20.903599999999997,20.8546,30.0844,12.4892,26.106933333333338,31.24996666666667,21.3019111111111,0.7327400337337184,20.638880952380955,4.855002576070164,19.15927142857143,4.612908342397643,22.687438888888888,6.0821644403823525,20.43737962730733,21.55120697466681,1,0.250933941934843,1
2024-07-14,18.965433333333333,240.4941875,3.431666666666667,0.1456027777777777,2564.0,1995.0,6436.0,2024,7,14,6,196,28,3,1,2,20.910566666666668,22.147533333333335,20.903599999999997,16.389833333333332,13.403266666666669,20.863266666666668,23.082,21.320566666666657,0.7161826124973294,19.328333333333337,2.5903518968716384,19.76079761904762,4.207479726344767,22.342792222222226,5.869459110717779,20.55567638714716,21.50987534189261,1,0.2161519391769982,1
2024-07-15,19.264333333333333,239.78144444444447,3.435694444444444,0.1325944444444444,968.0,552.0,8585.0,2024,7,15,0,197,29,3,0,2,18.965433333333333,20.910566666666668,22.147533333333335,18.770233333333337,20.254,29.240866666666665,38.1517,20.6745111111111,1.6041295993405484,19.69627619047619,2.266008908297518,20.158095238095235,3.804269690168218,22.205573333333337,5.899623633643908,20.158115623693703,21.3457177929533,1,0.1995808923334693,1
2024-07-16,17.95103333333333,240.5933819444444,3.2368055555555557,0.1433763888888888,1537.0,2799.0,4978.0,2024,7,16,1,198,29,3,0,2,19.264333333333333,18.965433333333333,20.910566666666668,15.321966666666668,19.120033333333332,21.0295,21.7174,19.71344444444443,1.0474547788341917,19.766861904761903,2.2399003360285623,20.087404761904764,3.811538504160096,21.575994444444447,5.091717619851993,19.93467005110361,21.211434924590726,1,0.1980690472490092,1
2024-07-17,21.985366666666668,239.91703472222224,4.026666666666666,0.1663236111111111,1122.0,723.0,8280.0,2024,7,17,2,199,29,3,0,2,17.95103333333333,19.264333333333333,18.965433333333333,20.8546,18.305999999999997,17.60033333333333,19.084733333333336,18.726933333333324,0.688368295317833,20.142442857142857,1.4523333784339691,20.00390476190476,3.8470008187501374,21.45044888888889,5.134365482132708,19.43876087166104,21.00108643483218,1,0.1496749108772116,1
2024-07-18,21.0264,239.5771875,3.736944444444444,0.1358375,1143.0,552.0,9260.0,2024,7,18,3,200,29,3,0,2,21.985366666666668,17.95103333333333,19.264333333333333,20.903599999999997,15.700333333333331,29.252533333333336,31.560133333333333,19.733577777777768,2.0576938845687107,20.30398095238095,1.600113117395975,20.266716666666667,3.847763868400353,21.547136666666667,5.115556495049992,20.075412320412447,21.06458838527312,1,0.1556262017422867,1
2024-07-19,22.400233333333333,239.15111805555551,4.019722222222222,0.1444652777777778,2941.0,3146.0,7676.0,2024,7,19,4,201,29,3,0,2,21.0264,21.985366666666668,17.95103333333333,22.147533333333335,24.4848,20.146666666666665,26.46803333333333,20.32093333333333,2.107658362838574,20.321523809523807,1.6084342254717845,20.64715,3.6179868706975498,21.196012222222222,4.753260378439843,20.313159240309336,21.062124618481302,1,0.1558099729089631,1
2024-07-20,15.692233333333332,239.77769444444445,2.836388888888889,0.1198444444444444,1943.0,1076.0,5457.0,2024,7,20,5,202,29,3,1,2,22.400233333333333,21.0264,21.985366666666668,20.910566666666668,30.0844,12.4892,27.935066666666668,21.80399999999999,0.7046452354034856,20.35762380952381,1.6583105850708166,20.49825238095238,3.4884770050588494,21.06041888888889,4.654680321106722,20.834927763565336,21.14845421298789,1,0.1498391132670939,1
2024-07-21,19.274633333333338,239.10169444444443,3.482083333333333,0.1197569444444444,1698.0,431.0,9189.0,2024,7,21,6,203,29,3,1,2,15.692233333333332,22.400233333333333,21.0264,18.965433333333333,16.389833333333332,13.403266666666669,28.90423333333333,19.70628888888888,3.543492064229596,19.61214761904762,2.3829233872648192,19.470240476190472,2.3956917715569253,20.65232444444445,4.567032612713318,19.549254156007333,20.796439962687597,1,0.2076789944146399,1
2024-07-22,12.337366666666666,239.67030555555556,2.272638888888889,0.1118944444444444,0.0,430.0,4886.0,2024,7,22,0,204,30,3,0,2,19.274633333333338,15.692233333333332,22.400233333333333,19.264333333333333,18.770233333333337,20.254,26.106933333333338,19.122366666666657,3.356591255028252,19.656319047619046,2.371777179579407,19.67629761904762,2.22859611171264,20.331337777777776,4.297508817121206,19.48059895033883,20.69825888982603,1,0.162496322805382,1
2024-07-23,15.7105,240.0961180555555,2.8494444444444444,0.1127722222222222,1233.0,454.0,6325.0,2024,7,23,1,205,30,3,0,2,12.337366666666666,19.274633333333338,15.692233333333332,17.95103333333333,15.321966666666668,19.120033333333332,20.863266666666668,15.768077777777767,3.4692551774011067,18.666752380952374,3.6585670641532295,19.216807142857142,2.969711747794616,19.872352222222226,4.393627504738583,17.69479087942079,20.158846488331875,1,0.2251660511279508,1
2024-07-24,18.22416666666667,239.8837638888889,3.2215277777777778,0.1290847222222222,837.0,476.0,8344.0,2024,7,24,2,206,30,3,0,2,15.7105,12.337366666666666,19.274633333333338,21.985366666666668,20.8546,18.305999999999997,29.240866666666665,15.774166666666655,3.4690715306033835,18.34667619047619,3.8258051611879456,19.244559523809524,2.932091232771764,19.700593333333337,4.453859178469615,17.19871815956559,19.871856392310463,1,0.2321397406549427,1
2024-07-25,14.425566666666668,239.0572152777778,2.618333333333333,0.1268847222222222,1168.0,492.0,6731.0,2024,7,25,3,207,30,3,0,2,18.22416666666667,15.7105,12.337366666666666,21.0264,20.903599999999997,15.700333333333331,21.0295,15.4240111111111,2.953838261075074,17.809361904761907,3.477899377946154,19.05667142857143,2.905138830313616,19.33337,4.078481871880601,17.45508028634086,19.765553829365704,1,0.2079036991762299,1
2024-07-26,13.594733333333332,240.02869444444443,2.4944444444444445,0.1481375,0.0,948.0,6243.0,2024,7,26,4,208,30,3,0,2,14.425566666666668,18.22416666666667,15.7105,22.400233333333333,22.147533333333335,24.4848,17.60033333333333,16.12007777777777,1.9321376651355695,16.866385714285713,3.352884627083974,18.593954761904765,3.097844204273608,19.113238888888887,4.161160159834028,16.69770188142231,19.42103852854641,1,0.2013417812090666,1
2024-07-27,19.123266666666662,238.4711597222222,3.5125,0.1619013888888889,1063.0,858.0,8385.0,2024,7,27,5,209,30,3,1,2,13.594733333333332,14.425566666666668,18.22416666666667,15.692233333333332,20.910566666666668,30.0844,29.252533333333336,15.414822222222211,2.468174054354963,15.608457142857144,2.4649057362115907,17.983040476190475,3.185249293553573,18.97971888888889,4.274110333046435,15.921959744400066,19.045147870790732,1,0.1827988847645706,1
2024-07-28,13.7634,239.99369444444443,2.5743055555555556,0.1378569444444444,0.0,509.0,5963.0,2024,7,28,6,210,30,3,1,2,19.123266666666662,13.594733333333332,14.425566666666668,19.274633333333338,18.965433333333333,16.389833333333332,20.146666666666665,15.714522222222213,2.9811449180794676,16.09860476190476,2.802371509091853,17.85537619047619,3.0933812916109584,18.64207666666667,3.809436451580505,16.72228647496672,19.05018779310531,1,0.1794956401093394,1
2024-07-29,19.442633333333333,240.2488819444445,3.6408333333333336,0.1447111111111111,1571.0,530.0,5802.0,2024,7,29,0,211,31,3,0,2,13.7634,19.123266666666662,13.594733333333332,12.337366666666666,19.264333333333333,18.770233333333337,12.4892,15.493799999999988,3.144341477073199,15.311285714285717,2.5214625803325355,17.48380238095238,3.257845023216242,18.42930111111111,3.899698786417492,15.982564856225038,18.70910470967916,1,0.1797328369067495,1
2024-07-30,21.665133333333333,239.08559027777775,4.065138888888889,0.1580111111111111,2548.0,773.0,6278.0,2024,7,30,1,212,31,3,0,2,19.442633333333333,13.7634,19.123266666666662,15.7105,17.95103333333333,15.321966666666668,13.403266666666669,17.44309999999999,3.1907119635659793,16.32632380952381,2.5546807878947577,17.496538095238098,3.2656800680432525,18.66108222222222,3.737748882716153,16.847581975502113,18.756429137011686,1,0.1810540944161551,1
2024-07-31,23.21063333333333,240.09567361111112,4.231805555555556,0.1690805555555555,1533.0,2808.0,7588.0,2024,7,31,2,213,31,3,0,2,21.665133333333333,19.442633333333333,13.7634,18.22416666666667,21.985366666666668,20.8546,20.254,18.29038888888888,4.074935320050037,17.176985714285713,3.220161279653638,17.76183095238095,3.451041739326961,18.936477777777775,3.6400864516943954,18.05196981495992,18.944087472258246,1,0.2061359571593558,1
2024-08-01,12.326266666666667,239.8054375,2.3279166666666664,0.1754888888888889,586.0,1150.0,5091.0,2024,8,1,3,214,31,3,0,2,23.21063333333333,21.665133333333333,19.442633333333333,14.425566666666668,21.0264,20.903599999999997,19.120033333333332,21.439466666666657,1.8941093113472456,17.889338095238095,3.9575418768715944,17.849349999999998,3.5795349656127793,19.035032222222224,3.716217039474363,19.341635694553272,19.21934849555341,1,0.1933882481105758,1
2024-08-02,8.4296,239.12872916666663,1.5879166666666666,0.1238152777777777,0.0,504.0,3803.0,2024,8,2,4,215,31,3,0,2,12.326266666666667,23.21063333333333,21.665133333333333,13.594733333333332,22.400233333333333,22.147533333333335,18.305999999999997,19.067344444444434,5.888865745373703,17.589438095238094,4.326147196277415,17.227911904761903,3.7372771446606743,18.808573333333335,3.912665572963335,17.58779343758162,18.77463353885104,1,0.1626713609429372,1
2024-08-03,8.413033333333333,237.0544375,1.5766666666666669,0.1153138888888888,0.0,499.0,3926.0,2024,8,3,5,216,31,3,1,2,8.4296,12.326266666666667,23.21063333333333,19.123266666666662,15.692233333333332,20.910566666666668,15.700333333333331,14.655499999999993,7.660857167517833,16.851561904761905,5.422592188735961,16.230009523809525,4.097749673946865,18.479359999999996,4.34772500804991,15.298245078186214,18.107212020215485,1,0.1510644608506154,1
2024-08-04,18.775016666666662,237.86342361111113,3.416736111111111,0.1346152777777778,596.0,4677.0,4410.5,2024,8,4,6,217,31,3,1,2,8.413033333333333,8.4296,12.326266666666667,13.7634,19.274633333333338,18.965433333333333,24.4848,9.722966666666656,2.2545391504936996,15.321528571428573,6.13851426364471,15.710066666666664,4.602017338248575,18.23645,4.697822147387515,13.576942141972994,17.48178113719083,1,0.1936567258078915,1
2024-08-05,13.7853,238.73645833333333,2.5059722222222223,0.1251722222222222,635.0,509.0,7118.0,2024,8,5,0,218,32,3,0,2,18.775016666666662,8.413033333333333,8.4296,19.442633333333333,12.337366666666666,19.264333333333333,30.0844,11.87254999999999,5.977717221226045,16.03747380952381,6.218238181363604,15.674379761904762,4.57410167531047,18.04612388888889,4.549262579124598,14.876460773146412,17.565215687479593,1,0.1800337410643927,1
2024-08-06,5.4352,240.5658263888889,1.0904166666666666,0.1489611111111111,0.0,513.0,2215.0,2024,8,6,1,219,32,3,0,2,13.7853,18.775016666666662,8.413033333333333,21.665133333333333,15.7105,17.95103333333333,16.389833333333332,13.657783333333322,5.182168467473435,15.229283333333331,6.0677273209179825,15.777803571428572,4.508747864189145,17.502820555555555,4.002400501790797,14.60367057985981,17.321350159255104,1,0.1011492693627285,1
2024-08-07,5.5814,239.3123263888889,1.1206944444444444,0.1492638888888889,0.0,526.0,2357.0,2024,8,7,2,220,32,3,0,2,5.4352,13.7853,18.775016666666662,23.21063333333333,18.22416666666667,21.985366666666668,18.770233333333337,12.665172222222212,6.740080997583008,12.910721428571426,6.2952056760200445,15.04385357142857,5.289306028108425,17.137666111111113,4.5672963246301865,12.311552934894856,16.554501761883806,1,0.0801275969172072,1
2024-08-08,5.036666666666666,239.45654166666665,1.0055555555555555,0.1364222222222222,0.0,481.0,1980.0,2024,8,8,3,221,32,3,0,2,5.5814,5.4352,13.7853,12.326266666666667,14.425566666666668,21.0264,15.321966666666668,8.267299999999992,4.779287249161488,10.392259523809525,4.847850070180051,14.14079880952381,5.762640840478165,16.698038333333333,5.017313159926429,10.629014701171142,15.846559712730013,1,0.0715136988717508,1
2024-08-09,5.982066666666666,240.71045833333332,1.1602777777777775,0.1388819444444444,0.0,489.0,1902.0,2024,8,9,4,222,32,3,0,2,5.036666666666666,5.5814,5.4352,8.4296,13.594733333333332,22.400233333333333,20.8546,5.351088888888879,0.281939018881072,9.350888095238094,5.137455788533365,13.470163095238094,6.2524578589715505,16.355195,5.447546991072525,9.230927692545023,15.14914725814528,1,0.0675457360178291,1
2024-08-10,5.8671999999999995,240.2648888888889,1.1225,0.1313236111111111,0.0,464.0,1905.0,2024,8,10,5,223,32,3,1,2,5.982066666666666,5.036666666666666,5.5814,8.413033333333333,19.123266666666662,15.692233333333332,20.903599999999997,5.533377777777768,0.4745259638498636,9.001240476190477,5.2915833127625795,12.92640119047619,6.564054638531668,15.859443888888888,5.695071521815114,8.418712436075435,14.557722703856337,1,0.0601536084908758,1
2024-08-11,6.1986,240.7183263888889,1.1706944444444445,0.1302916666666666,0.0,489.0,1880.0,2024,8,11,6,224,32,3,1,2,5.8671999999999995,5.982066666666666,5.036666666666666,18.775016666666662,13.7634,19.274633333333338,22.147533333333335,5.6286444444444355,0.5158748441357625,8.637550000000001,5.424565273851205,11.979539285714283,6.557485963228171,15.358230555555556,5.894024830621612,7.780834327056576,13.997043819736572,1,0.0598094213893718,1
2024-08-12,4.8164,240.04828472222223,0.9534722222222224,0.1298902777777777,0.0,462.0,1844.0,2024,8,12,0,225,33,3,0,2,6.1986,5.8671999999999995,5.982066666666666,13.7853,19.442633333333333,12.337366666666666,20.910566666666668,6.015955555555546,0.1682790319377884,6.840919047619048,3.086003826228493,11.439196428571426,6.709107486123035,14.826599444444444,5.979192607737982,7.385275745292432,13.493918412011633,1,0.0414331800565689,1
2024-08-13,4.709733333333333,240.87151388888887,0.9315277777777778,0.1276638888888889,0.0,451.0,1789.0,2024,8,13,1,226,33,3,0,2,4.8164,6.1986,5.8671999999999995,5.4352,21.665133333333333,15.7105,18.965433333333333,5.62739999999999,0.7216281868090257,5.5596476190476185,0.5038473544713131,10.394465476190476,6.502564901934372,14.29012722222222,6.134489679959691,6.743056808969325,12.934078514462495,1,0.001476285890186,1
2024-08-14,4.5043,241.14088194444443,0.885,0.1235875,0.0,441.0,1641.0,2024,8,14,2,227,33,3,0,2,4.709733333333333,4.8164,6.1986,5.5814,23.21063333333333,18.22416666666667,19.264333333333333,5.241577777777768,0.8305197738838329,5.456009523809523,0.5992848570489187,9.183365476190476,5.780850979412687,13.814937222222222,6.3094844838956865,6.2347259400603265,12.403475599550935,1,0.0004597701150094,1
2024-08-15,4.5609,241.15816666666663,0.8959722222222223,0.1237347222222222,0.0,439.0,1691.0,2024,8,15,3,228,33,3,0,2,4.5043,4.709733333333333,4.8164,5.036666666666666,12.326266666666667,14.425566666666668,17.95103333333333,4.676811111111102,0.1586332469383718,5.302138095238094,0.6927177599625088,7.847198809523809,4.247820488558153,13.322936111111112,6.443944855794499,5.802119455045244,11.893851367321842,-1,-0.0004321438646806,1
2024-08-16,4.580233333333334,242.09534722222224,0.8994444444444445,0.1261652777777777,0.0,442.0,1688.0,2024,8,16,4,229,33,3,0,2,4.5609,4.5043,4.709733333333333,5.982066666666666,8.4296,13.594733333333332,21.985366666666668,4.591644444444435,0.1061114002189349,5.234171428571429,0.7445098980542805,7.2925297619047615,4.123126410890379,12.876598333333334,6.574731682971521,5.491814591283933,11.420757730720434,-1,-0.0003120367505129,1
2024-08-17,4.579933333333333,241.18345138888887,0.8977777777777778,0.1246638888888888,0.0,445.0,1710.0,2024,8,17,5,230,33,3,1,2,4.580233333333334,4.5609,4.5043,5.8671999999999995,8.413033333333333,19.123266666666662,21.0264,4.5484777777777685,0.0394613922542056,5.033909523809524,0.6968170326025998,7.017575,4.16955494486407,12.296427222222224,6.510860583265438,5.263919276796282,10.9794335760503,-1,-0.000931746810843,1
2024-08-18,4.562633333333333,241.35584027777776,0.8943055555555556,0.1236791666666666,0.0,440.0,1719.0,2024,8,18,6,231,33,3,1,2,4.579933333333333,4.580233333333334,4.5609,6.1986,18.775016666666662,13.7634,22.400233333333333,4.573688888888879,0.0110765182445065,4.850014285714286,0.6039209406317357,6.7437821428571425,4.1966357151286315,11.748211666666666,6.4424869498825235,5.092922790930545,10.566562592649204,-1,-1.398459636980931e-07,1
2024-08-19,4.5782,240.8947361111111,0.9033333333333332,0.1254319444444444,0.0,442.0,1697.0,2024,8,19,0,232,34,3,0,2,4.562633333333333,4.579933333333333,4.580233333333334,4.8164,13.7853,19.442633333333333,15.692233333333332,4.574266666666657,0.0100758786463032,4.616304761904762,0.1079246709374859,5.728611904761905,2.394409909984143,11.153625,6.245617708206431,4.9603504265312415,10.179212317854631,1,0.0002620686031871,1
2024-08-20,4.474533333333333,241.54370833333337,0.8833333333333333,0.1236555555555555,0.0,437.0,1626.0,2024,8,20,1,233,34,3,0,2,4.5782,4.562633333333333,4.579933333333333,4.709733333333333,5.4352,21.665133333333333,19.274633333333338,4.573588888888879,0.0095272900879984,4.582276190476191,0.0621753842487641,5.070961904761904,0.6132987597386992,10.783157222222222,6.2965352630629585,4.864812819898431,9.817856684444658,-1,-0.003422867073619,1
2024-08-21,4.354966666666667,240.29566666666668,0.8497222222222222,0.1173416666666666,0.0,432.0,1577.0,2024,8,21,2,234,34,3,0,2,4.474533333333333,4.5782,4.562633333333333,4.5043,5.5814,23.21063333333333,12.337366666666666,4.538455555555546,0.0559027561512478,4.548676190476191,0.0421409350450915,5.002342857142858,0.6230753388271317,10.289820555555556,6.187129215853635,4.767242948257156,9.473126145663285,-1,-0.005682904533658,1
2024-08-22,4.452066666666667,240.88224305555556,0.8720833333333333,0.1212874999999999,0.0,438.0,1614.0,2024,8,22,3,235,34,3,0,2,4.354966666666667,4.474533333333333,4.5782,4.5609,5.036666666666666,12.326266666666667,15.7105,4.469233333333324,0.1117110011365384,4.527342857142857,0.0846793028572873,4.9147404761904765,0.6216137614388152,10.023740555555555,6.267162803852428,4.664173877859533,9.14292230830866,-1,-0.0003881439736045,1
2024-08-23,4.244033333333333,242.14265972222225,0.8308333333333334,0.1176541666666666,0.0,419.0,1485.0,2024,8,23,4,236,34,3,0,2,4.452066666666667,4.354966666666667,4.474533333333333,4.580233333333334,5.982066666666666,8.4296,18.22416666666667,4.427188888888879,0.0635470283487755,4.511795238095238,0.0874374345879021,4.872983333333333,0.6323361765166766,9.648459444444445,6.251956378673345,4.611147075061317,8.84028646046079,-1,-0.0058959857191254,1
2024-08-24,4.245266666666667,241.61341666666667,0.8263888888888888,0.1138263888888888,0.0,404.0,1523.0,2024,8,24,5,237,34,3,1,2,4.244033333333333,4.452066666666667,4.354966666666667,4.579933333333333,5.8671999999999995,8.413033333333333,14.425566666666668,4.350355555555546,0.1040932932558128,4.463766666666666,0.1269759090349047,4.748838095238095,0.5648540466317074,9.182455,6.110116148865327,4.519368639629321,8.543754000646116,-1,-0.005626699927212,1
2024-08-25,4.171633333333333,241.47397222222224,0.8083333333333333,0.1137986111111111,0.0,422.0,1436.0,2024,8,25,6,238,34,3,1,2,4.245266666666667,4.244033333333333,4.452066666666667,4.562633333333333,6.1986,18.775016666666662,13.594733333333332,4.31378888888888,0.119753656083149,4.415957142857143,0.1384344552719719,4.632985714285715,0.4773909232797897,8.843111666666665,6.091551676451387,4.4508431463886575,8.266432237163572,-1,-0.0080510691705751,1
2024-08-26,4.2927333333333335,241.11954861111113,0.8372222222222222,0.1156708333333333,0.0,420.0,1533.0,2024,8,26,0,239,35,3,0,2,4.171633333333333,4.245266666666667,4.244033333333333,4.5782,4.8164,13.7853,19.123266666666662,4.220311111111102,0.0421607022230134,4.3601,0.1479440584754328,4.488202380952381,0.1820722921537496,8.529008333333334,6.081027667275083,4.3810406931248265,8.002251662722912,-1,-0.0072284214318323,1
2024-08-27,4.3019,240.57646527777777,0.8331944444444445,0.1151888888888889,0.0,399.0,1539.0,2024,8,27,1,240,35,3,0,2,4.2927333333333335,4.171633333333333,4.245266666666667,4.474533333333333,4.709733333333333,5.4352,13.7634,4.2365444444444345,0.0610193442073488,4.3193190476190475,0.1130292896164082,4.450797619047619,0.1621634974709342,8.034657222222222,5.7857263509233725,4.358963853176953,7.762927899536488,-1,-0.0036912285502742,1
2024-08-28,4.470766666666666,240.54265277777776,0.875,0.1209013888888888,0.0,432.0,1631.0,2024,8,28,2,241,35,3,0,2,4.3019,4.2927333333333335,4.171633333333333,4.354966666666667,4.5043,5.5814,19.442633333333333,4.2554222222222124,0.0727079113129851,4.294657142857143,0.0900075957645349,4.421666666666666,0.148091245850664,7.719273888888889,5.720185782138129,4.344697889882714,7.539635776985747,-1,-0.0032249059889487,1
2024-08-29,4.4598,240.33545138888888,0.875,0.1188791666666666,0.0,430.0,1599.0,2024,8,29,3,242,35,3,0,2,4.470766666666666,4.3019,4.2927333333333335,4.452066666666667,4.5609,5.036666666666666,21.665133333333333,4.355133333333324,0.1002462357144386,4.3112,0.1111079554825203,4.419271428571429,0.1469184609475582,7.220211666666667,5.299768978513424,4.376215084078702,7.34164422148129,1,3.356303129753435e-06,1
2024-08-30,4.507066666666666,240.51399305555557,0.88625,0.1232999999999999,0.0,435.0,1619.0,2024,8,30,4,243,35,3,0,2,4.4598,4.470766666666666,4.3019,4.244033333333333,4.580233333333334,5.982066666666666,23.21063333333333,4.410822222222213,0.0944886491170116,4.312304761904762,0.1127680993301402,4.41205,0.1418176702134913,6.646700555555555,4.562348330286146,4.3971113130590265,7.155718787837336,-1,-0.0001124946820612,1
2024-08-31,25.0405,240.01818402777775,4.452500000000001,0.1461395833333333,2056.0,3733.0,12133.5,2024,8,31,5,244,35,3,1,2,4.507066666666666,4.4598,4.470766666666666,4.245266666666667,4.579933333333333,5.8671999999999995,12.326266666666667,4.479211111111102,0.024738955577713,4.3498809523809525,0.1288974310007901,4.406823809523809,0.1363872938473397,6.023248333333333,3.3331616461883167,4.424600151460936,6.984838005826325,-1,-0.0094684819445387,1
2024-09-01,20.791833333333333,239.9159097222222,3.7325,0.1281152777777777,950.0,521.0,10183.0,2024,9,1,6,245,35,3,1,3,25.0405,4.507066666666666,4.4598,4.171633333333333,4.562633333333333,6.1986,8.4296,11.33578888888888,11.868651503591368,7.320628571428571,7.81465578041985,5.8682928571428565,5.519601161504806,6.44705611111111,4.693092723746751,9.578575113595702,8.149719424805271,1,0.0606885741502503,1
2024-09-02,23.069233333333333,239.3289652777778,4.141527777777778,0.1559958333333333,4273.0,1206.0,6648.0,2024,9,2,0,246,36,3,0,3,20.791833333333333,25.0405,4.507066666666666,4.2927333333333335,4.5782,4.8164,8.413033333333333,16.77979999999999,10.838716700534384,9.694942857142856,9.115085282421385,7.027521428571428,6.783758443109984,6.859130555555555,5.3674512443306925,12.38188966853011,8.965339676968371,1,0.0668590982243233,1
2024-09-03,23.141433333333335,240.0294583333333,4.118611111111111,0.1245055555555555,1326.0,1902.0,10213.0,2024,9,3,1,247,36,3,0,3,23.069233333333333,20.791833333333333,25.0405,4.3019,4.474533333333333,4.709733333333333,18.775016666666662,22.96718888888888,2.126170715768559,12.3773,9.981910115674392,8.348309523809524,7.967079045227105,7.347670555555556,6.127015168070125,15.053725584730916,9.87526829995966,1,0.0926672195226427,1
2024-09-04,20.420333333333335,238.66349305555556,3.6547222222222224,0.1054666666666666,2225.0,404.0,9408.0,2024,9,4,2,248,36,3,0,3,23.141433333333335,23.069233333333333,20.791833333333333,4.470766666666666,4.354966666666667,4.5043,13.7853,22.334166666666658,1.3361875966092698,15.068661904761903,9.981496683742476,9.681659523809524,8.788573830319319,7.493217777777778,6.45112210219056,17.075652521881523,10.731149915016026,1,0.134280544428119,1
2024-09-05,14.566,239.59059027777775,2.6055555555555556,0.1022472222222222,379.0,431.0,6943.0,2024,9,5,3,249,36,3,0,3,20.420333333333335,23.141433333333335,23.069233333333333,4.4598,4.452066666666667,4.5609,5.4352,22.210333333333324,1.5506057558254809,17.34717142857143,8.923428156044123,10.829185714285714,9.083448256649891,7.714385555555555,6.779647222185761,17.911822724744475,11.3562585226494,1,0.1547911982919144,1
2024-09-06,31.1429,239.33977777777775,5.524444444444445,0.1654805555555555,2948.0,6500.0,13400.0,2024,9,6,4,250,36,3,0,3,14.566,20.420333333333335,23.141433333333335,4.507066666666666,4.244033333333333,4.580233333333334,5.5814,19.375922222222215,4.382078290077575,18.790914285714287,7.127706953043332,11.551609523809525,8.938279848350371,8.018745555555556,6.878040420292409,17.075367043558355,11.563338617962344,1,0.1789686809245864,0
2024-09-07,22.877599999999997,240.5886875,4.080833333333333,0.1225305555555555,3612.0,1707.0,5976.0,2024,9,7,5,251,36,3,1,3,31.1429,14.566,20.420333333333335,25.0405,4.245266666666667,4.579933333333333,5.036666666666666,22.043077777777768,8.406745984712549,22.596033333333335,5.033487359122088,13.472957142857142,10.066482563951126,8.870795555555556,8.049249161836505,20.592250282668765,12.8265361264809,1,0.2555978313006904,1
2024-09-08,21.822066666666668,241.3818263888889,3.8533333333333335,0.1115097222222222,747.0,2293.0,9559.0,2024,9,8,6,252,36,3,1,3,22.877599999999997,31.1429,14.566,20.791833333333333,4.171633333333333,4.562633333333333,5.982066666666666,22.862166666666656,8.288460776485131,22.28704761904762,4.923608555868948,14.803838095238095,9.983996979584573,9.465493333333333,8.407308013561417,21.163587712001572,13.474991860256328,1,0.2565488794297843,1
2024-09-09,19.327566666666662,239.78166666666664,3.4644444444444447,0.1254652777777777,236.0,453.0,7728.0,2024,9,9,0,253,37,3,0,3,21.822066666666668,22.877599999999997,31.1429,23.069233333333333,4.2927333333333335,4.5782,5.8671999999999995,25.280855555555547,5.1040387396575815,22.43422380952381,4.886724243245283,16.064583333333335,9.646847226525622,9.993493333333332,8.674157290305672,21.328207450667843,14.013512815508609,1,0.2471457983368004,1
2024-09-10,21.6794,239.48058333333333,3.8575,0.1155763888888889,1009.0,399.0,10281.0,2024,9,10,1,254,37,3,0,3,19.327566666666662,21.822066666666668,22.877599999999997,23.141433333333335,4.3019,4.474533333333333,6.1986,21.3424111111111,1.8229745626104945,21.8997,5.008800830611854,17.1385,9.054221489147023,10.44217222222222,8.80056499395356,20.82804725466755,14.356354999454288,1,0.2574034818259852,1
2024-09-11,17.145233333333334,239.09980555555555,3.080277777777778,0.1333597222222222,1005.0,417.0,7644.0,2024,9,11,2,255,37,3,0,3,21.6794,19.327566666666662,21.822066666666668,20.420333333333335,4.470766666666666,4.354966666666667,4.8164,20.9430111111111,1.400833326723139,21.690838095238096,4.978784689668943,18.37975,8.320492309047358,10.958198888888887,8.9948783501278,21.04088544100066,14.828809515618524,1,0.2431057111968676,1
2024-09-12,23.2127,239.9683125,4.144583333333333,0.1238180555555555,1867.0,402.0,8738.0,2024,9,12,3,256,37,3,0,3,17.145233333333334,21.6794,19.327566666666662,14.566,4.4598,4.452066666666667,4.709733333333333,19.384066666666655,2.267611304385424,21.222966666666668,5.263804018993062,19.28506904761905,7.320085525905874,11.36916,8.986231403066222,20.06697241408383,14.978256213535609,1,0.2513594447485141,1
2024-09-13,27.1906,240.1245486111111,4.820138888888889,0.1293,930.0,5433.0,11807.0,2024,9,13,4,257,37,3,0,3,23.2127,17.145233333333334,21.6794,31.1429,4.507066666666666,4.244033333333333,4.5043,20.679111111111094,3.1549914950285727,22.45820952380953,4.381948874378766,20.6245619047619,5.994265107639197,11.985925555555555,9.146938009880778,20.85340431056287,15.509510651372022,1,0.2485810727564248,1
2024-09-14,26.2721,239.8889861111111,4.734999999999999,0.1345458333333333,4673.0,445.0,6538.0,2024,9,14,5,258,37,3,1,3,27.1906,23.2127,17.145233333333334,22.877599999999997,25.0405,4.245266666666667,4.5609,22.516177777777767,5.0587750761899475,21.893595238095237,3.160933446955491,22.244814285714288,4.054360795441186,12.742135555555556,9.440155556189213,22.43770323292215,16.26312931902544,1,0.235581493747183,1
2024-09-15,28.295133333333336,240.25590972222224,5.071805555555556,0.0945263888888888,960.0,364.0,10322.0,2024,9,15,6,259,37,3,1,3,26.2721,27.1906,23.2127,21.822066666666668,20.791833333333333,4.171633333333333,4.580233333333334,25.558466666666657,2.0827569477336523,22.37852380952381,3.570853074531567,22.332785714285713,4.1323002066732775,13.465842222222223,9.62180417754126,23.39630242469161,16.908869362959283,1,0.2365643284999973,0
2024-09-16,20.36436666666667,240.94875,3.619305555555555,0.108375,0.0,368.0,8249.0,2024,9,16,0,260,38,3,0,3,28.295133333333336,26.2721,27.1906,19.327566666666662,23.069233333333333,4.2927333333333335,4.579933333333333,27.252611111111104,1.0129412620532494,23.30324761904762,4.187616165900071,22.868735714285716,4.395280915411396,14.25633888888889,9.838351476411791,24.621010151852044,17.643467038467286,1,0.2505350328200559,1
2024-09-17,25.32016666666667,240.6566736111111,4.489722222222222,0.1230333333333333,1910.0,3727.0,9371.0,2024,9,17,1,261,38,3,0,3,20.36436666666667,28.295133333333336,26.2721,21.6794,23.141433333333335,4.3019,4.562633333333333,24.977199999999993,4.1209027515554375,23.451361904761907,4.03926957594976,22.675530952380957,4.444958234129702,14.782486666666667,9.724430428787846,23.5568492805557,17.81900894996402,1,0.2549768846420068,1
2024-09-18,25.088166666666663,240.3271388888889,4.447361111111111,0.1315111111111111,4202.0,357.0,7991.0,2024,9,18,2,262,38,3,0,3,25.32016666666667,20.36436666666667,28.295133333333336,17.145233333333334,20.420333333333335,4.470766666666666,4.5782,24.659888888888883,4.006399884952513,23.971471428571427,4.0073511008322695,22.831154761904763,4.500320231276497,15.474404444444446,9.710652982513448,23.99767862708344,18.302954609106127,1,0.2548504016801388,1
2024-09-19,25.3141,240.3571111111111,4.47875,0.1158111111111111,1569.0,351.0,12367.0,2024,9,19,3,263,38,3,0,3,25.088166666666663,25.32016666666667,20.36436666666667,23.2127,14.566,4.4598,4.474533333333333,23.59089999999999,2.796666589590645,25.10617619047619,2.645429219021947,23.164571428571428,4.480841076093577,16.15807,9.63878990486166,24.270300636979247,18.74071022572294,1,0.2247746416485427,1
2024-09-20,21.743333333333332,240.5941180555556,3.8055555555555554,0.108475,0.0,370.0,12477.0,2024,9,20,4,264,38,3,0,3,25.3141,25.088166666666663,25.32016666666667,27.1906,31.1429,4.507066666666666,4.354966666666667,25.2408111111111,0.1322287636081447,25.406376190476188,2.510541590434138,23.932292857142865,3.756498712696847,16.852722222222223,9.517920410171172,24.531250477734435,19.164799888579523,1,0.2169025387277793,1
2024-09-21,25.551166666666667,240.94015972222223,4.560277777777778,0.1432375,4010.0,2381.0,8347.0,2024,9,21,5,265,38,3,1,3,21.743333333333332,25.3141,25.088166666666663,26.2721,22.877599999999997,25.0405,4.452066666666667,24.048533333333324,1.9995553875242045,24.62819523809524,2.7022331404491617,23.260895238095237,3.161481094830098,17.432334444444443,9.256459314829012,23.834271191634155,19.331156885015258,1,0.2245997470324972,0
2024-09-22,22.642733333333336,240.2091597222222,4.012638888888889,0.105225,1014.0,2448.0,10227.0,2024,9,22,6,266,38,3,1,3,25.551166666666667,21.743333333333332,25.3141,28.295133333333336,21.822066666666668,20.791833333333333,4.244033333333333,24.202866666666655,2.1333139277761615,24.525204761904764,2.6422082871622976,23.451864285714286,3.2168113065519974,18.13563777777778,9.03511950586939,24.263495060392287,19.732447838670183,1,0.2197833985910844,1
2024-09-23,20.546466666666667,240.18336111111108,3.6841666666666666,0.1146722222222222,0.0,2168.0,7920.0,2024,9,23,0,267,39,3,0,3,22.642733333333336,25.551166666666667,21.743333333333332,20.36436666666667,19.327566666666662,23.069233333333333,4.245266666666667,23.312411111111103,1.9902889031865116,23.71771904761905,2.1077117446328457,23.510483333333333,3.1922107204174455,18.74892777777778,8.677004185972025,23.858304628627547,19.920208193164587,1,0.1879914560949585,1
2024-09-24,28.639166666666664,240.1257916666667,5.031666666666667,0.1204666666666666,2019.0,4730.0,10548.0,2024,9,24,1,268,39,3,0,3,20.546466666666667,22.642733333333336,25.551166666666667,25.32016666666667,21.6794,23.141433333333335,4.171633333333333,22.913455555555544,2.513309255484266,23.743733333333335,2.0600091044381346,23.59754761904762,3.0841430799427973,19.292301111111108,8.236669419604699,23.030345138137324,19.960611965648592,1,0.1795032483268684,0
2024-09-25,18.853666666666665,240.2903263888889,3.34375,0.1206736111111111,1012.0,751.0,8485.0,2024,9,25,2,269,39,3,0,3,28.639166666666664,20.546466666666667,22.642733333333336,25.088166666666663,17.145233333333334,20.420333333333335,4.2927333333333335,23.94278888888888,4.200066268304276,24.217876190476193,2.749796064741836,24.09467380952381,3.304239130752177,20.10788555555556,7.891970893200947,24.43255052026966,20.520518720552985,1,0.218024397454678,1
2024-09-26,23.8575,240.393625,4.239583333333333,0.146925,1221.0,370.0,10890.0,2024,9,26,3,270,39,3,0,3,18.853666666666665,28.639166666666664,20.546466666666667,25.3141,23.2127,14.566,4.3019,22.679766666666655,5.229935872455716,23.327233333333336,3.362362656316259,24.21670476190476,3.0495762911760456,20.59325,7.312246691600987,23.03782955686891,20.41297987836677,1,0.2430677986390937,1
2024-09-27,35.457433333333334,240.1464791666667,6.258611111111111,0.1785,4347.0,2584.0,12688.0,2024,9,27,4,271,39,3,0,3,23.8575,18.853666666666665,28.639166666666664,21.743333333333332,27.1906,31.1429,4.470766666666666,23.78344444444444,4.893170314988099,23.11914761904762,3.2624975537865315,24.262761904761906,3.0380941277446247,21.245103333333336,6.651677151434936,23.24274716765168,20.63520698298827,1,0.1936963809854026,0
2024-09-28,28.851733333333335,240.27841666666663,5.079583333333334,0.1138666666666666,1920.0,385.0,11242.0,2024,9,28,5,272,39,3,1,3,35.457433333333334,23.8575,18.853666666666665,25.551166666666667,26.2721,22.877599999999997,4.4598,26.05619999999999,8.517451388048968,25.078304761904764,5.587720080326375,24.85325,4.223170271896249,22.27799222222222,6.356385951583749,26.2964187090721,21.591479650752465,1,0.2589102532546466,0
2024-09-29,25.02896666666667,240.26402083333335,4.4094444444444445,0.1384944444444444,1014.0,363.0,10677.0,2024,9,29,6,273,39,3,1,3,28.851733333333335,35.457433333333334,23.8575,22.642733333333336,28.295133333333336,21.822066666666668,4.507066666666666,29.38888888888888,5.818592218276896,25.549814285714287,5.770537386325659,25.03750952380953,4.34437376672765,23.091056666666667,5.501095542935082,26.935247365137407,22.05988311414478,1,0.2634575413446638,1
2024-09-30,22.916766666666668,240.58377083333335,4.0247222222222225,0.1077027777777777,998.0,360.0,7415.0,2024,9,30,0,274,40,3,0,3,25.02896666666667,28.851733333333335,35.457433333333334,20.546466666666667,20.36436666666667,19.327566666666662,25.0405,29.779377777777768,5.275757994442677,25.890704761904765,5.639168507312097,24.804211904761907,4.242482543499684,23.77512,4.24244579966668,26.45867719051972,22.25143689172684,1,0.2622394131252122,1
2024-10-01,31.20606666666667,241.12861111111113,5.482083333333334,0.1258722222222222,2249.0,5800.0,10808.0,2024,10,1,1,275,40,4,0,3,22.916766666666668,25.02896666666667,28.851733333333335,28.639166666666664,25.32016666666667,21.6794,20.791833333333333,25.59915555555555,3.0082875295373284,26.229319047619047,5.327321688826532,24.98652619047619,4.089079645558852,23.70432888888889,4.238319799606053,25.573199559556457,22.294361393335866,1,0.2516896458675414,0
2024-10-02,22.42236666666667,240.32824305555553,3.948611111111111,0.1067194444444444,0.0,367.0,9060.0,2024,10,2,2,276,40,4,0,3,31.20606666666667,22.916766666666668,25.02896666666667,18.853666666666665,25.088166666666663,17.145233333333334,23.069233333333333,26.383933333333328,4.307560170599229,26.59601904761905,5.6021053682836754,25.40694761904762,4.415569044272584,24.05147,4.414379004176647,26.98141633633401,22.86931012064753,1,0.2600108679634748,1
2024-10-03,26.87633333333333,239.84200694444445,4.745694444444444,0.1101375,4801.0,349.0,9432.0,2024,10,3,3,277,40,4,0,3,22.42236666666667,31.20606666666667,22.916766666666668,23.8575,25.3141,23.2127,23.141433333333335,25.51506666666666,4.934746051216762,27.105833333333333,4.898256269818188,25.216533333333334,4.4872704189351476,24.02990777777778,4.42091720356086,25.841653918917174,22.840475059100378,1,0.2656210684337678,0
2024-10-04,35.00826666666667,240.1744027777778,6.144861111111111,0.1501388888888888,3462.0,629.0,12573.0,2024,10,4,4,278,40,4,0,3,26.87633333333333,22.42236666666667,31.20606666666667,35.457433333333334,21.743333333333332,27.1906,20.420333333333335,26.834922222222215,4.391996423335539,27.53709523809524,4.6931968475823815,25.32812142857143,4.50925403781385,24.15440444444444,4.44754301681442,26.100323772521214,23.100853012276698,1,0.238136349065607,0
2024-10-05,25.8325,240.13754166666664,4.534166666666667,0.1015944444444444,990.0,3257.0,6071.0,2024,10,5,5,279,40,4,1,3,35.00826666666667,26.87633333333333,22.42236666666667,28.851733333333335,25.551166666666667,26.2721,14.566,28.102322222222213,6.381888926427583,27.472928571428575,4.5682674568773445,26.27561666666667,5.058274870743203,24.64066888888889,4.808067833606378,28.32730949605758,23.869073248043794,1,0.2646298552006276,0
2024-10-06,23.7297,239.1190763888889,4.216388888888889,0.0869472222222222,990.0,286.0,9562.0,2024,10,6,6,280,40,4,1,3,25.8325,35.00826666666667,26.87633333333333,25.02896666666667,22.642733333333336,28.295133333333336,31.1429,29.239033333333325,5.0234885237031905,27.041609523809523,4.558911709059923,26.295711904761905,5.0557336209751345,25.01621888888889,4.41821600206392,27.703607122043184,23.995745941718383,1,0.2611401081056479,1
2024-10-07,28.776133333333338,238.85286805555555,5.166111111111111,0.1300236111111111,1016.0,419.0,9476.0,2024,10,7,0,281,41,4,0,3,23.7297,25.8325,35.00826666666667,22.916766666666668,20.546466666666667,20.36436666666667,22.877599999999997,28.19015555555555,5.997534602033769,26.856,4.679368065993033,26.37335238095238,5.0033951845323426,24.769112222222223,4.26851102545625,26.710130341532388,23.978581687413975,1,0.2643478827951898,0
2024-10-08,31.0096,240.0490138888889,5.43125,0.1058402777777777,1044.0,5126.0,11650.0,2024,10,8,1,282,41,4,0,3,28.776133333333338,23.7297,25.8325,31.20606666666667,28.639166666666664,25.32016666666667,21.822066666666668,26.11277777777777,2.534864704768476,27.693052380952377,4.371187270569639,26.961185714285712,4.742805163392283,24.96573,4.313987067110615,27.226631089482627,24.28810114844103,1,0.2498796297275662,0
2024-10-09,33.061366666666665,239.2754236111111,5.812361111111111,0.1263194444444444,1032.0,3064.0,11652.0,2024,10,9,2,283,41,4,0,3,31.0096,28.776133333333338,23.7297,22.42236666666667,18.853666666666665,25.088166666666663,19.327566666666662,27.83847777777777,3.729428167715239,27.664985714285713,4.345426206554688,27.130502380952382,4.84845173474817,25.271981111111113,4.408205910660113,28.17237331711197,24.72174623563838,1,0.2404335238457827,0
2024-10-10,25.305633333333333,239.63485416666663,4.436805555555556,0.1028083333333333,0.0,389.0,12046.0,2024,10,10,3,284,41,4,0,3,33.061366666666665,31.0096,28.776133333333338,26.87633333333333,23.8575,25.3141,21.6794,30.94903333333332,2.143258598748916,29.184842857142858,4.057143622911326,28.145338095238095,4.4535893499237025,25.729774444444445,4.482099736295974,29.394621654500646,25.25978626344666,1,0.2504781094696594,0
2024-10-11,27.8231,239.1826180555555,4.905972222222222,0.1075333333333333,2144.0,2335.0,11373.0,2024,10,11,4,285,41,4,0,3,25.305633333333333,33.061366666666665,31.0096,35.00826666666667,35.457433333333334,21.743333333333332,17.145233333333334,29.79219999999999,4.018631228968935,28.960457142857145,4.245175574073206,28.24877619047619,4.362220065701887,25.850648888888887,4.417533119284791,28.37237457420882,25.26274413892322,1,0.2552578116682103,0
2024-10-12,31.799,240.15154166666665,5.615138888888889,0.1123652777777777,2561.0,5822.0,7171.0,2024,10,12,5,286,41,4,1,3,27.8231,25.305633333333333,33.061366666666665,25.8325,28.851733333333335,25.551166666666667,23.2127,28.730033333333324,3.9566078827421847,27.93400476190476,3.3033176184414104,27.703466666666667,3.837366068444394,26.20657777777778,4.111502406461436,28.235055930656618,25.42792838802495,1,0.2252920444508845,0
2024-10-13,24.366266666666665,240.80942361111113,4.254305555555556,0.1027041666666666,1037.0,535.0,9483.0,2024,10,13,6,287,41,4,1,3,31.799,27.8231,25.305633333333333,23.7297,25.02896666666667,22.642733333333336,27.1906,28.309244444444435,3.2738669769238293,28.786361904761907,3.4377250414376994,27.91398571428571,3.983275996512933,26.492787777777774,4.193934480405708,29.126041947992466,25.838965266216885,1,0.2390105189311189,0
2024-10-14,26.8176,239.21572916666668,4.730138888888889,0.1140875,1177.0,442.0,9939.0,2024,10,14,0,288,42,4,0,3,24.366266666666665,31.799,27.8231,28.776133333333338,22.916766666666668,20.546466666666667,26.2721,27.996122222222212,3.719386201801031,28.8773,3.286772603881866,27.866649999999996,4.023927910684424,26.398643333333332,4.209401469445249,27.936098127661012,25.743952453342676,1,0.2307145864614658,0
2024-10-15,35.94826666666667,239.5067916666667,6.328194444444445,0.1169875,1998.0,7042.0,9984.0,2024,10,15,1,289,42,4,0,3,26.8176,24.366266666666665,31.799,31.0096,31.20606666666667,28.639166666666664,28.295133333333336,27.660955555555542,3.787455299528383,28.59750952380952,3.378890234957755,28.14528095238095,3.782634549715815,26.41682666666667,4.210014143899031,27.65647359574576,25.81322003699799,1,0.2047534724451758,0
2024-10-16,26.39466666666667,239.26284722222223,4.66125,0.0950277777777777,951.0,429.0,8438.0,2024,10,16,2,290,42,4,0,3,35.94826666666667,26.8176,24.366266666666665,33.061366666666665,22.42236666666667,18.853666666666665,20.36436666666667,29.044044444444435,6.1035622506981975,29.303033333333335,4.344201087017414,28.48400952380953,4.260011484403907,26.67193111111111,4.546200830990881,29.729421863475988,26.467094013105648,1,0.2554761817833954,0
2024-10-17,31.114766666666664,240.047625,5.475833333333333,0.1066125,2036.0,3187.0,9639.0,2024,10,17,3,291,42,4,0,3,26.39466666666667,35.94826666666667,26.8176,25.305633333333333,26.87633333333333,23.8575,25.32016666666667,29.720177777777767,5.3978270217780215,28.350647619047617,4.107244735191776,28.76774523809524,3.945930991672858,26.87294111111111,4.388266776002669,28.895733064273657,26.46242128107733,1,0.2438257571450107,0
2024-10-18,37.319833333333335,239.8354305555556,6.547083333333333,0.1129361111111111,799.0,1655.0,12146.0,2024,10,18,4,292,42,4,0,3,31.114766666666664,26.39466666666667,35.94826666666667,27.8231,35.00826666666667,35.457433333333334,25.088166666666663,31.152566666666655,4.776912168964395,29.18052380952381,3.974169442729212,29.07049047619048,3.9522411671940465,27.066094444444445,4.444727224425039,29.45049146487191,26.76257259627664,1,0.2095882203628927,0
2024-10-19,32.865566666666666,240.04254861111113,5.805277777777778,0.1261083333333333,698.0,8010.0,4600.0,2024,10,19,5,293,42,4,1,3,37.319833333333335,31.114766666666664,26.39466666666667,31.799,25.8325,28.851733333333335,25.3141,31.609755555555548,5.479377443989771,30.5372,4.937710412094129,29.23560238095238,4.25599610937154,27.473816666666668,4.803562770735191,31.417826931987268,27.443686192215782,1,0.2448466340622391,0
2024-10-20,27.79256666666667,240.4324930555555,4.860277777777778,0.0957027777777777,844.0,2648.0,10475.0,2024,10,20,6,294,42,4,1,3,32.865566666666666,37.319833333333335,31.114766666666664,24.366266666666665,23.7297,25.02896666666667,21.743333333333332,33.766722222222214,3.1991833467193382,30.689566666666668,4.999209063590017,29.737964285714288,4.238449713063151,27.725532222222224,4.8836744710428865,31.77976186565712,27.793484932502935,1,0.2590344026171825,0
2024-10-21,34.395266666666664,239.7306875,6.080833333333333,0.1057944444444444,857.0,2663.0,11331.0,2024,10,21,0,295,43,4,0,3,27.79256666666667,32.865566666666666,37.319833333333335,26.8176,28.776133333333338,22.916766666666668,25.551166666666667,32.659322222222215,4.7669807124209,31.179038095238095,4.409912276587251,30.028169047619052,3.922756061433784,27.927173333333332,4.751246768405325,30.782963065909502,27.793425689545757,1,0.2398830868104887,0
2024-10-22,27.4335,240.8157638888889,4.836944444444445,0.1037111111111111,662.0,2542.0,8487.0,2024,10,22,1,296,43,4,0,3,34.395266666666664,27.79256666666667,32.865566666666666,35.94826666666667,31.0096,31.20606666666667,22.642733333333336,31.684466666666655,3.456177039736269,32.261561904761905,4.078458391372666,30.429535714285716,4.069519078528431,28.221976666666663,4.871591056751848,31.6860389660988,28.219350913876134,1,0.2328255612763382,0
2024-10-23,30.508233333333333,240.39904166666668,5.374583333333333,0.11195,815.0,1435.0,10587.0,2024,10,23,2,297,43,4,0,3,27.4335,34.395266666666664,27.79256666666667,26.39466666666667,33.061366666666665,22.42236666666667,20.546466666666667,29.873777777777764,3.91983782152234,31.045166666666667,4.065382418028343,30.174100000000003,4.14189759246845,28.38166888888889,4.75963007258822,30.6229042245741,28.168650854916383,1,0.2400998696072803,0
2024-10-24,35.55376666666667,240.4136944444444,6.266944444444444,0.1166763888888889,7893.0,2277.0,10284.0,2024,10,24,3,298,43,4,0,3,30.508233333333333,27.4335,34.395266666666664,31.114766666666664,25.305633333333333,26.87633333333333,28.639166666666664,30.778999999999986,3.488772666871716,31.632819047619048,3.545132934448203,29.991733333333336,4.060398176087698,28.713727777777777,4.536413073811747,30.59423650176391,28.319591659975544,1,0.2114534469056,0
2024-10-25,26.632216666666668,240.8847777777778,4.639722222222222,0.0869833333333333,737.0,458.5,14185.5,2024,10,25,4,299,43,4,0,3,35.55376666666667,30.508233333333333,27.4335,37.319833333333335,27.8231,35.00826666666667,18.853666666666665,31.165166666666657,4.099799231398766,32.26696190476191,3.8231378246257415,30.72374285714286,4.0743454775793975,28.944214444444448,4.705019745087168,31.8341190429896,28.786312628149165,1,0.2254087017488825,0
2024-10-26,8.724866666666665,242.12346527777777,1.4991666666666668,0.0802291666666666,0.0,360.0,2013.0,2024,10,26,5,300,43,4,1,3,26.632216666666668,35.55376666666667,30.508233333333333,32.865566666666666,31.799,25.8325,23.8575,30.898072222222215,4.4735326499415065,30.740159523809524,3.596277302241237,30.63867976190476,4.151268029437512,29.203499444444446,4.329085398271219,30.533643448908865,28.647338695150296,1,0.1263899655640906,1
2024-10-27,8.731533333333335,242.2280555555556,1.5091666666666663,0.0895680555555555,0.0,402.0,1967.0,2024,10,27,6,301,43,4,1,3,8.724866666666665,26.632216666666668,35.55376666666667,27.79256666666667,24.366266666666665,23.7297,35.457433333333334,23.636949999999988,13.662949374342006,27.291488095238098,8.892896831318355,28.990527380952383,7.1514845946910395,28.699078333333333,5.652737822620552,25.08144925334832,27.362017919119097,1,0.1240580811297316,1
2024-10-28,22.1215,241.32679166666668,3.8531944444444446,0.1007472222222222,2263.0,362.0,5090.0,2024,10,28,0,302,44,4,0,3,8.731533333333335,8.724866666666665,26.632216666666668,34.395266666666664,26.8176,28.776133333333338,28.851733333333335,14.696205555555546,10.336889379524925,24.568483333333337,11.30500804076482,27.873760714285716,8.928998645055477,27.808215000000004,6.580714426438999,20.99397027334457,26.160051171649048,1,0.1586580749191388,1
2024-10-29,26.876266666666663,241.78959722222223,4.604305555555555,0.0925569444444444,1037.0,345.0,4015.0,2024,10,29,1,303,44,4,0,3,22.1215,8.731533333333335,8.724866666666665,27.4335,35.94826666666667,31.0096,25.02896666666667,13.192633333333324,7.732626078793826,22.815088095238092,10.446056142049091,27.538325000000004,9.058990462760825,27.58387388888889,6.6581767139285555,21.275852705008425,25.89949948315556,1,0.1889093754179988,0
2024-10-30,18.31,242.08329166666667,3.2733333333333334,0.0854361111111111,0.0,345.0,2619.0,2024,10,30,2,304,44,4,0,3,26.876266666666663,22.1215,8.731533333333335,30.508233333333333,26.39466666666667,33.061366666666665,22.916766666666668,19.243099999999995,9.40859855953282,22.735483333333335,10.407045834251011,26.890325,8.729620456359141,27.645450555555556,6.642256585688533,22.675956195422984,25.96251672080144,1,0.1701091393094828,1
2024-10-31,21.430533333333337,241.32977083333333,3.7663888888888897,0.0724638888888888,0.0,312.0,10483.0,2024,10,31,3,305,44,4,0,3,18.31,26.876266666666663,22.1215,35.55376666666667,31.114766666666664,25.305633333333333,31.20606666666667,22.435922222222217,4.291780184431695,20.99287857142857,9.8974085720693,26.31284880952381,9.027262769698408,27.491891666666664,6.806564731140684,21.58446714656724,25.468805964620703,1,0.1908322796287004,1
2024-11-01,13.841633333333334,241.8102361111111,2.625694444444445,0.0789388888888888,0.0,344.0,1939.0,2024,11,1,4,306,44,4,0,3,21.430533333333337,18.31,26.876266666666663,26.632216666666668,37.319833333333335,27.8231,22.42236666666667,22.205599999999993,4.335409715868096,18.97527380952381,7.609524244836956,25.621117857142856,9.002003434393988,27.16604055555556,6.856434129651161,21.54598369325876,25.208272246473133,1,0.1888750134580502,1
2024-11-02,15.1769,242.1557430555556,2.864027777777778,0.0836611111111111,0.0,346.0,2824.0,2024,11,2,5,307,44,4,1,3,13.841633333333334,21.430533333333337,18.31,8.724866666666665,32.865566666666666,31.799,26.87633333333333,17.860722222222215,3.8143464307404207,17.14804761904762,6.973561466468215,23.94410357142857,8.840431119307606,26.88001611111111,7.229949841548722,19.6198961032774,24.474940703689917,1,0.1859946969936215,1
2024-11-03,14.126666666666669,241.7651180555556,2.665,0.0800333333333333,963.0,347.0,1892.0,2024,11,3,6,308,44,4,1,3,15.1769,13.841633333333334,21.430533333333337,8.731533333333335,27.79256666666667,24.366266666666665,35.00826666666667,16.81635555555555,4.051383922992219,18.06976666666667,6.038375067295013,22.68062738095238,8.73064468677148,26.490035,7.539078471456513,18.50914707745805,23.875067109903473,1,0.1947795820729698,1
2024-11-04,26.0386,240.8024444444445,4.6523611111111105,0.0843583333333333,0.0,6214.0,4106.0,2024,11,4,0,309,45,4,0,3,14.126666666666669,15.1769,13.841633333333334,22.1215,34.395266666666664,26.8176,25.8325,14.381733333333324,0.703227218691871,18.8405,4.881240748082153,21.704491666666662,8.87785743378228,25.793981666666664,7.6879918015895266,17.413526974760202,23.246138049049485,1,0.2294542645218893,1
2024-11-05,52.24883333333333,239.48077083333337,9.239166666666666,0.1790416666666666,7597.0,10409.0,8362.0,2024,11,5,1,310,45,4,0,3,26.0386,14.126666666666669,15.1769,26.876266666666663,27.4335,35.94826666666667,23.7297,18.44738888888888,6.595120325945711,19.400085714285716,5.5047675829381095,21.107586904761902,8.215150987922744,25.80085166666667,7.688119493083367,19.569795231070152,23.426296884594677,1,0.0512008870364033,0
2024-11-06,26.47396666666667,240.39021527777777,4.726666666666667,0.1260194444444444,1033.0,430.0,6734.0,2024,11,6,2,311,45,4,0,3,52.24883333333333,26.0386,14.126666666666669,18.31,30.508233333333333,26.39466666666667,28.776133333333338,30.804699999999983,19.50286337304802,23.024738095238096,13.619807886438402,22.880110714285713,11.6458228175424,26.75148944444445,9.0633840036592,27.73955475663595,25.28581536515846,1,0.1124643203583923,1
2024-11-07,26.9864,239.75178472222223,4.754583333333334,0.0763805555555555,1032.0,389.0,10421.0,2024,11,7,3,312,45,4,0,3,26.47396666666667,52.24883333333333,26.0386,21.430533333333337,35.55376666666667,31.114766666666664,31.0096,34.92046666666666,15.008384474501083,24.191019047619047,13.497789601715056,22.59194880952381,11.49144324542577,26.674750555555555,9.055392999029138,27.423157734143633,25.362470287836413,1,0.1218679671378381,1
2024-11-08,28.88563333333333,239.30802777777777,5.104722222222223,0.0924777777777777,1114.0,3271.0,6069.0,2024,11,8,4,313,45,4,0,3,26.9864,26.47396666666667,52.24883333333333,13.841633333333334,26.632216666666668,37.319833333333335,33.061366666666665,35.23639999999999,14.73542713738261,24.984714285714286,13.4717367920543,21.979994047619048,10.9641097028582,26.54064388888889,9.018698576440489,27.313968300607726,25.467239946685677,1,0.1260153033834982,0
2024-11-09,42.975633333333334,238.45406944444443,7.620972222222223,0.1464902777777778,6301.0,661.0,14348.0,2024,11,9,5,314,45,4,1,3,28.88563333333333,26.9864,26.47396666666667,15.1769,8.724866666666665,32.865566666666666,25.305633333333333,27.448666666666657,1.2705518018211015,27.133857142857146,12.56744050001328,22.14095238095238,11.0538336299719,26.401452777777777,8.946524505996642,27.706884558789127,25.687781455501653,1,0.0788702917949217,0
2024-11-10,35.24056666666667,239.63163194444445,6.218472222222222,0.1091125,1023.0,355.0,10354.0,2024,11,10,6,315,45,4,1,3,42.975633333333334,28.88563333333333,26.9864,14.126666666666669,8.731533333333335,27.79256666666667,27.8231,32.94922222222221,8.734899062975536,31.10510476190476,12.551498977670123,24.58743571428571,11.631299740980143,26.99045277777778,9.439943987613066,31.52407175242518,26.80312673794241,1,0.1503527576257816,0
2024-11-11,40.9325,239.87869444444445,7.183333333333334,0.0889444444444444,2475.0,2288.0,14651.0,2024,11,11,0,316,46,4,0,3,35.24056666666667,42.975633333333334,28.88563333333333,26.0386,22.1215,34.395266666666664,31.799,35.7006111111111,7.056256491097036,34.12137619047619,10.086213290220458,26.480938095238095,10.99166599915133,27.237701666666663,9.558893402950506,32.453195480985556,27.34747770108591,1,0.1654279052810488,0
2024-11-12,36.5019,240.38623611111112,6.351388888888889,0.110525,1066.0,2745.0,9430.0,2024,11,12,1,317,46,4,0,3,40.9325,35.24056666666667,42.975633333333334,52.24883333333333,26.876266666666663,27.4335,24.366266666666665,39.71623333333333,4.008402741464384,36.249076190476195,9.65885238859716,27.824580952380952,11.55317157212661,27.542151666666665,9.850192041555456,34.57302161073917,28.223930752628757,1,0.1844053676570121,0
2024-11-13,20.641,241.59792361111113,3.627222222222222,0.0871,0.0,338.0,6315.0,2024,11,13,2,318,46,4,0,3,36.5019,40.9325,35.24056666666667,26.47396666666667,18.31,30.508233333333333,26.8176,37.558322222222216,2.989405827498606,33.999514285714284,6.688404975440881,28.512126190476188,11.776650827877186,27.946672777777778,9.963803350807916,35.055241208054376,28.757993284717223,1,0.2014203807398684,0
2024-11-14,27.02896666666667,241.02181944444445,4.7555555555555555,0.0888152777777777,2092.0,325.0,9929.0,2024,11,14,3,319,46,4,0,3,20.641,36.5019,40.9325,26.9864,21.430533333333337,35.55376666666667,35.94826666666667,32.69179999999999,10.668827937969592,33.16623333333333,8.01419681595195,28.67862619047619,11.636965962571518,27.740786111111113,10.051368596136667,31.45168090604078,28.234316298606437,1,0.2313454714773475,0
2024-11-15,50.52713333333334,238.63411805555555,8.963194444444444,0.1146944444444444,3952.0,3799.0,15635.0,2024,11,15,4,320,46,4,0,3,27.02896666666667,20.641,36.5019,28.88563333333333,13.841633333333334,26.632216666666668,26.39466666666667,28.05728888888888,7.980295868389654,33.172314285714286,8.008740505358434,29.078514285714284,11.463636415336472,27.443476111111114,9.931424285422535,30.346002346197253,28.156551806223227,1,0.1092669107661234,0
2024-11-16,39.42386666666666,240.4941388888889,6.919027777777777,0.1132847222222222,4791.0,1829.0,8945.0,2024,11,16,5,321,46,4,1,3,50.52713333333334,27.02896666666667,20.641,42.975633333333334,15.1769,8.724866666666665,31.114766666666664,32.73236666666666,15.73822798393914,36.263957142857144,10.006213641102,31.698907142857145,11.89746182999844,28.247891666666668,10.78425602072705,35.39128509298127,29.59981513055291,1,0.160536417367699,0
2024-11-17,25.393933333333333,241.1349305555555,4.412083333333333,0.0825513888888888,0.0,378.0,10590.0,2024,11,17,6,322,46,4,1,3,39.42386666666666,50.52713333333334,27.02896666666667,35.24056666666667,14.126666666666669,8.731533333333335,37.319833333333335,38.99332222222221,11.754998322526207,35.75656190476191,9.6943467203625,33.43083333333333,11.041352679665293,28.524861666666663,10.96560018201913,36.399430486402615,30.233624907076372,1,0.1832918671449703,0
2024-11-18,29.15083333333333,239.90204166666663,5.141805555555555,0.0967236111111111,1079.0,369.0,11204.0,2024,11,18,0,323,47,4,0,3,25.393933333333333,39.42386666666666,50.52713333333334,40.9325,26.0386,22.1215,32.865566666666666,38.4483111111111,12.594967925385232,34.349900000000005,10.465411966975704,34.235638095238095,9.875073740742572,28.127331666666667,10.851342703807864,33.64805619813529,29.921386741028435,1,0.1952098225434131,0
2024-11-19,30.670633333333335,240.5396180555555,5.412916666666667,0.1155916666666666,1737.0,3026.0,8704.0,2024,11,19,1,324,47,4,0,3,29.15083333333333,25.393933333333333,39.42386666666666,36.5019,52.24883333333333,26.876266666666663,27.79256666666667,31.32287777777777,7.262788041511758,32.666804761904764,10.173651345608912,34.45794047619047,9.710002800673646,28.003507222222225,10.816548983951153,32.523750481934805,29.871673617951327,1,0.2083408914804402,0
2024-11-20,28.2056,239.81811805555557,4.984444444444445,0.0841611111111111,1034.0,347.0,7732.0,2024,11,20,2,325,47,4,0,3,30.670633333333335,29.15083333333333,25.393933333333333,20.641,26.47396666666667,18.31,34.395266666666664,28.405133333333325,2.7162367514633035,31.833766666666666,10.045215841568712,32.91664047619047,8.275372890218735,28.099442777777774,10.827371417550708,32.060471194784434,29.92321940604049,1,0.2093669226347898,0
2024-11-21,27.898833333333336,239.9283333333333,4.946527777777778,0.0885791666666666,1039.0,348.0,10396.0,2024,11,21,3,326,47,4,0,3,28.2056,30.670633333333335,29.15083333333333,27.02896666666667,26.9864,21.430533333333337,27.4335,29.342355555555542,1.2436269154432358,32.91442380952381,8.99211688560253,33.04032857142857,8.184107621396969,27.89312055555555,10.762040550854191,31.096753396088324,29.812405250812073,1,0.2285326468005812,0
2024-11-22,28.5228,239.7318125,5.049583333333333,0.0867138888888888,1093.0,882.0,8320.0,2024,11,22,4,327,47,4,0,3,27.898833333333336,28.2056,30.670633333333335,50.52713333333334,28.88563333333333,13.841633333333334,30.508233333333333,28.925022222222218,1.5195048734276435,33.038690476190474,8.902793972674742,33.10550238095238,8.13567870385667,27.90863166666667,10.761690598299603,30.29727338039958,29.68894899807151,1,0.2274718879611942,0
2024-11-23,56.790083333333335,239.15058333333337,10.050416666666669,0.1438013888888889,3631.0,8829.5,10288.5,2024,11,23,5,328,47,4,1,3,28.5228,27.898833333333336,28.2056,39.42386666666666,42.975633333333334,15.1769,35.55376666666667,28.209077777777768,0.3119978709564868,29.895214285714285,4.489543006144395,33.07958571428572,8.150719395072805,27.842450555555555,10.751252416546594,29.85365503529969,29.61371357884109,1,0.0512297066200299,0
2024-11-24,53.54996666666667,240.3594861111111,9.285416666666666,0.0844569444444444,1063.0,510.0,13378.0,2024,11,24,6,329,47,4,1,3,56.790083333333335,28.5228,27.898833333333336,25.393933333333333,35.24056666666667,14.126666666666669,26.632216666666668,37.73723888888889,16.50319649850983,32.37610238095238,10.881108270208603,34.06633214285714,10.05473300799958,28.550327777777778,11.912846976708964,36.587762109808104,31.367027756550264,1,0.0484080702328638,0
2024-11-25,45.0475,240.93060416666668,7.823888888888889,0.1045583333333333,3010.0,345.0,10471.0,2024,11,25,0,330,48,4,0,3,53.54996666666667,56.790083333333335,28.5228,29.15083333333333,40.9325,26.0386,8.724866666666665,46.28761666666666,15.469845584349365,36.39839285714286,12.888762563982924,35.37414642857143,11.329191086832852,29.44758611111111,12.747836041465112,40.82831324902274,32.79818510559003,1,0.0921033536563946,0
2024-11-26,25.2659,242.40089583333332,4.356388888888889,0.0833305555555555,909.0,304.0,10002.0,2024,11,26,1,331,48,4,0,3,45.0475,53.54996666666667,56.790083333333335,30.670633333333335,36.5019,52.24883333333333,8.731533333333335,51.795849999999994,6.064631876320347,38.66934523809524,12.799092187117258,35.668075,11.535985095767725,30.65834055555556,12.432799794103534,41.88310993676705,33.58846348587455,1,0.1127185634827165,0
2024-11-27,39.3703,241.4400138888889,6.841111111111112,0.0876513888888888,2491.0,330.0,12440.0,2024,11,27,2,332,48,4,0,3,25.2659,45.0475,53.54996666666667,28.2056,20.641,26.47396666666667,22.1215,41.28778888888888,14.512018382374382,37.89724047619048,13.505557477434374,34.86550357142857,11.859817957208572,31.20948611111111,11.776425176758584,37.72880745257528,33.05152390614071,1,0.096944236015833,0
2024-11-28,31.43273333333333,243.06651388888892,5.409583333333334,0.0891847222222222,1113.0,295.0,11361.0,2024,11,28,3,333,48,4,0,3,39.3703,25.2659,45.0475,27.898833333333336,27.02896666666667,26.9864,26.876266666666663,36.56123333333333,10.185581293835623,39.492197619047616,12.81168274067201,36.20331071428571,11.16801464142547,31.78444611111111,11.73843015130562,38.13918058943146,33.45918687993808,1,0.1129395427015571,0
2024-11-29,40.5778,241.24075694444448,7.0536111111111115,0.1156319444444444,5268.0,2392.0,12386.0,2024,11,29,4,334,48,4,0,3,31.43273333333333,39.3703,25.2659,28.5228,50.52713333333334,28.88563333333333,18.31,32.02297777777777,7.070701253634491,39.99704047619048,12.339638655057737,36.51786547619048,10.949618038552307,31.936328333333336,11.702155652038726,36.46256877540693,33.32844794144745,1,0.0768233106778629,0
2024-11-30,40.023133333333334,242.3745625,6.955555555555556,0.1186833333333333,1161.0,3481.0,11474.0,2024,11,30,5,335,48,4,1,3,40.5778,31.43273333333333,39.3703,56.790083333333335,39.42386666666666,42.975633333333334,21.430533333333337,37.12694444444444,4.968152996429036,41.71918333333333,11.265868421923534,35.807198809523804,10.272354910750137,32.67858833333334,11.51272560035306,37.491376581555194,33.79614807425729,1,0.0752541993103353,0
2024-12-01,26.9423,243.4458402777778,4.758472222222222,0.0824152777777777,1085.0,309.0,9013.0,2024,12,1,6,336,48,4,1,0,40.023133333333334,40.5778,31.43273333333333,53.54996666666667,25.393933333333333,35.24056666666667,13.841633333333334,37.34455555555555,5.127294146833109,39.32390476190477,9.102213929862026,35.85000357142857,10.289818516806331,33.298341666666666,11.38608262062973,38.12431576949973,34.197889058713805,1,0.1487190189048763,0
2024-12-02,29.890733333333333,243.37936805555557,5.215138888888889,0.1013249999999999,0.0,304.0,11343.0,2024,12,2,0,337,49,4,0,0,26.9423,40.023133333333334,40.5778,45.0475,29.15083333333333,40.9325,15.1769,35.84774444444444,7.717325919163534,35.52280952380953,7.603582649517421,35.96060119047619,10.176486014489292,33.735030555555554,10.85286915313978,35.32881182712479,33.72978653879679,1,0.2155431572930603,0
2024-12-03,29.25273333333333,243.38372916666668,5.069583333333333,0.0866125,1137.0,302.0,9664.0,2024,12,3,1,338,49,4,0,0,29.890733333333333,26.9423,40.023133333333334,25.2659,30.670633333333335,36.5019,14.126666666666669,32.28538888888889,6.861328704844723,33.35755714285714,6.520086184039379,36.0134511904762,10.140256910188944,34.22549166666667,10.303859580140577,33.96929220367692,33.4821056868314,1,0.2398850236152757,0
2024-12-04,28.9773,243.4631388888889,5.02375,0.0791597222222222,1085.0,281.0,11314.0,2024,12,4,2,339,49,4,0,0,29.25273333333333,29.890733333333333,26.9423,39.3703,28.2056,20.641,26.0386,28.695255555555548,1.5512578395658754,33.927104761904765,5.833425449381502,35.91217261904762,10.204601273871535,34.72969388888889,9.634805990575192,32.790152486091024,33.20924295434766,1,0.2342937924070909,0
2024-12-05,34.3103,242.9759097222222,5.967638888888889,0.0833513888888888,831.0,310.0,9852.0,2024,12,5,3,340,49,4,0,0,28.9773,29.25273333333333,29.890733333333333,31.43273333333333,27.898833333333336,27.02896666666667,52.24883333333333,29.37358888888888,0.4685559332592547,32.44239047619048,5.531947698753619,35.96729404761905,10.161765415087316,34.82765055555556,9.558029960440727,31.836939364568263,32.93621437664781,1,0.2375431624715147,0
2024-12-06,42.06393333333333,241.13656250000005,7.358333333333333,0.1306555555555555,4005.0,5749.0,9048.0,2024,12,6,4,341,49,4,0,0,34.3103,28.9773,29.25273333333333,40.5778,28.5228,50.52713333333334,26.47396666666667,30.84677777777777,3.002658075463835,32.85347142857143,5.551297710860289,36.42525595238095,9.911564946897322,34.22969944444444,8.973842911288527,32.4552795234262,33.02486506202537,1,0.1835481634306546,0
2024-12-07,41.11233333333333,242.23854166666663,7.157361111111111,0.1251555555555555,3294.0,310.0,13627.0,2024,12,7,5,342,49,4,1,0,42.06393333333333,34.3103,28.9773,40.023133333333334,56.790083333333335,39.42386666666666,26.9864,35.117177777777776,6.580522913225214,33.06577619047619,5.912603502741788,37.39247976190476,9.740309274881811,34.749365,8.96061901786157,34.857442975902984,33.608030756948466,1,0.1928450917207476,0
2024-12-08,31.143933333333333,243.73161805555557,5.383194444444444,0.0838763888888888,1117.0,296.0,13256.0,2024,12,8,6,343,49,4,1,0,41.11233333333333,42.06393333333333,34.3103,26.9423,53.54996666666667,25.393933333333333,28.88563333333333,39.162188888888885,4.228711976783677,33.22137619047619,6.13631356494281,36.272640476190475,8.102093024604574,35.22022944444445,8.909623706174417,36.42116556526057,34.09217931026362,1,0.2402533158607118,0
2024-12-09,33.385733333333334,243.5556527777778,5.757638888888889,0.092025,1985.0,2553.0,12886.0,2024,12,9,0,344,50,4,0,0,31.143933333333333,41.11233333333333,42.06393333333333,29.890733333333333,45.0475,29.15083333333333,42.975633333333334,38.10673333333333,6.048704284390246,33.82160952380952,5.6019799422701935,34.67220952380952,6.476639533026107,35.29550611111111,8.863679332128687,35.10185750727876,33.90196989239715,1,0.2270421881015094,0
2024-12-10,37.415499999999994,243.39702777777777,6.443888888888889,0.1069069444444444,1128.0,4144.0,12254.0,2024,12,10,1,345,50,4,0,0,33.385733333333334,31.143933333333333,41.11233333333333,29.25273333333333,25.2659,30.670633333333335,35.24056666666667,35.21399999999999,5.229643285476918,34.32089523809524,5.343005903339567,33.83922619047619,5.748601746930867,34.97584277777778,8.749338627801492,34.6728264637924,33.868664307941415,1,0.2038149881712741,0
2024-12-11,23.875366666666665,243.41836111111112,4.121944444444445,0.0798027777777777,1160.0,273.0,7979.0,2024,12,11,2,346,50,4,0,0,37.415499999999994,33.385733333333334,31.143933333333333,28.9773,39.3703,28.2056,40.9325,33.98172222222222,3.177977215206342,35.487004761904764,4.92710033196705,34.707054761904764,5.250256616172103,35.048340555555555,8.760611372708688,35.35849484784429,34.09749241710648,1,0.1897829430816628,0
2024-12-12,30.258899999999997,243.04302083333337,5.221666666666667,0.0967652777777777,1157.0,255.0,12154.0,2024,12,12,3,347,50,4,0,0,23.875366666666665,37.415499999999994,33.385733333333334,34.3103,31.43273333333333,27.898833333333336,36.5019,31.55886666666666,6.952473231479886,34.758157142857144,6.250243425828809,33.600273809523806,5.796402350621181,34.47976944444444,8.91765945979989,32.487712802549886,33.43800043320714,1,0.2238174590600815,0
2024-12-13,30.426233333333336,241.5385486111111,5.321805555555556,0.1133874999999999,2186.0,261.0,9271.0,2024,12,13,4,348,50,4,0,0,30.258899999999997,23.875366666666665,37.415499999999994,42.06393333333333,40.5778,28.5228,20.641,30.51658888888888,6.773743820348054,34.179385714285715,6.481912803385091,33.51642857142857,5.838504613719155,34.27166944444445,8.941654586475146,31.930509601912412,33.23289717945184,1,0.2330671954000059,0
2024-12-14,33.36866666666666,241.6227986111111,5.8815277777777775,0.1138986111111111,3742.0,2497.0,5415.0,2024,12,14,5,349,50,4,1,0,30.426233333333336,30.258899999999997,23.875366666666665,41.11233333333333,40.023133333333334,56.790083333333335,27.02896666666667,28.18683333333333,3.734776931015273,32.51685714285714,5.54772046919616,32.79131666666667,5.515510213743234,34.59784388888889,8.599203956553579,31.554440534767643,33.051822092605484,1,0.2370052848605426,0
2024-12-15,29.924166666666668,243.0392013888889,5.190972222222222,0.0789888888888888,1178.0,252.0,9668.0,2024,12,15,6,350,50,4,1,0,33.36866666666666,30.426233333333336,30.258899999999997,31.143933333333333,26.9423,53.54996666666667,50.52713333333334,31.35126666666666,1.749121831408843,31.410619047619043,4.14206558547674,32.315997619047614,5.116656464592927,34.80916722222222,8.48391215794487,32.0079970677424,33.07226367802878,1,0.239754422293462,0
2024-12-16,29.9515,243.87990277777777,5.192638888888888,0.0795819444444444,0.0,253.0,11334.0,2024,12,16,0,351,51,4,0,0,29.924166666666668,33.36866666666666,30.426233333333336,33.385733333333334,29.890733333333333,45.0475,39.42386666666666,31.23968888888888,1.8607599302833344,31.236366666666665,4.180632249853809,32.52898809523809,4.93458262516175,34.12240166666667,7.987027334278469,31.487039467473465,32.86916064503768,1,0.2406961518840637,0
2024-12-17,34.97976666666667,243.3135138888889,6.080277777777778,0.0945944444444444,4251.0,284.0,10813.0,2024,12,17,1,352,51,4,0,0,29.9515,29.924166666666668,33.36866666666666,37.415499999999994,29.25273333333333,25.2659,25.393933333333333,31.08144444444444,1.9808396952171612,30.745761904761903,4.08681559219428,32.53332857142857,4.9321096035238465,33.80665611111111,7.957398629269743,31.103154600605095,32.68092447439009,1,0.2300967460303396,0
2024-12-18,28.949,242.8590625,4.989305555555556,0.0819930555555555,1125.0,258.0,11293.0,2024,12,18,2,353,51,4,0,0,34.97976666666667,29.9515,29.924166666666668,23.875366666666665,28.9773,39.3703,29.15083333333333,31.618477777777773,2.9109936488600736,30.3978,3.4834422095157684,32.94240238095238,4.876270183480557,34.12618388888889,7.798817194192806,32.072307617120494,32.8292368738918,1,0.2340049816102332,0
2024-12-19,31.368533333333335,241.8661736111111,5.480138888888889,0.0917736111111111,1538.0,296.0,11773.0,2024,12,19,3,354,51,4,0,0,28.949,34.97976666666667,29.9515,30.258899999999997,34.3103,31.43273333333333,30.670633333333335,31.29342222222222,3.2315790389242753,31.122604761904764,2.186538703609003,32.94038095238095,4.878045874577338,34.11945611111111,7.803343008638541,31.291480712840368,32.578899011060074,1,0.1742096349327996,0
2024-12-20,37.4027,242.56537152777776,6.500069444444445,0.1116944444444444,1133.5,6479.0,12837.0,2024,12,20,4,355,51,4,0,0,31.368533333333335,28.949,34.97976666666667,30.426233333333336,42.06393333333333,40.5778,28.2056,31.765766666666664,3.0349435559459392,31.281123809523812,2.153458688620959,32.73025476190476,4.877855729454152,34.142719444444445,7.793741218616332,31.31074386796361,32.50081090281964,1,0.1435796990115043,0
2024-12-21,44.06016666666667,241.72008333333332,7.662638888888889,0.0938,1099.0,9189.0,14816.0,2024,12,21,5,356,51,4,1,0,37.4027,31.368533333333335,28.949,33.36866666666666,41.11233333333333,40.023133333333334,27.898833333333336,32.573411111111106,4.3537407785761815,32.2777619047619,3.098767250078348,32.39730952380952,4.318809024862718,34.44928944444444,7.732796688797427,32.833732900972706,32.817061812315146,1,0.1268063547693844,0
2024-12-22,33.5968,241.86449305555556,5.857083333333334,0.0867152777777777,2157.0,391.0,10433.0,2024,12,22,6,357,51,4,1,0,44.06016666666667,37.4027,31.368533333333335,29.924166666666668,31.143933333333333,26.9423,28.5228,37.61046666666666,6.348367066244572,33.80511904761905,5.460760031074779,32.60786904761905,4.819251062651299,34.98800055555556,7.823136310303358,35.6403413423962,33.542423415821695,1,0.2264145137382642,0
2024-12-23,29.968133333333338,241.7705486111111,5.250694444444444,0.1049166666666666,2666.0,2115.0,8326.0,2024,12,23,0,358,52,4,0,0,33.5968,44.06016666666667,37.4027,29.9515,33.385733333333334,29.890733333333333,56.790083333333335,38.35322222222222,5.296048514834673,34.32978095238095,5.195737280760799,32.783073809523806,4.806505793000788,35.157133888888886,7.732869450881485,35.12945600679715,33.54593158254288,1,0.2244608460939038,0
2024-12-24,21.160633333333333,243.960625,3.6336111111111102,0.0800819444444444,0.0,364.0,9981.0,2024,12,24,1,359,52,4,0,0,29.968133333333338,33.5968,44.06016666666667,34.97976666666667,37.415499999999994,29.25273333333333,53.54996666666667,35.87503333333333,7.317042517833173,34.33215714285714,5.193404497933242,32.538959523809524,4.8600322853941265,34.263068888888895,6.615242291702163,33.839125338431195,33.31510588904549,1,0.205059872801124,0
2024-12-25,17.685299999999998,243.2330625,3.0386111111111114,0.0811680555555555,0.0,285.0,3598.0,2024,12,25,2,360,52,4,0,0,21.160633333333333,29.968133333333338,33.5968,28.949,23.875366666666665,28.9773,45.0475,28.24185555555555,6.395278458739243,32.357995238095235,7.160273929361326,31.37789761904762,5.50434536751337,33.18342444444444,5.970623240627927,30.66950233715673,32.53094636932213,1,0.1805068023566665,1
2024-12-26,20.395533333333333,244.35365972222223,3.500694444444445,0.0862652777777777,1121.0,279.0,7796.0,2024,12,26,3,361,52,4,0,0,17.685299999999998,21.160633333333333,29.968133333333338,31.368533333333335,30.258899999999997,34.3103,25.2659,22.938022222222216,6.331376795008241,30.748895238095237,9.066048880370598,30.93575,6.338733000374997,32.27135111111111,6.1819569329663855,27.423451752867543,31.57316273259167,1,0.193976727447042,0
2024-12-27,49.53606666666667,243.31189583333332,8.431805555555554,0.0820361111111111,0.0,244.0,12209.0,2024,12,27,4,362,52,4,0,0,20.395533333333333,17.685299999999998,21.160633333333333,37.4027,30.426233333333336,42.06393333333333,39.3703,19.74715555555555,1.8261382071134016,29.181323809523807,9.85534240808678,30.23122380952381,6.939424770914717,32.109005555555555,6.431198671854526,25.666472147983995,30.852025351994357,1,0.0978664435221691,0
2024-12-28,26.177366666666668,244.5603819444445,4.42,0.07795,1953.0,217.0,5291.0,2024,12,28,5,363,52,4,1,0,49.53606666666667,20.395533333333333,17.685299999999998,44.06016666666667,33.36866666666666,41.11233333333333,31.43273333333333,29.205633333333328,17.658743749800287,30.914661904761907,12.304876726539892,31.596211904761905,8.64948750810847,32.44786444444445,7.063701471591494,31.633870777654664,32.0574473722958,1,0.1620897095879995,0
2024-12-29,9.254633333333334,244.95475694444443,1.5788888888888888,0.0636375,0.0,218.0,2480.0,2024,12,29,6,364,52,4,1,0,26.177366666666668,49.53606666666667,20.395533333333333,33.5968,29.924166666666668,31.143933333333333,40.5778,32.03632222222222,15.428486344721552,28.359976190476193,10.896579620598429,31.08254761904762,8.749090580615487,32.272685555555555,7.154329525510508,30.269744749907662,31.678087326771337,1,0.0898222338115317,1
2024-12-30,19.920633333333335,244.63816666666668,3.4018055555555557,0.0786152777777777,0.0,245.0,7145.0,2024,12,30,0,365,1,4,0,0,9.254633333333334,26.177366666666668,49.53606666666667,29.968133333333338,29.9515,33.385733333333334,40.023133333333334,28.322688888888887,20.22622736510233,24.882523809523807,12.684332601104709,29.60615238095238,10.523618904044298,31.22858,8.12085354708634,25.015966895764084,30.23141287558179,1,0.1159701520436955,1
2024-12-31,32.736466666666665,243.29661805555557,5.6876388888888885,0.0897722222222222,2975.0,246.0,11860.0,2024,12,31,1,366,1,4,0,0,19.920633333333335,9.254633333333334,26.177366666666668,21.160633333333333,34.97976666666667,37.415499999999994,26.9423,18.450877777777773,8.556568349086588,23.447166666666668,12.5809971994067,28.889661904761905,10.835157187804,30.558496666666667,8.199147867705557,23.742133505156392,29.566201292210923,1,0.1199194648817572,0
2025-01-01,23.444866666666663,242.8360625,4.149861111111111,0.0782416666666666,765.0,3845.0,2803.0,2025,1,1,2,1,1,1,0,0,32.736466666666665,19.920633333333335,9.254633333333334,17.685299999999998,28.949,23.875366666666665,29.890733333333333,20.63724444444444,11.757307208159322,25.10085714285714,12.984663759329898,28.729426190476193,10.754452676359936,30.751635555555552,8.179246957613728,25.990716795533963,29.77073454217581,1,0.1271955479017604,0
2025-01-02,38.79183333333334,242.7048888888889,6.737777777777778,0.1421736111111111,2417.0,6018.0,11841.0,2025,1,2,3,2,1,1,0,0,23.444866666666663,32.736466666666665,19.920633333333335,20.395533333333333,31.368533333333335,30.258899999999997,29.25273333333333,25.367322222222217,6.620670096694003,25.92365238095238,12.613629073007768,28.33627380952381,10.846026122192365,30.536773333333333,8.286601334723564,25.35425426331714,29.362614034078444,1,0.1060380042276758,0
2025-01-03,31.8916,243.68145833333332,5.530833333333333,0.1214666666666666,6440.0,328.0,10439.0,2025,1,3,4,3,1,1,0,0,38.79183333333334,23.444866666666663,32.736466666666665,49.53606666666667,37.4027,30.426233333333336,28.9773,31.65772222222222,7.730143184266337,28.55169523809524,13.173872793995685,28.866509523809523,11.181921201107,30.85474333333333,8.417611255050902,28.713649030821195,29.970950763062632,1,0.1371690787563625,0
2025-01-04,32.33323333333333,244.8224305555555,5.633194444444444,0.1162069444444444,1457.0,5251.0,3245.0,2025,1,4,5,4,1,1,1,0,31.8916,38.79183333333334,23.444866666666663,26.177366666666668,44.06016666666667,33.36866666666666,34.3103,31.376099999999997,7.686458980209577,26.031057142857144,9.726607417032806,28.472859523809525,10.9529584438645,30.951886666666667,8.412011878454708,29.508136773115897,30.09486361705859,1,0.2048606339547161,0
2025-01-05,26.733333333333334,244.83077777777777,4.6362499999999995,0.0895402777777777,1247.0,322.0,8650.0,2025,1,5,6,5,1,1,1,0,32.33323333333333,31.8916,38.79183333333334,9.254633333333334,33.5968,29.924166666666668,42.06393333333333,34.33888888888889,3.862679855910886,26.910466666666668,10.01601918225288,27.63522142857143,10.08307911851286,30.885984444444443,8.39251566588949,30.214410913170255,30.23927456649567,1,0.214063923463117,0
2025-01-06,28.16436666666667,245.09266666666667,4.834027777777778,0.0802472222222222,0.0,254.0,12462.0,2025,1,6,0,6,2,1,0,0,26.733333333333334,32.33323333333333,31.8916,19.920633333333335,29.968133333333338,29.9515,41.11233333333333,30.31938888888889,3.1134556100779194,29.40742380952381,6.410709818551359,27.14497380952381,9.93671700742617,30.374964444444444,8.151705942760383,29.344141518211025,30.013084809517455,1,0.2585306618062677,0
2025-01-07,34.6712,246.0406388888889,5.946805555555556,0.0982666666666666,2687.0,3820.0,9979.0,2025,1,7,1,7,2,1,0,0,28.16436666666667,26.733333333333334,32.33323333333333,32.736466666666665,21.160633333333333,34.97976666666667,31.143933333333333,29.07697777777778,2.9093580533499317,30.585100000000004,4.973609543044742,27.016133333333332,9.908950955334,29.943365555555555,7.902566818690438,29.049197805324937,29.89381267126902,1,0.2412202495638019,0
2025-01-08,27.221166666666665,245.3507361111111,4.720694444444445,0.0863708333333333,2773.0,299.0,10075.0,2025,1,8,2,8,2,1,0,0,34.6712,28.16436666666667,26.733333333333334,23.444866666666663,17.685299999999998,28.949,33.385733333333334,29.8563,4.230769505394667,30.86149047619048,5.163232904041302,27.981173809523806,9.952618283992855,30.06094111111111,7.947158769234617,30.454698353993702,30.202031208606503,1,0.2581722210076217,0
2025-01-09,29.8117,244.62240972222224,5.182083333333333,0.0802583333333333,1802.0,272.0,9285.0,2025,1,9,3,9,2,1,0,0,27.221166666666665,34.6712,28.16436666666667,38.79183333333334,20.395533333333333,31.368533333333335,37.415499999999994,30.01891111111111,4.0565071785045514,31.400961904761907,4.4000433118839,28.66230714285714,9.510267066928492,29.85545555555556,7.937918577108599,29.64631543216194,30.009717367191023,1,0.2443756662709785,0
2025-01-10,35.04913333333333,244.12048611111112,6.088888888888889,0.1123152777777777,2828.0,4288.0,12539.0,2025,1,10,4,10,2,1,0,0,29.8117,27.221166666666665,34.6712,31.8916,49.53606666666667,37.4027,23.875366666666665,30.568022222222226,3.7821642805164646,30.118085714285716,2.9592414728086167,29.334890476190477,9.208840793391015,29.60199555555556,7.808541680630201,29.687661574121456,29.9969420531787,1,0.1955283281421037,0
2025-01-11,32.93313333333334,245.5315486111111,5.764722222222223,0.0994722222222222,4521.0,5301.0,5887.0,2025,1,11,5,11,2,1,1,0,35.04913333333333,29.8117,27.221166666666665,32.33323333333333,26.177366666666668,44.06016666666667,30.258899999999997,30.694,3.9878697949044097,30.569161904761906,3.4710289098653075,28.30010952380952,7.400675557179768,29.974454444444444,7.792440268901874,31.028029513924427,30.322889877704803,1,0.2217899128171213,0
2025-01-12,26.48796666666667,245.52706944444444,4.513888888888889,0.0780749999999999,0.0,261.0,12147.0,2025,1,12,6,12,2,1,1,0,32.93313333333334,35.04913333333333,29.8117,26.733333333333334,9.254633333333334,33.5968,30.426233333333336,32.59798888888889,2.634752043221418,30.654861904761905,3.5287687096853055,28.782664285714283,7.471529696845835,30.063595555555555,7.811079934056713,31.504305468776657,30.491292681293743,1,0.2363965819057714,0
2025-01-13,36.376666666666665,244.45834027777775,6.254305555555556,0.0931541666666666,1140.0,329.0,16194.0,2025,1,13,0,13,3,1,0,0,26.48796666666667,32.93313333333334,35.04913333333333,28.16436666666667,19.920633333333335,29.968133333333338,33.36866666666666,31.49007777777778,4.459282529278213,30.61980952380953,3.575128914728849,30.01361666666667,5.026216345158026,29.93232,7.837823281566856,30.25022076824916,30.233013583575868,1,0.2074330792298437,0
2025-01-14,29.692983333333338,244.60247916666668,5.1125,0.0838625,2278.5,332.0,10316.5,2025,1,14,1,14,3,1,0,0,36.376666666666665,26.48796666666667,32.93313333333334,34.6712,32.736466666666665,21.160633333333333,29.924166666666668,31.93258888888889,5.019702562053008,31.792995238095237,3.9616270234741897,31.18904761904762,4.3650202354846686,30.032586666666667,7.902274363603756,31.781832242853536,30.629378298613982,1,0.2335526501438871,0
2025-01-15,26.0678,243.02127777777775,4.520555555555556,0.0802402777777777,2731.0,390.0,9561.0,2025,1,15,2,15,3,1,0,0,29.692983333333338,36.376666666666665,26.48796666666667,27.221166666666665,23.444866666666663,17.685299999999998,29.9515,30.85253888888889,5.045297190187578,31.08182142857143,3.802467227032716,30.971655952380953,4.357807284317236,30.02488055555556,7.902496457177888,31.259620015473484,30.568965720208784,1,0.2367247559094967,0
2025-01-16,46.109233333333336,242.5689722222222,8.040555555555555,0.1249444444444444,5811.0,3158.0,15220.0,2025,1,16,3,16,3,1,0,0,26.0678,29.692983333333338,36.376666666666665,29.8117,38.79183333333334,20.395533333333333,34.97976666666667,30.712483333333335,5.229504582202566,30.91705476190476,4.01659601715996,31.159008333333336,4.055197327071175,29.89542388888889,7.935482056010016,29.961665011605113,30.278567931808215,1,0.1376399892745585,0
2025-01-17,55.297,241.63154166666664,9.578888888888889,0.1142666666666666,2477.0,3154.0,15322.0,2025,1,17,4,17,3,1,0,0,46.109233333333336,26.0678,29.692983333333338,35.04913333333333,31.8916,49.53606666666667,28.949,33.956672222222224,10.679374734484108,33.245273809523816,6.933427657023004,31.681679761904768,5.372327556439845,30.26640611111111,8.426339306867032,33.99855709203717,31.299901183519516,1,0.0651429524161629,0
2025-01-18,52.5699,242.64408333333333,9.167638888888888,0.1457222222222222,5649.0,6701.0,12727.0,2025,1,18,5,18,3,1,1,0,55.297,46.109233333333336,26.0678,32.93313333333334,32.33323333333333,26.177366666666668,31.368533333333335,42.49134444444445,14.94668435370404,36.1378261904762,10.900238669506695,33.353494047619044,8.291397512419564,31.144672777777775,9.578616865733077,39.32316781902787,32.84810110716342,1,0.0627217526820409,0
2025-01-19,28.3311,243.1261736111111,4.924444444444444,0.0828291666666666,1118.0,376.0,10279.0,2025,1,19,6,19,3,1,1,0,52.5699,55.297,46.109233333333336,26.48796666666667,26.733333333333334,9.254633333333334,37.4027,51.32537777777778,4.718621700399883,38.943078571428565,12.366272176370158,34.79897023809524,9.737683546909434,31.851384999999997,10.34700375384276,42.6348508642709,34.120475229281915,1,0.1296355482598523,0
2025-01-20,28.967133333333333,243.39985416666664,4.979722222222223,0.0929722222222222,0.0,282.0,13727.0,2025,1,20,0,20,4,1,0,0,28.3311,52.5699,55.297,36.376666666666665,28.16436666666667,19.920633333333335,44.06016666666667,45.39933333333334,14.844282079081347,39.206383333333335,12.073021550114856,34.91309642857143,9.644802310416509,31.548998333333333,10.311671143109896,39.058913148203175,33.74696714997341,1,0.1281801003846394,0
2025-01-21,28.990566666666663,244.10518749999997,4.992916666666667,0.0889194444444444,1148.0,2159.0,9830.0,2025,1,21,1,21,4,1,0,0,28.967133333333333,28.3311,52.5699,29.692983333333338,34.6712,32.736466666666665,33.5968,36.62271111111111,13.814331677417645,38.14787857142857,12.672404493815744,34.970436904761904,9.603892814891344,31.045897222222223,10.044950117654588,36.53596819448571,33.438590774706306,1,0.1380067458372039,0
2025-01-22,20.6226,244.00635416666668,3.5900000000000003,0.0802777777777777,0.0,341.0,8246.0,2025,1,22,2,22,4,1,0,0,28.990566666666663,28.967133333333333,28.3311,26.0678,27.221166666666665,23.444866666666663,29.968133333333338,28.762933333333333,0.3741621321176507,38.047533333333334,12.7530364854516,34.56467738095238,9.73659306179132,30.89235611111111,10.039816758263566,34.64961781253095,33.15162147741343,1,0.0932784860078554,0
2025-01-23,31.842266666666667,242.7689513888889,5.530833333333333,0.0877069444444444,2078.0,295.0,12146.0,2025,1,23,3,23,4,1,0,0,20.6226,28.990566666666663,28.967133333333333,46.109233333333336,29.8117,38.79183333333334,21.160633333333333,26.19343333333333,4.824497414354208,37.269647619047625,13.733888653239369,34.09335119047619,10.264803466431488,30.580838333333336,10.212977036861552,31.142863359398213,32.34329751112869,1,0.1200008236789476,0
2025-01-24,36.6795,243.25075694444448,6.391111111111112,0.1180374999999999,5096.0,4492.0,8322.0,2025,1,24,4,24,4,1,0,0,31.842266666666667,20.6226,28.990566666666663,55.297,35.04913333333333,31.8916,17.685299999999998,27.151811111111112,5.831466069745416,35.23150952380952,13.253668205272444,34.238391666666665,10.213869917226011,30.93689277777778,10.058260963839508,31.317714186215326,32.31097294051823,1,0.1248339856817039,0
2025-01-25,47.394400000000005,242.54399305555555,8.151388888888889,0.1026152777777777,3971.0,5960.0,11213.0,2025,1,25,5,25,4,1,1,0,36.6795,31.842266666666667,20.6226,52.5699,32.93313333333334,32.33323333333333,20.395533333333333,29.714788888888886,8.237149426452303,32.571866666666665,10.032573555248966,34.35484642857143,10.233101066941853,31.570032777777776,9.78957333024116,32.658160639661496,32.59281339596867,1,0.1185237908653238,0
2025-01-26,27.907866666666667,243.20027083333335,4.834444444444444,0.0786638888888888,1121.0,348.0,9821.0,2025,1,26,6,26,4,1,1,0,47.394400000000005,36.6795,31.842266666666667,28.3311,26.48796666666667,26.733333333333334,49.53606666666667,38.63872222222222,7.959027992882208,31.832509523809524,8.365353221997406,35.387794047619046,10.7931018035611,32.469995,9.96628771506453,36.342220479746125,33.5477544671965,1,0.2336572680796471,0
2025-01-27,23.7505,243.9376041666667,4.167916666666667,0.0941916666666666,896.0,278.0,6608.0,2025,1,27,0,27,5,1,0,0,27.907866666666667,47.394400000000005,36.6795,28.967133333333333,36.376666666666665,28.16436666666667,26.177366666666668,37.32725555555555,9.7594024295852,31.77204761904762,8.39635010566993,35.48921547619047,10.709384752038684,31.749055,9.458529104963738,34.23363202647626,33.18389073813005,1,0.2196475287466467,0
2025-01-28,45.36223333333333,243.03222222222223,7.830972222222223,0.0805694444444444,2301.0,6949.0,14285.0,2025,1,28,1,28,5,1,0,0,23.7505,27.907866666666667,47.394400000000005,28.990566666666663,29.692983333333338,34.6712,9.254633333333334,33.01758888888889,12.623012623526288,31.026814285714288,8.903016750785156,34.58734642857143,11.15142179787063,31.668159444444445,9.518016057639288,31.61284901985719,32.57528488405715,1,0.1497625629061699,0
2025-01-29,26.2283,243.36284722222223,4.532638888888889,0.0724347222222222,0.0,294.0,8996.0,2025,1,29,2,29,5,1,0,0,45.36223333333333,23.7505,27.907866666666667,20.6226,26.0678,27.221166666666665,19.920633333333335,32.3402,11.467385861699745,33.365623809523804,10.317056820081136,35.70657857142857,11.405837152461851,32.871746111111115,8.845199636246221,35.050195098226226,33.40024930013948,1,0.1972866532157517,0
2025-01-30,34.3173,244.28983333333332,5.917916666666666,0.0833986111111111,1622.0,280.0,12147.0,2025,1,30,3,30,5,1,0,0,26.2283,45.36223333333333,23.7505,31.842266666666667,46.109233333333336,29.8117,32.736466666666665,31.78034444444444,11.827326517543709,34.1664380952381,9.333787899196953,35.718042857142855,11.39547969504016,33.08200166666667,8.598249568523292,32.84472132366967,32.93754289367887,1,0.2116049633476809,0
2025-01-31,55.2142,242.47138194444443,9.633194444444444,0.1657722222222222,8278.0,6575.0,15309.0,2025,1,31,4,31,5,1,0,0,34.3173,26.2283,45.36223333333333,36.6795,55.297,35.04913333333333,23.444866666666663,35.30261111111111,9.604945584977091,34.52001428571428,9.277782178505738,34.8757619047619,10.99717994425388,33.13469611111111,8.600902599061152,33.21286599275225,33.026559481183455,1,0.0584027435153655,0
2025-02-01,30.786166666666663,244.80642361111111,5.3694444444444445,0.1055916666666666,3330.0,622.0,7494.0,2025,2,1,5,32,5,1,1,0,55.2142,34.3173,26.2283,47.394400000000005,52.5699,32.93313333333334,38.79183333333334,38.5866,14.957131796236908,37.16782857142857,12.185872648935934,34.86984761904762,10.985368508753496,34.19367388888889,9.294527346666095,38.713199494564186,34.458020159816776,1,0.1553114440242275,0
2025-02-02,26.721666666666668,244.8748263888889,4.581111111111111,0.0740194444444444,1159.0,232.0,10915.0,2025,2,2,6,33,5,1,1,0,30.786166666666663,55.2142,34.3173,27.907866666666667,28.3311,26.48796666666667,31.8916,40.10588888888889,13.202765775663764,34.795223809523804,11.457974117661683,33.31386666666667,9.759838027677278,33.92681833333333,9.272857309720797,36.7314412875898,34.22112638606516,1,0.1690573086850333,0
2025-02-03,31.139833333333335,244.3027222222222,5.3438888888888885,0.0854236111111111,703.0,878.0,14984.0,2025,2,3,0,34,6,1,0,0,26.721666666666668,30.786166666666663,55.2142,23.7505,28.967133333333333,36.376666666666665,32.33323333333333,37.57401111111111,15.411432058353965,34.62576666666667,11.584879885356942,33.198907142857145,9.832253891932153,33.75448722222222,9.359619345388335,34.22899763235902,33.737290275136225,1,0.1688082576104326,0
2025-02-04,41.0154,244.68669444444447,7.041388888888889,0.1052805555555555,871.0,6961.0,15960.0,2025,2,4,1,35,6,1,0,0,31.139833333333335,26.721666666666668,30.786166666666663,45.36223333333333,28.990566666666663,29.692983333333338,26.733333333333334,29.549222222222223,2.4551115743673355,35.68138571428571,10.73418710527528,33.3541,9.777314809912612,33.71470722222222,9.368400174976442,33.456706557602594,33.569712407923134,1,0.1457207066295669,0
2025-02-05,27.4848,243.85506249999997,4.7625,0.0848527777777777,1104.0,264.0,12987.0,2025,2,5,2,36,6,1,0,0,41.0154,31.139833333333335,26.721666666666668,26.2283,20.6226,26.0678,28.16436666666667,32.95896666666667,7.318445033915661,35.060409523809525,10.19289176043256,34.21301666666667,9.892006362453907,34.190776111111106,9.364279193068734,35.34637991820194,34.05007934934745,1,0.1907142953807202,0
2025-02-06,34.13993333333334,243.28893055555557,5.921666666666667,0.0881055555555555,1165.0,273.0,11716.0,2025,2,6,3,37,6,1,0,0,27.4848,41.0154,31.139833333333335,34.3173,31.842266666666667,46.109233333333336,34.6712,33.213344444444445,6.999562153158319,35.23990952380952,10.02104796504197,34.70317380952381,9.320280560183948,34.16812388888889,9.380168240682988,33.38098493865145,33.62651293971213,1,0.1935894785490388,0
2025-02-07,52.19226666666667,242.05092361111113,9.080972222222222,0.128225,6822.0,4483.0,17873.0,2025,2,7,4,38,6,1,0,0,34.13993333333334,27.4848,41.0154,55.2142,36.6795,55.297,27.221166666666665,34.21337777777777,6.76559898714189,35.21457142857143,10.023993374721218,34.86729285714286,9.286195485176846,34.150414999999995,9.379687207992372,33.57072203732192,33.65963683607478,1,0.0765350701489764,0
2025-02-08,36.3811,243.35456944444445,6.329583333333334,0.0930694444444444,5341.0,259.0,15174.0,2025,2,8,5,39,6,1,1,0,52.19226666666667,34.13993333333334,27.4848,30.786166666666663,47.394400000000005,52.5699,29.8117,37.939,12.784342295341032,34.78286666666667,9.035440117034604,35.97534761904762,10.380144409298897,34.982785,9.840251899746542,38.2261081946581,34.85529037353233,1,0.2012969739020841,0
2025-02-09,28.443966666666665,243.3219861111111,4.9655555555555555,0.0934777777777777,1063.0,228.0,9375.0,2025,2,9,6,40,6,1,1,0,36.3811,52.19226666666667,34.13993333333334,26.721666666666668,27.907866666666667,28.3311,35.04913333333333,40.90443333333333,9.83956772565642,35.58214285714286,8.868896122106117,35.18868333333334,9.852068433311732,35.201765,9.79419737362735,37.764856145993576,34.95372970427217,1,0.2072282036378828,0
2025-02-10,32.39703333333333,243.15777083333333,5.5841666666666665,0.0804388888888888,1128.0,263.0,12339.0,2025,2,10,0,41,7,1,0,0,28.443966666666665,36.3811,52.19226666666667,31.139833333333335,23.7505,28.967133333333333,32.93313333333334,39.00577777777777,12.089753442497152,35.828185714285716,8.601992714285087,35.226976190476186,9.822590384375086,34.98159277777778,9.871681950247948,35.434633776161846,34.533744992168586,1,0.2008915516235082,0
2025-02-11,43.98983333333333,242.0975625,7.73125,0.1662236111111111,2985.0,10477.0,12195.0,2025,2,11,1,42,7,1,0,0,32.39703333333333,28.443966666666665,36.3811,41.0154,45.36223333333333,28.990566666666663,26.48796666666667,32.40736666666666,3.968576756358804,36.00778571428572,8.500314086677582,35.844585714285714,9.303603742055074,34.963722777777775,9.876002284531404,34.67523366545472,34.39589262708244,1,0.1582185484840634,0
2025-02-12,32.811,242.91152777777776,5.682638888888889,0.0828361111111111,1109.0,299.0,17724.0,2025,2,12,2,43,7,1,0,0,43.98983333333333,32.39703333333333,28.443966666666665,27.4848,26.2283,20.6226,36.376666666666665,34.9436111111111,8.079745440801263,36.432704761904766,8.859129259433118,35.74655714285714,9.202284255817077,35.54711833333333,9.874992678263252,37.00388358242437,35.014856543614755,1,0.1987007021452476,0
2025-02-13,28.167033333333332,241.69333333333336,4.891805555555555,0.0758236111111111,1100.0,254.0,11554.0,2025,2,13,3,44,7,1,0,0,32.811,43.98983333333333,32.39703333333333,34.13993333333334,34.3173,31.842266666666667,29.692983333333338,36.39928888888888,6.576862156271294,37.19359047619048,8.163987421137234,36.21675,8.839559682750815,35.42826277777777,9.886115874227448,35.95566268681828,34.87267225047832,1,0.1959876985707817,0
2025-02-14,38.92193333333333,241.9453472222222,6.728194444444445,0.0824777777777777,2280.0,3256.0,18543.0,2025,2,14,4,45,7,1,0,0,28.167033333333332,32.811,43.98983333333333,52.19226666666667,55.2142,36.6795,26.0678,34.989288888888886,8.133200896485546,36.34031904761905,8.821956988733184,35.77744523809524,9.090484402263463,35.37739777777778,9.920507722291228,34.00850534844704,34.44005038485606,1,0.1785421029700649,0
2025-02-15,26.433866666666667,242.8439375,4.501388888888889,0.0791819444444444,2465.0,226.0,5234.0,2025,2,15,5,46,7,1,1,0,38.92193333333333,28.167033333333332,32.811,36.3811,30.786166666666663,47.394400000000005,46.109233333333336,33.29998888888888,5.394098729407261,34.44455714285714,5.732722553794378,34.61371190476191,7.271759402978353,35.80586888888889,9.781166327925996,35.23686234466861,34.7292041234675,1,0.2244055527089772,0
2025-02-16,21.98323333333333,242.14300694444444,3.8281944444444447,0.0776430555555555,0.0,261.0,7037.0,2025,2,16,6,47,7,1,1,0,26.433866666666667,38.92193333333333,28.167033333333332,28.443966666666665,26.721666666666668,27.907866666666667,55.297,31.17427777777777,6.765396635028823,33.02352380952381,6.370115917304298,34.30283333333333,7.536205081295887,35.15002333333334,9.725963000450944,33.036113425168125,34.19402106173841,1,0.2270671506557098,0
2025-02-17,13.2463,242.26856249999997,2.303888888888889,0.0825402777777777,0.0,278.0,3925.0,2025,2,17,0,48,8,1,0,0,21.98323333333333,26.433866666666667,38.92193333333333,32.39703333333333,31.139833333333335,23.7505,52.5699,29.113011111111103,8.78141507037151,32.1005619047619,7.510247668240115,33.96437380952381,7.995295345476466,34.039564444444444,9.235811959670896,30.272893402209423,33.40622830506712,1,0.1477923062548338,1
2025-02-18,13.774166666666668,242.23109722222225,2.3558333333333334,0.0785166666666666,0.0,297.0,5471.0,2025,2,18,1,49,8,1,0,0,13.2463,21.98323333333333,26.433866666666667,43.98983333333333,41.0154,45.36223333333333,28.3311,20.554466666666663,6.708875411555662,29.364742857142858,10.339449339512106,32.68626428571429,9.724720196510596,32.72877777777778,9.305445409798343,26.016245051657073,32.10558776925634,1,0.1216336340832928,1
2025-02-19,12.2878,241.54959027777775,2.111527777777778,0.0690125,1046.0,262.0,1796.0,2025,2,19,2,50,8,1,0,0,13.774166666666668,13.2463,21.98323333333333,32.811,27.4848,26.2283,28.967133333333333,16.334566666666664,4.899003688279431,25.04821904761905,9.488338683115211,30.740461904761904,10.614573637695548,32.24354666666667,9.903016519828636,22.95572545540947,30.922915440057,1,0.145604597559629,1
2025-02-20,31.3456,240.19070833333333,5.535,0.1021083333333333,2897.0,293.0,8768.0,2025,2,20,3,51,8,1,0,0,12.2878,13.774166666666668,13.2463,28.167033333333332,34.13993333333334,34.3173,28.990566666666663,13.102755555555554,0.7535086081723275,22.11633333333333,9.853656470719908,29.654961904761905,11.695180825596278,31.68756888888889,10.540964347004564,20.288744091557103,29.72064992779526,1,0.180916447757036,0
2025-02-21,21.9364,240.9543402777778,3.806666666666667,0.1079180555555555,2111.0,262.0,3983.0,2025,2,21,4,52,8,1,0,0,31.3456,12.2878,13.774166666666668,38.92193333333333,52.19226666666667,55.2142,20.6226,19.135855555555555,10.600033774282233,22.57041428571429,10.244448424984466,29.455366666666663,11.636447587350828,31.766070000000003,10.528948928419542,23.052958068667827,29.825485416324597,1,0.1877832782541958,1
2025-02-22,37.307966666666665,241.31630555555552,6.534722222222222,0.1221027777777777,3816.0,8576.0,7133.0,2025,2,22,5,53,8,1,1,0,21.9364,31.3456,12.2878,26.433866666666667,36.3811,30.786166666666663,31.842266666666667,21.856599999999997,9.529150604329775,20.143909523809523,7.320139600513248,27.29423333333333,9.744707194690733,31.809863333333332,10.483636105144203,22.77381855150087,29.31651216365849,1,0.1605089670096405,0
2025-02-23,45.56093333333333,241.24088194444445,7.873055555555556,0.0901388888888889,1212.0,3744.0,12471.0,2025,2,23,6,54,8,1,1,0,37.307966666666665,21.9364,31.3456,21.98323333333333,28.443966666666665,26.721666666666668,36.6795,30.196655555555555,7.749923899578572,21.697352380952378,9.65794721457795,27.360438095238095,9.81409302404414,31.992053333333335,10.53160178401081,26.40735558029232,29.832089873529988,1,0.0908365730016589,0
2025-02-24,29.719066666666667,240.8879236111111,5.167638888888889,0.0856569444444444,0.0,1602.0,14512.0,2025,2,24,0,55,9,1,0,0,45.56093333333333,37.307966666666665,21.9364,13.2463,32.39703333333333,31.139833333333335,47.394400000000005,34.9351,11.98968373093212,25.06559523809523,13.2264193613672,28.58307857142857,10.958907795699092,32.28810111111111,10.789582248108353,31.195750018552573,30.84685396771085,1,0.1293406073445139,0
2025-02-25,19.497400000000003,241.2019652777778,3.4125,0.0785208333333333,1092.0,274.0,7359.0,2025,2,25,1,56,9,1,0,0,29.719066666666667,45.56093333333333,37.307966666666665,13.774166666666668,43.98983333333333,41.0154,27.907866666666667,37.52932222222222,7.923252714800506,27.418847619047614,12.198521042654866,28.39179523809523,10.910480313076391,31.698923333333333,10.412232901427702,30.826579180581096,30.77409349667574,1,0.1292120992717372,1
2025-02-26,19.280866666666668,240.73236805555555,3.3630555555555555,0.0781944444444444,0.0,268.0,6841.0,2025,2,26,2,57,9,1,0,0,19.497400000000003,29.719066666666667,45.56093333333333,12.2878,32.811,27.4848,23.7505,31.592466666666667,13.132370811260415,28.236452380952382,11.289494859018156,26.64233571428571,10.154440112888269,31.418574444444445,10.628800207751407,27.994284385435822,30.046564883986985,1,0.1454965709165258,1
2025-02-27,33.8153,240.96568750000003,5.903472222222222,0.1403583333333333,1154.0,246.0,14831.0,2025,2,27,3,58,9,1,0,0,19.280866666666668,19.497400000000003,29.719066666666667,31.3456,28.167033333333332,34.13993333333334,45.36223333333333,22.832444444444445,5.964972413583634,29.235461904761905,9.86215854962468,25.675897619047618,10.166034221341295,31.26958666666667,10.770376174885932,25.815929955743535,29.35200370867599,1,0.2050744684576685,0
2025-02-28,27.179166666666667,242.3972777777778,4.834305555555555,0.1476305555555555,1145.0,5358.0,8006.0,2025,2,28,4,59,9,1,0,0,33.8153,19.280866666666668,19.497400000000003,21.9364,38.92193333333333,52.19226666666667,26.2283,24.19785555555556,8.329654848947328,29.58827619047619,9.993530543171431,26.07934523809524,10.38228005007689,30.88468888888889,10.450973660022134,27.81577246680765,29.63995830811625,1,0.2130519781895771,0
2025-03-01,41.20868333333333,242.14014236111112,7.230555555555555,0.1315479166666666,11224.0,2740.5,8852.0,2025,3,1,5,60,9,1,1,1,27.179166666666667,33.8153,19.280866666666668,37.307966666666665,26.433866666666667,36.3811,34.3173,26.75844444444444,7.276344787836882,30.337242857142854,9.50920482385963,25.24057619047619,9.71802716792276,30.916384444444443,10.437798456669269,27.656621016772405,29.481197557054987,1,0.1663527646221343,0
2025-03-02,24.624033333333333,242.24184722222225,4.401111111111112,0.0940027777777777,1560.0,310.0,6684.0,2025,3,2,6,61,9,1,1,1,41.20868333333333,27.179166666666667,33.8153,45.56093333333333,21.98323333333333,28.443966666666665,55.2142,34.06771666666666,7.018163584961401,30.894488095238096,10.082769379025816,26.29592023809524,10.618143634711258,31.146097222222224,10.589949062157046,31.044636595912635,30.23780954262133,1,0.1982217031277918,0
2025-03-03,30.81586666666667,242.89735416666667,5.347083333333334,0.0888222222222222,1159.0,268.0,13024.0,2025,3,3,0,62,10,1,0,1,24.624033333333333,41.20868333333333,27.179166666666667,29.719066666666667,13.2463,32.39703333333333,30.786166666666663,31.003961111111103,8.92941449997226,27.903502380952386,7.869407520067182,26.484548809523808,10.558927948088618,30.126425,9.62098176913582,29.43948578026781,29.87563043234469,1,0.2365558325356221,0
2025-03-04,30.702166666666667,242.3844861111111,5.397222222222222,0.0898847222222222,2214.0,2570.0,8393.0,2025,3,4,1,63,10,1,0,1,30.81586666666667,24.624033333333333,41.20868333333333,19.497400000000003,13.774166666666668,43.98983333333333,26.721666666666668,32.21619444444445,8.38053353430062,28.060188095238097,7.922322759846109,27.739517857142857,9.887218994773958,30.127415,9.621053525366898,29.783581001867525,29.93629083455901,1,0.238314318007308,0
2025-03-05,24.030199999999997,241.67960416666668,4.253333333333334,0.0780986111111111,0.0,271.0,9094.0,2025,3,5,2,64,10,1,0,1,30.702166666666667,30.81586666666667,24.624033333333333,19.280866666666668,12.2878,32.811,31.139833333333335,28.714022222222223,3.5424904736534777,29.66086904761905,6.979764104129715,28.948660714285715,9.047397316642916,30.260098333333335,9.599889598792757,30.013227418067313,29.985702178565955,1,0.2476856390170369,0
2025-03-06,29.724566666666664,240.7933125,5.2636111111111115,0.0895527777777777,1144.0,265.0,12056.0,2025,3,6,3,65,10,1,0,1,24.030199999999997,30.702166666666667,30.81586666666667,33.8153,31.3456,28.167033333333332,41.0154,28.516077777777777,3.8853000528106025,30.33934523809523,5.958751499597371,29.78740357142857,7.848950437424951,30.02311055555555,9.664958626541898,28.51747056355048,29.601476231561698,1,0.2538353069727218,0
2025-03-07,28.27443333333333,242.47164583333333,4.935972222222222,0.1040736111111111,1055.0,811.0,12113.0,2025,3,7,4,66,10,1,0,1,29.724566666666664,24.030199999999997,30.702166666666667,27.179166666666667,21.9364,38.92193333333333,27.4848,28.152311111111107,3.6031618683121778,29.754954761904763,5.7582610538855,29.67161547619048,7.83614197953008,29.64674944444444,9.43935379687482,28.81924458932953,29.60941754995557,1,0.2612937486293685,0
2025-03-08,39.286100000000005,242.15979166666665,6.881805555555555,0.1348513888888889,7253.0,5260.0,12691.0,2025,3,8,5,67,10,1,1,1,28.27443333333333,29.724566666666664,24.030199999999997,41.20868333333333,37.307966666666665,26.433866666666667,34.13993333333334,27.343066666666655,2.9592289256568107,29.91142142857143,5.69109404907662,30.124332142857146,7.5320637725400275,29.673070555555555,9.434216969602348,28.68304177533048,29.523289535979934,1,0.2140874542403568,0
2025-03-09,28.0926,242.48230555555557,4.904444444444445,0.0944722222222222,2001.0,369.0,10336.0,2025,3,9,6,68,10,1,1,1,39.286100000000005,28.27443333333333,29.724566666666664,24.624033333333333,45.56093333333333,21.98323333333333,52.19226666666667,32.42836666666667,5.9830679023762325,29.636766666666663,5.067210507399023,30.265627380952377,7.694002085706457,29.84460944444444,9.564127931059817,31.33380633149786,30.153148275594138,1,0.261313397828437,0
2025-03-10,30.6035,241.8284375,5.340694444444445,0.0797930555555555,0.0,281.0,11610.0,2025,3,10,0,69,11,1,0,1,28.0926,39.286100000000005,28.27443333333333,30.81586666666667,29.719066666666667,13.2463,36.3811,31.884377777777775,6.410724197115463,30.132276190476187,4.6475438201951125,29.017889285714286,6.3157278896798195,29.04128722222222,8.58425926223886,30.5235047486234,30.02020967716871,1,0.2508860018071532,0
2025-03-11,40.0984,241.8211736111111,7.027638888888888,0.0953083333333333,3476.0,7288.0,10737.0,2025,3,11,1,70,11,1,0,1,30.6035,28.0926,39.286100000000005,30.702166666666667,19.497400000000003,13.774166666666668,28.443966666666665,32.66073333333333,5.873479999398452,30.101938095238097,4.6430287260071905,29.081063095238097,6.3276929973240845,28.848700555555556,8.478066373932949,30.54350356146755,30.057841310899764,1,0.2023371855348542,0
2025-03-12,31.454333333333334,241.9984236111111,5.457916666666667,0.0935916666666666,0.0,364.0,13655.0,2025,3,12,2,71,11,1,0,1,40.0984,30.6035,28.0926,24.030199999999997,19.280866666666668,12.2878,32.39703333333333,32.9315,6.332416316857277,31.444257142857143,6.004200304777756,30.552563095238096,6.322954672880949,29.237181666666668,8.722375259072615,32.93222767110066,30.705619290841717,1,0.2521832308427197,0
2025-03-13,24.092,242.7573055555556,4.171388888888889,0.0963083333333333,1082.0,311.0,10466.0,2025,3,13,3,72,11,1,0,1,31.454333333333334,40.0984,30.6035,29.724566666666664,33.8153,31.3456,43.98983333333333,34.052077777777775,5.253521547636585,32.504847619047624,5.057344838683022,31.422096428571425,5.427236437100908,29.205758333333332,8.712291259704369,32.56275408665883,30.75392342261537,1,0.2349332944527992,0
2025-03-14,35.81713333333333,242.17880555555556,6.186111111111111,0.1078125,2196.0,280.0,18036.0,2025,3,14,4,73,11,1,0,1,24.092,31.454333333333334,40.0984,28.27443333333333,27.179166666666667,21.9364,32.811,31.881577777777775,8.011748473428357,31.700195238095237,5.943823203013059,30.727575,5.71208899942768,28.54249722222222,8.295409495960447,30.44506556499412,30.32412191147889,1,0.2382186640810073,0
2025-03-15,32.3677,241.7711111111111,5.69625,0.1234388888888888,3478.0,5152.0,8353.0,2025,3,15,5,74,11,1,1,1,35.81713333333333,24.092,31.454333333333334,39.286100000000005,41.20868333333333,37.307966666666665,28.167033333333332,30.45448888888889,5.926166940436782,32.77772380952381,5.902825107639139,31.34457261904762,5.765589482488465,28.642701666666664,8.366599707146401,31.78808250707892,30.67850974514692,1,0.2416609634685993,0
2025-03-16,22.302083333333332,242.4094548611111,3.855208333333333,0.0829090277777777,0.0,306.0,9291.0,2025,3,16,6,75,11,1,1,1,32.3677,35.81713333333333,24.092,28.0926,24.624033333333333,45.56093333333333,38.92193333333333,30.75894444444444,6.025840916358415,31.789380952380952,5.164485666114469,30.71307380952381,5.0406755198356175,28.78272388888889,8.393472206315565,31.93298688030919,30.787489761589057,1,0.242544482933074,0
2025-03-17,32.1985,241.95642361111112,5.649305555555555,0.1631888888888888,1110.0,3952.0,12320.0,2025,3,17,0,76,12,1,0,1,22.302083333333332,32.3677,35.81713333333333,30.6035,30.81586666666667,29.719066666666667,26.433866666666667,30.162305555555548,7.022248045840784,30.962164285714287,6.212676395620923,30.54722023809524,5.28854036297943,28.228728888888888,8.248403638069053,29.525260993565222,30.24004418557255,1,0.249078939247195,0
2025-03-18,24.178,242.84061805555555,4.181111111111111,0.0846569444444444,1123.0,375.0,12101.0,2025,3,18,1,77,12,1,0,1,32.1985,22.302083333333332,32.3677,40.0984,30.702166666666667,19.497400000000003,21.98323333333333,28.95609444444444,5.763163632944354,31.19002142857143,6.226563281162769,30.64597976190476,5.306821263242985,28.420883333333332,8.27226059892873,30.19357074517392,30.366396173600133,1,0.2469440967735077,0
2025-03-19,19.858866666666664,242.7762777777778,3.4248611111111114,0.0808416666666666,0.0,314.0,9458.0,2025,3,19,2,78,12,1,0,1,24.178,32.1985,22.302083333333332,31.454333333333334,24.030199999999997,19.280866666666668,13.2463,26.22619444444444,5.256528423946616,28.915678571428575,5.263416657868166,30.179967857142856,5.5808866186774475,28.49404222222222,8.222921541910688,28.689678058880443,29.967144807561414,1,0.238494734711904,1
2025-03-20,24.398433333333333,242.9164861111111,4.217777777777778,0.0903041666666666,1083.0,308.0,10618.0,2025,3,20,3,79,12,1,0,1,19.858866666666664,24.178,32.1985,24.092,29.724566666666664,33.8153,13.774166666666668,25.41178888888889,6.261654251636414,27.259183333333333,6.090902615748791,29.88201547619048,6.0279124288329164,28.714461111111113,7.881650013777534,26.481975210826995,29.314997830729492,1,0.2593624332115267,0
2025-03-21,32.16703333333333,242.58272222222223,5.671805555555555,0.1372611111111111,5420.0,682.0,10266.0,2025,3,21,4,80,12,1,0,1,24.398433333333333,19.858866666666664,24.178,35.81713333333333,28.27443333333333,27.179166666666667,12.2878,22.81176666666666,2.559660430820874,27.302959523809527,6.065393554953108,29.501577380952376,6.204112074418828,29.068603333333332,7.411884672455728,25.96108974145358,28.997800121220063,1,0.2459777599118657,0
2025-03-22,28.152833333333337,241.52761111111113,4.950555555555556,0.0904722222222222,2017.0,3778.0,9015.0,2025,3,22,5,81,12,1,1,1,32.16703333333333,24.398433333333333,19.858866666666664,32.3677,39.286100000000005,41.20868333333333,31.3456,25.474777777777778,6.224277443681734,26.78151666666667,5.322886648734513,29.779620238095237,6.232048369949696,29.73124444444444,6.715851316422688,27.512575639423517,29.202266780066083,1,0.2669148129244914,0
2025-03-23,21.6075,242.05365277777776,3.789444444444445,0.0834180555555555,1078.0,310.0,5999.0,2025,3,23,6,82,12,1,1,1,28.152833333333337,32.16703333333333,24.398433333333333,22.302083333333332,28.0926,24.624033333333333,21.9364,28.239433333333324,3.8850239587420345,26.179392857142854,4.798192841135688,28.98438690476191,5.604388959473461,29.62481888888889,6.7146842533265145,27.67264006290097,29.134561396405907,1,0.2629603926316168,1
2025-03-24,27.6952,242.4840972222222,4.8943055555555555,0.1019694444444444,1710.0,352.0,10149.0,2025,3,24,0,83,13,1,0,1,21.6075,28.152833333333337,32.16703333333333,32.1985,30.6035,30.81586666666667,37.307966666666665,27.309122222222214,5.330086526849561,26.080166666666667,4.89788528414712,28.521165476190475,5.941629031694667,29.613855555555556,6.727925758510999,26.15635504717573,28.648944532121657,1,0.2688444996066657,0
2025-03-25,30.646233333333335,243.1130625,5.353055555555556,0.1347472222222222,2780.0,3315.0,10287.0,2025,3,25,1,84,13,1,0,1,27.6952,21.6075,28.152833333333337,24.178,40.0984,30.702166666666667,45.56093333333333,25.818511111111107,3.654013957330996,25.436838095238095,4.207392499602625,28.31342976190476,5.9140014195424575,29.29343,6.576043991064856,26.5410662853818,28.58741262682348,1,0.2463678893497449,0
2025-03-26,20.1834,242.93575694444445,3.5016666666666665,0.0831597222222222,0.0,312.0,8596.0,2025,3,26,2,85,13,1,0,1,30.646233333333335,27.6952,21.6075,19.858866666666664,31.454333333333334,24.030199999999997,29.719066666666667,26.649644444444437,4.609182669692323,26.360871428571425,4.5787402209043675,27.638274999999997,4.921343937219684,28.796273333333332,5.824649618654055,27.567358047369687,28.720239769178956,1,0.2536396844753784,1
2025-03-27,28.56543333333333,242.62864583333337,5.015138888888889,0.1257458333333333,1103.0,526.0,9947.0,2025,3,27,3,86,13,1,0,1,20.1834,30.646233333333335,27.6952,24.398433333333333,24.092,29.724566666666664,19.497400000000003,26.17494444444444,5.39454382278292,26.407233333333338,4.502947431158403,26.833208333333335,5.164927188872832,28.47841777777778,6.029149957574198,25.72136853552727,28.169475913102897,1,0.2601866424174802,0
2025-03-28,37.68293333333334,242.1356180555555,6.603333333333333,0.1921527777777777,4527.0,327.0,12225.0,2025,3,28,4,87,13,1,0,1,28.56543333333333,20.1834,30.646233333333335,32.16703333333333,35.81713333333333,28.27443333333333,19.280866666666668,26.465022222222217,5.538638412736156,27.00251904761905,4.468430142589758,27.152739285714286,5.120480199635179,28.780685555555557,5.785763574958734,26.432384734978783,28.19502155311776,1,0.2132057338124531,0
2025-03-29,36.94416666666667,242.54856944444444,6.418333333333333,0.0952041666666666,1611.0,4024.0,9502.0,2025,3,29,5,88,13,1,1,1,37.68293333333334,28.56543333333333,20.1834,28.152833333333337,32.3677,39.286100000000005,33.8153,28.810588888888883,8.752342124021755,27.790504761904764,5.814547829094186,27.286010714285716,5.380990270671471,29.394087777777777,5.718971248827962,29.245021884567425,28.80714489377683,1,0.2237659148277016,0
2025-03-30,24.6242,242.7285208333333,4.304722222222223,0.0911972222222222,1085.0,295.0,9901.0,2025,3,30,6,89,13,1,1,1,36.94416666666667,37.68293333333334,28.56543333333333,21.6075,22.302083333333332,28.0926,27.179166666666667,34.39751111111111,5.064216864578547,29.04640952380953,6.775826709919303,27.61290119047619,5.833432416456978,29.498383333333333,5.829835802472645,31.16980808009224,29.332114040414883,1,0.2502659434906956,0
2025-03-31,30.391366666666663,242.16790277777775,5.309027777777778,0.095825,2202.0,2711.0,12958.0,2025,3,31,0,90,14,1,0,1,24.6242,36.94416666666667,37.68293333333334,27.6952,32.1985,30.6035,41.20868333333333,33.08376666666666,7.335505789499312,29.477366666666665,6.303298863469906,27.778766666666662,5.702351258326177,29.413217777777778,5.8833015628230605,29.53340606006918,29.028377650710695,1,0.2561351949750794,0
2025-04-01,27.352333333333338,242.90603472222224,4.807916666666666,0.0993388888888889,2807.0,2364.0,7309.0,2025,4,1,1,91,14,2,0,1,30.391366666666663,24.6242,36.94416666666667,30.646233333333335,24.178,40.0984,24.624033333333333,30.65324444444444,6.164156847843401,29.862533333333335,6.258464452480481,27.649685714285713,5.614383299812807,29.052640555555556,5.451058646548877,29.74789621171855,29.11631242593366,1,0.2597268244862465,0
2025-04-02,27.40556666666667,242.2396388888889,4.761388888888889,0.0866402777777777,1128.0,324.0,13500.0,2025,4,2,2,92,14,2,0,1,27.352333333333338,30.391366666666663,24.6242,20.1834,19.858866666666664,31.454333333333334,30.81586666666667,27.455966666666665,2.8849796777638934,29.39197619047619,6.31330887880137,27.87642380952381,5.526808595938746,29.143583888888887,5.3971177898892515,29.14900549212225,29.002507323185252,1,0.2602089854071193,0
2025-04-03,22.721,241.8118888888889,3.982916666666666,0.0920819444444444,0.0,326.0,8556.0,2025,4,3,3,93,14,2,0,1,27.40556666666667,27.352333333333338,30.391366666666663,28.56543333333333,24.398433333333333,24.092,30.702166666666667,28.38308888888888,1.7394232295451022,30.423714285714286,5.014043226366516,28.415473809523807,5.030410654630418,29.029907222222224,5.396595463616269,28.713145785758353,28.89947889373244,1,0.2481339042271314,0
2025-04-04,36.52053333333333,241.45065277777775,6.396527777777778,0.1387,2699.0,4172.0,16251.0,2025,4,4,4,94,14,2,0,1,22.721,27.40556666666667,27.352333333333338,37.68293333333334,32.16703333333333,35.81713333333333,24.030199999999997,25.826299999999993,2.689400400543555,29.58879523809524,5.800039474176826,28.29565714285714,5.151958857592942,28.763868333333335,5.506912876078399,27.215109339318765,28.500867352201315,1,0.2311995312027961,0
2025-04-05,22.9286,242.31370833333332,4.112083333333333,0.1270916666666666,3832.0,357.0,6503.0,2025,4,5,5,95,14,2,1,1,36.52053333333333,22.721,27.40556666666667,36.94416666666667,28.152833333333337,32.3677,29.724566666666664,28.882366666666663,7.01729889162804,29.422738095238092,5.540512071782255,28.60662142857143,5.521719998451661,29.18021277777778,5.607920963510558,29.54146533782241,29.01826515743564,1,0.2549138565175521,0
2025-04-06,24.21056666666667,242.30114583333335,4.225555555555555,0.0913472222222222,799.0,333.0,10141.0,2025,4,6,6,96,14,2,1,1,22.9286,36.52053333333333,22.721,24.6242,21.6075,22.302083333333332,28.27443333333333,27.39004444444444,7.907916600002313,27.420514285714287,4.860097472725215,28.233461904761903,5.727441527901603,28.95368055555555,5.721289293423508,27.88824900336681,28.62538353437528,1,0.2659912651280189,0
2025-04-07,24.001533333333334,241.98941666666667,4.23125,0.1060638888888888,1103.0,338.0,9121.0,2025,4,7,0,97,15,2,0,1,24.21056666666667,22.9286,36.52053333333333,30.391366666666663,27.6952,32.1985,39.286100000000005,27.886566666666663,7.504658215698036,27.36142380952381,4.902095351449977,28.419395238095237,5.534805548617033,28.818218333333338,5.785673853868602,26.968828419191773,28.340556639684404,1,0.2666259709953354,0
2025-04-08,25.576666666666664,242.25972916666663,4.527916666666666,0.1120486111111111,2131.0,2827.0,7968.0,2025,4,8,1,98,15,2,0,1,24.001533333333334,24.21056666666667,22.9286,27.352333333333338,30.646233333333335,24.178,28.0926,23.71356666666666,0.6877886553612486,26.448590476190475,4.838365606303734,28.155561904761907,5.658631763617034,28.308732777777777,5.497909565804327,26.227004647727163,28.060619652177884,1,0.2676052556784881,0
2025-04-09,31.507866666666665,242.2968263888889,5.464583333333334,0.1228722222222222,2682.0,366.0,13482.0,2025,4,9,2,99,15,2,0,1,25.576666666666664,24.001533333333334,24.21056666666667,27.40556666666667,20.1834,19.858866666666664,30.6035,24.596255555555548,0.8554695749721193,26.19492380952381,4.829626675960757,27.793450000000004,5.649186331559264,28.224868333333333,5.5204627265003525,26.06442015246204,27.900364620854575,1,0.250980396184429,0
2025-04-10,30.7019,242.0344861111111,5.329166666666667,0.1151333333333333,2057.0,2822.0,13828.0,2025,4,10,3,100,15,2,0,1,31.507866666666665,25.576666666666664,24.001533333333334,22.721,28.56543333333333,24.398433333333333,40.0984,27.028688888888883,3.958223898183081,26.780966666666664,5.233057503948149,28.602340476190477,5.274005612794876,28.25501388888889,5.536345986363951,27.425281781013197,28.13310668832632,1,0.2569379351853095,0
2025-04-11,41.04076666666666,240.9692569444444,7.175277777777778,0.1761569444444444,3661.0,4286.0,18233.0,2025,4,11,4,101,15,2,0,1,30.7019,31.507866666666665,25.576666666666664,36.52053333333333,37.68293333333334,32.16703333333333,31.454333333333334,29.26214444444444,3.217056947710838,27.92109523809524,5.067880585807951,28.75494523809524,5.30368167277103,27.941797222222228,5.0911044672484405,28.2444363357599,28.298835289079463,1,0.1876413000903878,0
2025-04-12,35.68353333333334,240.4032986111111,6.332777777777778,0.1956041666666667,7498.0,1504.0,12470.0,2025,4,12,5,102,15,2,1,1,41.04076666666666,30.7019,31.507866666666665,22.9286,36.94416666666667,28.152833333333337,24.092,34.416844444444436,5.75062212038678,28.56684285714286,6.4466657366341575,28.99479047619047,5.791934625174566,28.261345,5.595080238254955,31.44351891848659,29.120895377956057,1,0.2305414646562932,0
2025-04-13,26.664066666666667,241.13211805555557,4.735138888888889,0.1388805555555555,1006.0,5648.0,6209.0,2025,4,13,6,103,15,2,1,1,35.68353333333334,41.04076666666666,30.7019,24.21056666666667,24.6242,21.6075,35.81713333333333,35.80873333333333,5.170570303919885,30.388976190476193,6.389748382448577,28.90474523809524,5.667300078198055,28.647729444444447,5.696548916130042,32.503522522198274,29.544291375077172,1,0.255825828791052,0
2025-04-14,25.025633333333335,241.4923263888889,4.435,0.1309583333333333,888.0,2341.0,9478.0,2025,4,14,0,104,16,2,0,1,26.664066666666667,35.68353333333334,41.04076666666666,24.001533333333334,30.391366666666663,27.6952,32.3677,34.46278888888888,7.265675362379036,30.73947619047619,6.052761922085545,29.050450000000005,5.574241079289923,28.342627222222223,5.542349066197366,31.04365855831537,29.358470426147463,1,0.2540974542796079,0
2025-04-15,20.2677,241.32070833333333,3.6109722222222222,0.1325597222222222,1880.0,463.0,5278.0,2025,4,15,1,105,16,2,0,1,25.025633333333335,26.664066666666667,35.68353333333334,25.576666666666664,27.352333333333338,30.646233333333335,22.302083333333332,29.12441111111111,5.7391357530103075,30.88577619047619,5.872447839028916,28.667183333333337,5.65877611050718,28.09789166666667,5.520543872518706,29.53915225206986,29.078932549191713,1,0.2303051625803346,1
2025-04-16,26.0754,240.47604166666667,4.6241666666666665,0.1243166666666666,2896.0,397.0,9809.0,2025,4,16,2,106,16,2,0,1,20.2677,25.025633333333335,26.664066666666667,31.507866666666665,27.40556666666667,20.1834,32.1985,23.98579999999999,3.3225467121537307,30.127352380952377,6.921516127984241,28.161138095238098,6.086049980061398,28.03007888888889,5.606025960175885,27.2212891890524,28.510465933114823,1,0.2515624307586702,0
2025-04-17,34.04683333333333,241.32772916666667,5.966944444444445,0.1188875,0.0,5224.0,7655.0,2025,4,17,3,107,16,2,0,1,26.0754,20.2677,25.025633333333335,30.7019,22.721,28.56543333333333,24.178,23.78957777777777,3.0948699204997143,29.351285714285716,7.044393221637827,28.06612619047619,6.1090921535481915,27.825975555555555,5.560307529319449,26.9348168917893,28.353364905171933,1,0.2358854559197153,0
2025-04-18,25.204433333333338,241.04625,4.428055555555555,0.1020541666666666,1028.0,2613.0,10699.0,2025,4,18,4,108,16,2,0,1,34.04683333333333,26.0754,20.2677,41.04076666666666,36.52053333333333,37.68293333333334,19.858866666666664,26.79664444444444,6.917822924585837,29.829133333333328,7.261387553710654,28.87511428571429,6.096714814164336,28.154936666666668,5.6285554533642435,28.71282100217531,28.72068544892428,1,0.2425092692761667,0
2025-04-19,21.441133333333333,242.6585347222222,3.7484722222222224,0.1066694444444444,2201.0,376.0,8088.0,2025,4,19,5,109,16,2,1,1,25.204433333333338,34.04683333333333,26.0754,35.68353333333334,22.9286,36.94416666666667,24.398433333333333,28.442222222222217,4.873232501502805,27.5668,5.419510410578511,28.066821428571423,5.745124041427354,28.333122222222222,5.4382636933858,27.835724084964816,28.493830473724863,1,0.2572032653637127,1
2025-04-20,24.775166666666667,241.90455555555556,4.333333333333333,0.1177097222222222,0.0,2644.0,10476.0,2025,4,20,6,110,16,2,1,1,21.441133333333333,25.204433333333338,34.04683333333333,26.664066666666667,24.21056666666667,24.6242,32.16703333333333,26.897466666666663,6.471142829773792,25.532171428571424,4.451422931362579,27.96057380952381,5.860061936943807,28.234545555555556,5.537934575089051,26.237076397056946,28.03881775498993,1,0.2635038941387532,0
2025-04-21,31.576633333333337,240.64846527777777,5.535277777777778,0.1268972222222222,1925.0,375.0,7380.0,2025,4,21,0,111,17,2,0,1,24.775166666666667,21.441133333333333,25.204433333333338,25.025633333333335,24.001533333333334,30.391366666666663,28.152833333333337,23.80691111111111,2.060035397304448,25.262328571428572,4.428565604681914,28.000902380952382,5.834154953939417,27.98815,5.521351597588588,25.871598964459377,27.828259620259395,1,0.2416366998237615,0
2025-04-22,24.936633333333337,241.27485416666664,4.372777777777778,0.1416027777777777,1024.0,1203.0,13265.0,2025,4,22,1,112,17,2,0,1,31.576633333333337,24.775166666666667,21.441133333333333,20.2677,25.576666666666664,27.352333333333338,21.6075,25.930977777777773,5.165657224005992,26.198185714285717,5.022562090829905,28.54198095238095,5.785777702686914,28.10227666666667,5.5601219461125435,27.29785755667787,28.0700901823932,1,0.2671447037292974,0
2025-04-23,19.024333333333335,241.49463888888891,3.402222222222222,0.1218430555555555,1068.0,395.0,5511.0,2025,4,23,2,113,17,2,0,1,24.936633333333337,31.576633333333337,24.775166666666667,26.0754,31.507866666666665,27.40556666666667,27.6952,27.096144444444445,3.881056993101644,26.865176190476188,4.371565304569379,28.49626428571429,5.813473009208692,28.21324777777778,5.458316848539929,26.707551500841735,27.867931676002243,1,0.2419455743470562,1
2025-04-24,19.9008,241.7900833333333,3.529861111111111,0.1255694444444444,0.0,383.0,9677.0,2025,4,24,3,114,17,2,0,1,19.024333333333335,24.936633333333337,31.576633333333337,34.04683333333333,30.7019,22.721,30.646233333333335,25.1792,6.27966462188329,25.857880952380953,5.298050957273932,27.604583333333338,6.2565073062332095,27.92421888888889,5.710441452714369,24.786746958964635,27.297376944217152,1,0.2526856765257483,1
2025-04-25,33.70473333333334,240.50833333333333,5.936111111111111,0.1636055555555555,2007.0,3901.0,13225.0,2025,4,25,4,115,17,2,0,1,19.9008,19.024333333333335,24.936633333333337,25.204433333333338,41.04076666666666,36.52053333333333,20.1834,21.287255555555557,3.190692256885176,23.837019047619044,4.247680861052583,26.83307619047619,6.506164349534306,27.566037777777776,5.86862547127722,23.565260219223475,26.820178431687015,1,0.2238078834024602,0
2025-04-26,29.693766666666665,241.8649236111111,5.242083333333333,0.1594569444444444,3053.0,3017.0,10561.0,2025,4,26,5,116,17,2,1,1,33.70473333333334,19.9008,19.024333333333335,21.441133333333333,35.68353333333334,22.9286,28.56543333333333,24.209955555555553,8.234388395107477,25.05134761904762,5.677977374971296,26.30907380952381,5.489916444294098,28.01674888888889,5.800916129006147,26.100128497750944,27.264343264051295,1,0.253161336707179,0
2025-04-27,22.52713333333333,241.0012291666667,4.004166666666666,0.1113944444444444,995.0,376.0,7021.0,2025,4,27,6,117,17,2,1,1,29.693766666666665,33.70473333333334,19.9008,24.775166666666667,26.664066666666667,24.21056666666667,37.68293333333334,27.766433333333335,7.100922771098887,26.23029523809524,5.660175901710577,25.881233333333338,4.90543155084251,28.05436,5.808249502674336,26.998538039979874,27.421080257768413,1,0.2594084089142404,1
2025-04-28,28.439766666666667,241.990125,5.059027777777778,0.1113652777777777,2068.0,371.0,11469.0,2025,4,28,0,118,18,2,0,1,22.52713333333333,29.693766666666665,33.70473333333334,31.576633333333337,25.025633333333335,24.001533333333334,36.94416666666667,28.641877777777776,5.662555793625845,25.90914761904762,5.818069637070114,25.585738095238096,4.978701389085933,27.549166666666665,5.597170798075923,25.88068686331824,27.105341746514537,1,0.2611869182203341,0
2025-04-29,27.744666666666667,242.18654166666667,4.858472222222222,0.0983444444444444,1043.0,2492.0,9372.0,2025,4,29,1,119,18,2,0,1,28.439766666666667,22.52713333333333,29.693766666666665,24.936633333333337,20.2677,25.576666666666664,24.6242,26.886888888888887,3.827365984348456,25.461023809523812,5.415680006744111,25.82960476190476,5.032481007710631,27.265686666666667,5.313086067924993,26.52045681415535,27.191433676846938,1,0.2650454595919731,0
2025-04-30,30.579366666666665,241.90433333333337,5.323888888888889,0.0958722222222222,1027.0,363.0,15305.0,2025,4,30,2,120,18,2,0,1,27.744666666666667,28.439766666666667,22.52713333333333,19.024333333333335,26.0754,31.507866666666665,30.391366666666663,26.23718888888889,3.231744911264021,25.86217142857143,5.474046995509433,26.36367380952381,4.787609868274651,27.36970222222222,5.290085118754862,26.82650927728318,27.227126127803043,1,0.2547882283411437,0
2025-05-01,25.213366666666666,241.27309027777775,4.424166666666666,0.1322652777777777,1067.0,1052.0,11709.0,2025,5,1,3,121,18,2,0,1,30.579366666666665,27.744666666666667,28.439766666666667,19.9008,34.04683333333333,30.7019,27.352333333333338,28.921266666666664,1.47741758145749,27.51289047619048,4.764677857818042,26.68538571428572,4.91634395149016,27.37596888888889,5.293898009922093,27.76472362462905,27.443399710955536,1,0.2672074404148357,0
2025-05-02,23.231833333333334,241.8829027777778,4.077500000000001,0.1247361111111111,1430.0,374.0,9760.0,2025,5,2,4,122,18,2,0,1,25.213366666666666,30.579366666666665,27.744666666666667,33.70473333333334,25.204433333333338,41.04076666666666,27.40556666666667,27.845799999999997,2.6844291689915964,28.271828571428575,3.6406251669807466,26.054423809523808,4.442955012121157,27.30467,5.308610805453739,27.126884385138453,27.299526611324,1,0.2441363458588537,0
2025-05-03,26.814633333333333,242.06633333333335,4.7619444444444445,0.1247902777777777,3207.0,2593.0,7226.0,2025,5,3,5,123,18,2,1,1,23.231833333333334,25.213366666666666,30.579366666666665,29.693766666666665,21.441133333333333,35.68353333333334,22.721,26.34152222222222,3.801461921321673,26.7757,3.155450379135049,25.913523809523813,4.50285921100044,27.165545555555557,5.360314780625475,26.15312162218717,27.0370947869375,1,0.2359561752757363,0
2025-05-04,27.798033333333333,241.43522916666663,4.841388888888889,0.1014277777777777,1007.0,411.0,11374.0,2025,5,4,6,124,18,2,1,1,26.814633333333333,23.231833333333334,25.213366666666666,22.52713333333333,24.775166666666667,26.664066666666667,36.52053333333333,25.086611111111107,1.7947602035223034,26.36439523809524,2.888004041267816,26.297345238095236,4.317512561285375,27.302,5.294977521375892,26.318499549973712,27.02274243509207,1,0.2283218815025415,0
2025-05-05,28.857899999999997,240.81849305555556,5.057222222222222,0.0985513888888888,1049.0,5539.0,10166.0,2025,5,5,0,125,19,2,0,1,27.798033333333333,26.814633333333333,23.231833333333334,28.439766666666667,31.576633333333337,25.025633333333335,22.9286,25.948166666666665,2.4032517498865382,27.11738095238095,2.359563198109219,26.51326428571429,4.311114740575249,27.01125,5.002742168669729,26.68838299581362,27.07276120272054,1,0.2045446493775589,0
2025-05-06,22.498366666666666,240.8967152777778,3.969722222222222,0.1016513888888889,1038.0,1797.0,9058.0,2025,5,6,1,126,19,2,0,1,28.857899999999997,27.798033333333333,26.814633333333333,27.744666666666667,24.936633333333337,20.2677,24.21056666666667,27.82352222222222,1.021871777851789,27.17711428571428,2.403502894916379,26.31906904761905,4.122600742218261,27.208893333333332,4.952761840327315,27.230762246860216,27.18793144770631,1,0.2099835823901578,1
2025-05-07,16.877466666666667,241.1735138888889,2.972777777777778,0.0937555555555555,0.0,374.0,7992.0,2025,5,7,2,127,19,2,0,1,22.498366666666666,28.857899999999997,27.798033333333333,30.579366666666665,19.024333333333335,26.0754,24.001533333333334,26.384766666666664,3.4071847701258013,26.427642857142853,2.952331525453867,26.144907142857143,4.2354535171690895,27.15182,4.998161811344419,26.04766335181183,26.88537888118762,1,0.197675664159576,1
2025-05-08,30.9526,240.8248125,5.417777777777778,0.1075569444444444,2226.0,848.0,15426.0,2025,5,8,3,128,19,2,0,1,16.877466666666667,22.498366666666666,28.857899999999997,25.213366666666666,19.9008,34.04683333333333,25.576666666666664,22.744577777777774,5.994010397641633,24.47022857142857,4.071165445223142,25.99155952380952,4.540937967834836,26.914351111111113,5.312358101697191,23.75511418052554,26.23970712541208,1,0.2360098962557446,0
2025-05-09,21.022533333333335,241.57422916666667,3.764444444444445,0.1270722222222222,2090.0,382.0,6605.0,2025,5,9,4,129,19,2,0,1,30.9526,16.877466666666667,22.498366666666666,23.231833333333334,33.70473333333334,25.204433333333338,31.507866666666665,23.44281111111111,7.084936560708101,25.290119047619047,4.764620846282954,26.780973809523807,4.357589765941334,27.09354888888889,5.356169528517156,25.55448563539416,26.543764730224204,1,0.2633028266192311,1
2025-05-10,32.7982,241.07,5.843888888888889,0.1424222222222222,4300.0,6670.0,8696.0,2025,5,10,5,130,19,2,1,1,21.022533333333335,30.9526,16.877466666666667,26.814633333333333,29.693766666666665,21.441133333333333,30.7019,22.950866666666663,7.232993617521732,24.97450476190476,4.991461575509364,25.87510238095238,4.119226958189117,26.744037777777773,5.4001095022650425,24.42149755987895,26.18755625300544,1,0.2374603107640766,0
2025-05-11,25.286266666666663,240.25132638888888,4.4309722222222225,0.1100277777777777,1035.0,457.0,11009.0,2025,5,11,6,131,19,2,1,1,32.7982,21.022533333333335,30.9526,27.798033333333333,22.52713333333333,24.775166666666667,41.04076666666666,28.257777777777775,6.333492833196217,25.829299999999996,5.8051348202034845,26.09684761904762,4.4136422246794815,26.813914444444443,5.466247596634618,26.515673169909213,26.61404939797283,1,0.2639374950451425,1
2025-05-12,27.099266666666665,240.3767777777778,4.768888888888889,0.1041819444444444,0.0,2713.0,11335.0,2025,5,12,0,132,20,2,0,1,25.286266666666663,32.7982,21.022533333333335,28.857899999999997,28.439766666666667,31.576633333333337,35.68353333333334,26.368999999999996,5.962031110657165,25.47047619047619,5.74043021418834,26.29392857142857,4.30217743358664,26.288764444444443,4.763991838019215,26.208321544098578,26.528385995953077,1,0.2624056825464985,0
2025-05-13,20.7733,240.63597916666663,3.707361111111112,0.1191430555555555,1419.0,553.0,7127.0,2025,5,13,1,133,20,2,0,1,27.099266666666665,25.286266666666663,32.7982,22.498366666666666,27.744666666666667,24.936633333333337,26.664066666666667,28.394577777777773,3.919905452563464,25.21924285714286,5.604339468949541,26.19817857142857,4.265506500292375,26.00262222222222,4.426066358888072,26.4310578247406,26.565217006966854,1,0.2575564849520766,1
2025-05-14,26.783066666666667,240.05952083333335,4.805694444444445,0.1054930555555555,0.0,4065.0,11499.0,2025,5,14,2,134,20,2,0,1,20.7733,27.099266666666665,25.286266666666663,16.877466666666667,30.579366666666665,19.024333333333335,25.025633333333335,24.386277777777774,3.2575985889971517,24.97280476190476,5.779126863130519,25.70022380952381,4.472955923443232,25.806263333333337,4.525267897341246,25.016618368555456,26.19154494200125,1,0.2607202694256791,0
2025-05-15,23.70376666666667,240.95720138888888,4.182777777777778,0.0976013888888888,1382.0,494.0,12195.0,2025,5,15,3,135,20,2,0,1,26.783066666666667,20.7733,27.099266666666665,30.9526,25.213366666666666,19.9008,20.2677,24.885211111111108,3.564527366883094,26.38789047619048,4.548170328772011,25.42905952380952,4.264634925892587,25.864844444444444,4.526189102272011,25.45823044308326,26.22970763391515,1,0.2617414588917021,1
2025-05-16,33.4563,239.98875694444445,5.885416666666667,0.1295152777777777,1705.0,4820.0,12265.0,2025,5,16,4,136,20,2,0,1,23.70376666666667,26.783066666666667,20.7733,21.022533333333335,23.231833333333334,33.70473333333334,26.0754,23.753377777777775,3.00519047544458,25.352342857142855,4.1427960671914255,25.32123095238095,4.289520124565797,25.97938,4.421943422497463,25.019614498979113,26.066743700544283,1,0.2306535900295767,0
2025-05-17,25.7294,240.30072916666663,4.605416666666667,0.1572638888888889,2555.0,1926.0,7168.0,2025,5,17,5,137,20,2,1,1,33.4563,23.70376666666667,26.783066666666667,32.7982,26.814633333333333,29.693766666666665,34.04683333333333,27.98104444444444,4.985412688181502,27.12859523809524,4.615515838649436,26.05155,4.7518937190940225,26.22541,4.627999923033295,27.128785874234335,26.5434892682511,1,0.2656629872844778,0
2025-05-18,20.1651,240.9586736111111,3.518194444444444,0.1073333333333333,763.0,374.0,8971.0,2025,5,18,6,138,20,2,1,1,25.7294,33.4563,23.70376666666667,25.286266666666663,27.798033333333333,22.52713333333333,25.204433333333338,27.62982222222222,5.146521162055109,26.118766666666662,3.883575922894663,25.974033333333335,4.747337567251462,25.948162222222223,4.386100649790538,26.778939405675754,26.490967379976837,1,0.2454639275831447,1
2025-05-19,26.955733333333335,240.9929375,4.701527777777778,0.1311694444444444,3253.0,792.0,10981.0,2025,5,19,0,139,21,2,0,1,20.1651,25.7294,33.4563,27.099266666666665,28.857899999999997,28.439766666666667,21.441133333333333,26.450266666666664,6.674858494629889,25.387171428571428,4.499989649511697,25.42882380952381,4.955486192322274,25.780184444444444,4.510304938019643,25.125479554256817,26.082846903849298,1,0.2611697192812576,0
2025-05-20,21.786033333333332,241.31970833333332,3.8394444444444447,0.1266541666666666,1061.0,1889.0,9470.0,2025,5,20,1,140,21,2,0,1,26.955733333333335,20.1651,25.7294,20.7733,22.498366666666666,27.744666666666667,24.775166666666667,24.283411111111107,3.6188863158485938,25.366666666666667,4.491206487908919,25.29295476190476,4.879733661003156,25.964004444444445,4.439181057035496,25.58304299902595,26.139162157364396,1,0.2618460141011375,1
2025-05-21,26.2525,241.01910416666664,4.608472222222222,0.1474972222222222,1553.0,1278.0,12563.0,2025,5,21,2,141,21,2,0,1,21.786033333333332,26.955733333333335,20.1651,26.783066666666667,16.877466666666667,30.579366666666665,31.576633333333337,22.968955555555553,3.5464988375599145,25.51134285714286,4.332070591047455,25.24207380952381,4.914702737046877,25.86436666666667,4.499914949379151,24.633790582602796,25.858315136459165,1,0.2608550541979858,0
2025-05-22,17.913433333333334,241.9665347222222,3.200972222222222,0.1647513888888888,982.0,1207.0,8078.0,2025,5,22,3,142,21,2,0,1,26.2525,21.786033333333332,26.955733333333335,23.70376666666667,30.9526,25.213366666666666,24.936633333333337,24.998088888888887,2.8038562640154217,25.435547619047615,4.310700478089039,25.911719047619048,4.285775227597776,25.686895555555555,4.369974272601201,25.0384679369521,25.883746417977928,1,0.2392296475863092,1
2025-05-23,25.509966666666667,240.56841666666668,4.4944444444444445,0.1342013888888888,480.0,1844.0,12579.0,2025,5,23,4,143,21,2,0,1,17.913433333333334,26.2525,21.786033333333332,33.4563,21.022533333333335,23.231833333333334,19.024333333333335,21.983988888888888,4.1730561965133095,24.60835714285714,5.168595249901039,24.98035,4.516636923390716,25.45278888888889,4.593936118367431,23.25720928604741,25.369532670581503,1,0.2647174512830136,1
2025-05-24,21.4631,242.01796527777776,3.770555555555556,0.1230555555555555,45.0,446.0,10256.0,2025,5,24,5,144,21,2,1,1,25.509966666666667,17.913433333333334,26.2525,25.7294,32.7982,26.814633333333333,19.9008,23.2253,4.615168962357732,23.473166666666664,3.5069565664385833,25.30088095238095,4.3710405207030085,25.668976666666666,4.430689743689747,23.82039863120222,25.37859292839345,1,0.2458290508099979,1
2025-05-25,22.568266666666663,238.4309027777778,4.001805555555555,0.1271958333333333,920.0,966.0,9930.0,2025,5,25,6,145,21,2,1,1,21.4631,25.509966666666667,17.913433333333334,20.1651,25.286266666666663,27.798033333333333,33.70473333333334,21.628833333333333,3.800977548531858,22.863695238095236,3.4191143431110267,24.491230952380953,3.8998939241868897,25.72105333333333,4.369311133432142,23.231073973401664,25.12598048140032,1,0.2456116704722971,1
2025-05-26,22.316216666666666,231.79023263888888,4.040208333333333,0.0880236111111111,1191.0,864.5,10100.0,2025,5,26,0,146,22,2,0,1,22.568266666666663,21.4631,25.509966666666667,26.955733333333335,27.099266666666665,28.857899999999997,29.693766666666665,23.180444444444444,2.091734609874584,23.207004761904763,3.2177085305483937,24.2970880952381,3.92484466748251,25.34983777777778,4.134390675214867,23.065372146717916,24.96096668690138,1,0.2407404096221311,1
2025-05-27,25.7382,231.14297222222223,4.673472222222222,0.0867375,1052.0,2355.0,11076.0,2025,5,27,1,147,22,2,0,1,22.316216666666666,22.568266666666663,21.4631,21.786033333333332,20.7733,22.498366666666666,22.52713333333333,22.115861111111105,0.5791848597452619,22.544216666666667,2.762469011573715,23.95544166666667,3.8699513866002135,25.103919444444443,4.086231150557372,22.8780832767051,24.790337653337847,1,0.2224416567591744,1
2025-05-28,19.662266666666667,233.70236111111112,3.512916666666667,0.0894347222222222,1502.0,421.0,9049.0,2025,5,28,2,148,22,2,0,1,25.7382,22.316216666666666,22.568266666666663,26.2525,26.783066666666667,16.877466666666667,28.439766666666667,23.540894444444444,1.907090999134692,23.108811904761904,2.977211316146338,24.310077380952382,3.782411515879085,25.210955,4.058367483547378,23.59311245752882,24.85149006279992,1,0.2289280328666982,1
2025-05-29,20.7141,241.55870138888892,3.633472222222222,0.1021875,1005.0,434.0,10112.0,2025,5,29,3,149,22,2,0,1,19.662266666666667,25.7382,22.316216666666666,17.913433333333334,23.70376666666667,30.9526,27.744666666666667,22.572227777777773,3.0460462462897655,22.16735,2.856984684861754,23.80144880952381,3.901192179499603,24.918371666666665,4.13327381117938,22.61040100981328,24.516701456597772,1,0.2249978035448179,1
2025-05-30,27.651766666666667,241.1634097222222,4.9030555555555555,0.1622833333333333,2787.0,1707.0,11557.0,2025,5,30,4,150,22,2,0,1,20.7141,19.662266666666667,25.7382,25.509966666666667,33.4563,21.022533333333335,30.579366666666665,22.03818888888889,3.247175696976666,22.56744523809524,2.304696802037754,23.587901190476195,3.987814614068115,24.684019444444445,4.166677943437607,22.13632575735996,24.271372330365654,1,0.1988975520438456,0
2025-05-31,15.948166666666667,241.45614583333332,2.8866666666666667,0.1393166666666666,1466.0,458.0,5720.0,2025,5,31,5,151,22,2,1,1,27.651766666666667,20.7141,19.662266666666667,21.4631,25.7294,32.7982,25.213366666666666,22.676044444444443,4.341076717222787,22.873416666666667,2.840373406251747,23.173291666666664,3.0816796480761917,24.586432777777777,4.056674608187422,23.515185984686635,24.48946228754637,1,0.2046232899130732,1
2025-06-01,24.054333333333332,241.334125,4.31125,0.1596361111111111,2789.0,461.0,11361.0,2025,6,1,6,152,22,2,1,2,15.948166666666667,27.651766666666667,20.7141,22.568266666666663,20.1651,25.286266666666663,23.231833333333334,21.43801111111111,5.885286629603639,22.08556904761905,3.8736609275120535,22.474632142857143,3.5332784136062316,24.27759277777778,4.349422428410298,21.62343115518164,23.938410957167033,1,0.2506960032356575,1
2025-06-02,18.1773,241.6302986111111,3.367777777777778,0.1553444444444444,0.0,506.0,7892.0,2025,6,2,0,153,23,2,0,2,24.054333333333332,15.948166666666667,27.651766666666667,22.316216666666666,26.955733333333335,27.099266666666665,26.814633333333333,22.551422222222214,5.994799379122278,22.297864285714287,3.944596405896002,22.75243452380952,3.4903582731790923,24.305009444444444,4.345193421025411,22.231156699719563,23.945889820145503,1,0.2409039435667521,1
2025-06-03,22.60963333333333,240.40592361111112,4.076666666666666,0.1395319444444444,940.0,1370.0,11577.0,2025,6,3,1,154,23,2,0,2,18.1773,24.054333333333332,15.948166666666667,25.7382,21.786033333333332,20.7733,27.798033333333333,19.393266666666666,4.1876503803178515,21.70659047619048,4.2404898504469415,22.12540357142857,3.465584610382328,24.017098333333333,4.457865179705018,21.217692524789673,23.573722734974822,1,0.2530568159445732,1
2025-06-04,17.261000000000003,240.0102013888889,3.083472222222222,0.1143486111111111,1906.0,455.0,6905.0,2025,6,4,2,155,23,2,0,2,22.60963333333333,18.1773,24.054333333333332,19.662266666666667,26.2525,26.783066666666667,28.857899999999997,21.613755555555553,3.0624678955836044,21.25965238095238,3.895592818664881,22.184232142857145,3.4663708808262905,23.84415166666667,4.406470432956335,21.565677726925585,23.51152341873989,1,0.239049723298625,1
2025-06-05,20.505999999999997,239.86320833333335,3.65,0.1089930555555555,0.0,456.0,12515.0,2025,6,5,3,156,23,2,0,2,17.261000000000003,22.60963333333333,18.1773,20.7141,17.913433333333334,23.70376666666667,22.498366666666666,19.34931111111111,2.860450518193855,20.91661428571428,4.156675639919476,21.54198214285714,3.4875280267385227,23.457588333333337,4.459819641532729,20.489508295194188,23.10826384333732,1,0.2491684390538645,1
2025-06-06,24.590833333333332,240.58184027777776,4.414305555555556,0.16215,1769.0,2732.0,10611.0,2025,6,6,4,157,23,2,0,2,20.505999999999997,17.261000000000003,22.60963333333333,27.651766666666667,25.509966666666667,33.4563,16.877466666666667,20.125544444444444,2.694536965032117,20.88688571428571,4.159108874767123,21.727165476190475,3.3459949076324143,23.39117611111111,4.489332934861313,20.49363122139564,22.94037585344459,1,0.2465704894767116,1
2025-06-07,20.1232,241.01856249999997,3.628888888888889,0.1520347222222222,2077.0,1641.0,6034.0,2025,6,7,5,158,23,2,1,2,24.590833333333332,20.505999999999997,17.261000000000003,15.948166666666667,21.4631,25.7294,30.9526,20.785944444444443,3.672926740705735,20.449609523809524,3.425547649414609,21.661513095238092,3.2743117943064455,23.64828833333333,4.321145927519324,21.51793174938006,23.046856981179342,1,0.2385481149095729,1
2025-06-08,19.64626666666667,240.0647291666667,3.5420833333333337,0.0898333333333333,1024.0,432.0,8551.0,2025,6,8,6,159,23,2,1,2,20.1232,24.590833333333332,20.505999999999997,24.054333333333332,22.568266666666663,20.1651,21.022533333333335,21.740011111111105,2.4762924841455716,21.046042857142854,2.821337936860031,21.56580595238095,3.300038832688194,23.287308333333332,4.138385674359556,21.169248812035043,22.858233950135514,1,0.2242904237334229,1
2025-06-09,22.214166666666664,240.9235138888889,3.957777777777778,0.1072194444444444,1000.0,414.0,10695.0,2025,6,9,0,160,24,2,0,2,19.64626666666667,20.1232,24.590833333333332,18.1773,22.316216666666666,26.955733333333335,32.7982,21.453433333333333,2.7275126802839744,20.416319047619048,2.513078582937353,21.357091666666665,3.3240750281626443,23.24143277777778,4.171850186264583,20.78850327569295,22.65101025442785,1,0.2075003029982148,1
2025-06-10,26.716600000000003,240.7160833333333,4.733888888888889,0.1105611111111111,1032.0,4745.0,9889.0,2025,6,10,1,161,24,2,0,2,22.214166666666664,19.64626666666667,20.1232,22.60963333333333,25.7382,21.786033333333332,25.286266666666663,20.66121111111111,1.3658768499604592,20.993014285714285,2.372916340930618,21.34980238095238,3.3219211914134315,22.888631666666665,3.7633216368343327,21.144919123436377,22.622826797152932,1,0.1947710107199308,1
2025-06-11,21.6775,241.17605555555556,3.8533333333333335,0.1110638888888888,0.0,472.0,10610.0,2025,6,11,2,162,24,2,0,2,26.716600000000003,22.214166666666664,19.64626666666667,17.261000000000003,19.662266666666667,26.2525,27.099266666666665,22.859011111111112,3.5790042790220618,21.57972380952381,3.2021027360335994,21.419688095238097,3.4298821695795496,22.936309444444444,3.803589934833619,22.53783934257728,22.886941197336615,1,0.2419691792657292,1
2025-06-12,18.3622,240.9373402777778,3.265972222222222,0.1060444444444444,1009.0,460.0,7137.0,2025,6,12,3,163,24,2,0,2,21.6775,26.716600000000003,22.214166666666664,20.505999999999997,20.7141,17.913433333333334,20.7733,23.536088888888884,2.7674430389265057,22.210652380952386,2.5849713214864933,21.563633333333335,3.3925375767120993,22.75558388888889,3.727003659080136,22.322754506932963,22.80891273299232,1,0.2119736888967968,1
2025-06-13,0.5937758015728978,242.1998423069167,1.6489655172413793,0.1069257511595079,0.0,64.44646098003629,152.28493647912885,2025,6,13,4,164,24,2,0,2,18.3622,21.6775,26.716600000000003,24.590833333333332,27.651766666666667,25.509966666666667,26.783066666666667,22.2521,4.206735517001147,21.90439523809524,2.925196640773623,21.395640476190476,3.4945387262992376,22.67521388888889,3.7965716133388696,21.33261588019972,22.5220280405412,1,0.077657799398244,1
2025-06-15,15.0103241984271,240.55885568648569,3.701811582247154,0.159313571670473,916.0,348.5535390199637,7148.715063520871,2025,6,15,6,166,24,2,1,2,0.5937758015728978,18.3622,21.6775,20.1232,15.948166666666667,21.4631,23.70376666666667,13.54449193385763,11.337486043068049,18.47624416212946,8.326670651730861,19.462926842969495,6.201963231492944,21.802237526719093,5.4641702721675856,16.147905860543016,21.10730208964002,1,0.1831800646729613,1
2025-06-16,25.14653333333333,240.83118055555556,4.484861111111111,0.1473527777777777,2983.0,1221.0,13691.0,2025,6,16,0,167,25,2,0,2,15.0103241984271,0.5937758015728978,18.3622,19.64626666666667,24.054333333333332,22.568266666666663,33.4563,11.322099999999995,9.440946611818504,17.745833333333334,8.382186495434942,19.395938095238098,6.247743157720851,21.512456111111113,5.588944202490357,15.863510445014036,20.7139486773037,1,0.1771968641390595,1
2025-06-17,16.466933333333333,241.29550694444447,2.958888888888889,0.1339305555555555,975.0,611.0,7193.0,2025,6,17,1,168,25,2,0,2,25.14653333333333,15.0103241984271,0.5937758015728978,22.214166666666664,18.1773,22.316216666666666,25.7294,13.583544444444442,12.338405527179496,18.53158571428571,8.835564202621336,19.47395238095238,6.316823212892929,21.23546388888889,5.166543536552712,18.18426616709386,20.999921880918514,1,0.1813198233746514,1
2025-06-18,19.428333333333335,241.2962222222222,3.4075,0.1152458333333333,0.0,461.0,11223.0,2025,6,18,2,169,25,2,0,2,16.466933333333333,25.14653333333333,15.0103241984271,26.716600000000003,22.60963333333333,25.7382,20.1651,18.874596955031254,5.480266142540276,17.710552380952382,8.702354906518915,19.351783333333337,6.360220266064974,20.926715,5.165487715847456,17.75493295865373,20.70747100688076,1,0.1816185276758006,1
2025-06-19,18.114433333333334,241.31758333333337,3.208472222222222,0.1140694444444444,969.0,475.0,7737.0,2025,6,19,3,170,25,2,0,2,19.428333333333335,16.466933333333333,25.14653333333333,21.6775,17.261000000000003,19.662266666666667,26.955733333333335,20.347266666666663,4.412164196098327,16.669371428571427,7.838360359674347,19.124547619047625,6.291328538487107,20.902156111111115,5.170982141670001,18.17328305232363,20.62494599568415,1,0.1839332583368424,1
2025-06-20,18.451666666666664,241.48458333333332,3.2494444444444444,0.1243444444444444,0.0,2657.0,9159.0,2025,6,20,4,171,25,2,0,2,18.114433333333334,19.428333333333335,16.466933333333333,18.3622,20.505999999999997,20.7141,21.786033333333332,18.00323333333333,1.4838283492366562,16.160361904761906,7.570034962733194,19.185507142857144,6.275998776667485,20.607446111111113,5.0649322239124155,18.158570622576057,20.462977436822808,1,0.185060516461185,1
2025-06-21,14.252366666666669,241.28675694444445,2.5322222222222224,0.1121708333333333,1039.0,412.0,6002.0,2025,6,21,5,172,25,2,1,2,18.451666666666664,18.114433333333334,19.428333333333335,0.5937758015728978,24.590833333333332,27.651766666666667,26.2525,18.66481111111111,0.6823900777023454,16.173142857142857,7.574446284130797,19.038769047619045,6.266758822917129,20.496300555555553,5.074752692085615,18.231844633598705,20.33321545165144,1,0.1664508683688477,1
2025-06-22,18.234966666666665,241.20229166666667,3.218055555555555,0.1125861111111111,0.0,449.0,11148.0,2025,6,22,6,173,25,2,1,2,14.252366666666669,18.451666666666664,18.114433333333334,15.0103241984271,20.1232,15.948166666666667,17.913433333333334,16.939488888888885,2.3332168690771917,18.124370123584825,3.6183584554250254,18.300307142857143,6.170582356338488,20.09629611111111,5.078328205044648,17.236975141865695,19.940902626813713,1,0.22888672956988,1
2025-06-23,17.32023333333333,241.2132638888889,3.0751388888888886,0.1138,1010.0,1261.0,8186.0,2025,6,23,0,174,26,2,0,2,18.234966666666665,14.252366666666669,18.451666666666664,25.14653333333333,19.64626666666667,24.054333333333332,25.509966666666667,16.979666666666663,2.364394994496103,18.58503333333333,3.3512331783318907,18.165433333333333,6.148269198593749,20.107013888888886,5.073899794647999,17.486473023065937,19.830842242288096,1,0.2293554677833004,1
2025-06-24,25.581233333333333,240.53718055555555,4.516111111111111,0.1349458333333333,3059.0,1239.0,14275.0,2025,6,24,1,175,26,2,0,2,17.32023333333333,18.234966666666665,14.252366666666669,16.466933333333333,22.214166666666664,18.1773,21.4631,16.60252222222222,2.0860507230787646,17.466990476190478,1.6921820661725724,17.999288095238093,6.136591512682197,19.834022777777776,4.992849498761812,17.444913100632785,19.668867473968433,1,0.1326611900389169,1
2025-06-25,12.856033333333333,241.17795138888889,2.313888888888889,0.1277541666666666,0.0,495.0,6224.0,2025,6,25,2,176,26,2,0,2,25.581233333333333,17.32023333333333,18.234966666666665,19.428333333333335,26.716600000000003,22.60963333333333,22.568266666666663,20.37881111111111,4.528584988876787,18.769033333333333,3.419417458021055,18.239792857142856,6.375805932588528,19.971293888888887,5.094754141937371,19.47899315880792,20.050310432637136,1,0.201515076703181,1
2025-06-26,21.2887,240.54077083333337,3.8409722222222222,0.1658791666666666,1826.0,538.0,9952.0,2025,6,26,3,177,26,2,0,2,12.856033333333333,25.581233333333333,17.32023333333333,18.114433333333334,21.6775,17.261000000000003,22.316216666666666,18.58583333333333,6.456313675774936,17.830133333333333,4.052008854739297,17.24975238095238,6.024742586396951,19.647552777777776,5.230802302775997,17.823253202439272,19.586163523004636,1,0.2237116397585046,1
2025-06-27,28.4842,241.81414583333333,5.028194444444445,0.1886277777777777,2663.0,2432.0,13468.0,2025,6,27,4,178,26,2,0,2,21.2887,12.856033333333333,25.581233333333333,18.451666666666664,18.3622,20.505999999999997,25.7382,19.90865555555555,6.473876023023618,18.2836,4.261339525834724,17.22198095238095,6.003621685029829,19.61330222222222,5.216068983001722,18.689614901829454,19.696004586036594,1,0.2026865653307126,1
2025-06-28,17.656566666666667,241.83843055555556,3.2090277777777776,0.1929333333333333,0.0,1421.0,6742.0,2025,6,28,5,179,26,2,1,2,28.4842,21.2887,12.856033333333333,14.252366666666669,0.5937758015728978,24.590833333333332,19.662266666666667,20.876311111111107,7.822240522192843,19.716819047619047,5.7532492763220136,17.944980952380952,6.718427161291226,19.70483555555556,5.3496406501609135,21.13826117637209,20.262984935324553,1,0.2319940084991319,1
2025-06-29,16.83556666666667,241.89382638888887,3.026388888888889,0.1639069444444444,1794.0,598.0,6462.0,2025,6,29,6,180,26,2,1,2,17.656566666666667,28.4842,21.2887,18.234966666666665,15.0103241984271,20.1232,20.7141,22.476488888888884,5.510675342796253,20.203133333333337,5.343659051796723,19.16375172845908,4.514997721530632,19.637978888888888,5.362708066550486,20.26783754894573,20.094828917991787,1,0.236125269520433,1
2025-06-30,19.8741,241.94360416666663,3.6422222222222222,0.1966319444444444,582.0,1034.0,8989.0,2025,6,30,0,181,27,2,0,2,16.83556666666667,17.656566666666667,28.4842,17.32023333333333,25.14653333333333,19.64626666666667,27.651766666666667,20.992111111111107,6.501311959078565,20.003219047619044,5.454588550726996,19.294126190476188,4.410993067678719,19.508694444444448,5.382585393382375,19.409769828375964,19.88455393403533,1,0.243384635002992,1
2025-07-01,20.3057,241.80929861111113,3.6469444444444448,0.1845430555555555,989.0,590.0,9747.0,2025,7,1,1,182,27,3,0,2,19.8741,16.83556666666667,17.656566666666667,25.581233333333333,16.466933333333333,22.214166666666664,15.948166666666667,18.122077777777776,1.5718449829320824,20.36805714285714,5.3291920757523625,18.917523809523807,4.0859917096535625,19.24943888888889,5.159530962061465,19.525852371281974,19.883879486678214,1,0.2485846751519028,1
2025-07-02,20.709633333333333,241.96674305555555,3.715,0.1918875,637.0,603.0,8032.0,2025,7,2,2,183,27,3,0,2,20.3057,19.8741,16.83556666666667,12.856033333333333,19.428333333333335,26.716600000000003,24.054333333333332,19.005122222222223,1.891242480878637,19.61440952380952,4.817546373518617,19.19172142857143,4.037405164796005,19.39469,5.124607252897082,19.72081427846148,19.911093713344137,1,0.2476287717353256,1
2025-07-03,14.402466666666667,241.92334722222225,2.6351388888888887,0.1708305555555555,856.0,642.0,7371.0,2025,7,3,3,184,27,3,0,2,20.709633333333333,20.3057,19.8741,21.2887,18.114433333333334,21.6775,18.1773,20.296477777777778,0.4178430025900682,20.736352380952383,3.7851705026350473,19.283242857142856,4.057653082491567,19.2832,5.05565673202464,19.96801904217944,19.962612398504728,1,0.2190907276301023,1
2025-07-04,20.6428,241.14746527777777,3.8441666666666663,0.2596541666666666,2084.0,2329.0,6791.0,2025,7,4,4,185,27,3,0,2,14.402466666666667,20.709633333333333,20.3057,28.4842,18.451666666666664,18.3622,22.60963333333333,18.472599999999996,3.530620278049766,19.75260476190476,4.4535341604094185,19.018102380952374,4.256314755757812,19.157372222222214,5.130550313096461,18.576630948301247,19.603893319031304,1,0.2499234098180104,1
2025-07-05,23.51226666666667,241.4445763888889,4.310277777777778,0.266075,3215.0,1438.0,8014.0,2025,7,5,5,186,27,3,1,2,20.6428,14.402466666666667,20.709633333333333,17.656566666666667,14.252366666666669,0.5937758015728978,17.261000000000003,18.584966666666663,3.622305393131501,18.632404761904763,2.407334452169058,19.174611904761907,4.2741320180591496,19.09181111111111,5.0973735294595475,19.093173211225935,19.670919556513155,1,0.1857440709253631,1
2025-07-06,15.904333333333334,241.76347222222225,2.9018055555555557,0.1881749999999999,429.0,755.0,7142.0,2025,7,6,6,187,27,3,1,2,23.51226666666667,20.6428,14.402466666666667,16.83556666666667,18.234966666666665,15.0103241984271,20.505999999999997,19.519177777777777,4.657682812697993,19.468933333333332,2.964621584995174,19.836033333333337,4.169013100007767,19.300186666666665,5.147477577435023,20.197946575086117,19.91874840232951,1,0.2172251588252374,1
2025-07-07,18.502266666666667,241.64100694444443,3.4037499999999996,0.1782208333333333,1292.0,3619.0,5704.0,2025,7,7,0,188,28,3,0,2,15.904333333333334,23.51226666666667,20.6428,19.8741,17.32023333333333,25.14653333333333,24.590833333333332,20.0198,3.842038410936278,19.3359,3.1193416756788093,19.66955952380952,4.2828421006990105,19.14679777777778,5.178773741238573,19.12454326464792,19.65975388174911,1,0.2334772519989154,1
2025-07-08,20.573333333333338,241.60375,3.6909722222222223,0.1536083333333333,0.0,3514.0,9308.0,2025,7,8,1,189,28,3,0,2,18.502266666666667,15.904333333333334,23.51226666666667,20.3057,25.581233333333333,16.466933333333333,20.1232,19.306288888888886,3.8671696628774943,19.13992380952381,3.122984511690951,19.753990476190474,4.244444448912544,18.94384555555556,5.076359799186854,18.96897411515261,19.585077287227666,1,0.227535386751654,1
2025-07-09,14.1042,242.591125,2.6118055555555557,0.135175,0.0,656.0,4783.0,2025,7,9,2,190,28,3,0,2,20.573333333333338,18.502266666666667,15.904333333333334,20.709633333333333,12.856033333333333,19.428333333333335,19.64626666666667,18.326644444444444,2.339449213747143,19.178157142857145,3.1412202985408837,19.396283333333336,3.913705844056969,18.95885,5.080629322358006,19.370063919697788,19.648835741815127,1,0.2097724777681705,1
2025-07-10,19.878766666666664,242.24482638888887,3.527083333333333,0.1514986111111111,988.0,2624.0,7494.0,2025,7,10,3,191,28,3,0,2,14.1042,20.573333333333338,18.502266666666667,14.402466666666667,21.2887,18.114433333333334,22.214166666666664,17.726599999999998,3.3035837516919093,18.23452380952381,3.5676814243731134,19.485438095238095,3.7646351399666647,18.774114444444443,5.154985210886211,18.05359793977334,19.29111730685931,1,0.228772901350853,1
2025-07-11,16.566133333333333,242.21479166666663,3.018194444444444,0.1732444444444444,981.0,683.0,7756.0,2025,7,11,4,192,28,3,0,2,19.878766666666664,14.1042,20.573333333333338,20.6428,28.4842,18.451666666666664,26.716600000000003,18.185433333333332,3.5514722094425637,19.01685238095238,3.1650358382997608,19.384728571428575,3.731396632065505,18.696267777777777,5.1187511857413375,18.50989012149667,19.329030168782364,1,0.2284696313170975,1
2025-07-12,8.557966666666665,242.3049375,1.6009722222222222,0.1329722222222222,0.0,589.0,4060.0,2025,7,12,5,193,28,3,1,2,16.566133333333333,19.878766666666664,14.1042,23.51226666666667,17.656566666666667,14.252366666666669,21.6775,16.849699999999995,2.897708161250197,18.43447142857143,3.190946994256662,18.533438095238093,2.7174865780456603,18.35791888888889,4.901175587418634,18.023950924455836,19.15077876004372,1,0.1617188631652206,1
2025-07-13,8.2791,242.5475138888889,1.5625,0.1364763888888888,0.0,594.0,3881.0,2025,7,13,6,194,28,3,1,2,8.557966666666665,16.566133333333333,19.878766666666664,15.904333333333334,16.83556666666667,18.234966666666665,18.3622,15.000955555555551,5.8204350582267494,16.298142857142857,4.100953137119914,17.883538095238094,3.8112130060182983,17.92060111111111,5.172560833342778,15.657454860008542,18.467371528212944,1,0.1561572097291335,1
2025-07-14,15.190499999999998,242.2053888888889,2.8152777777777778,0.1851208333333333,2303.0,618.0,6155.0,2025,7,14,0,195,29,3,0,2,8.2791,8.557966666666665,16.566133333333333,18.502266666666667,19.8741,17.32023333333333,0.5937758015728978,11.134399999999998,4.706085093554438,15.208823809523809,5.111271046883087,17.272361904761905,4.597214522973078,17.584497777777774,5.462349981340528,13.812866145006408,17.810063687683073,1,0.1940139976411887,1
2025-07-15,11.967899999999998,241.92689583333333,2.1675,0.1317305555555555,878.0,932.0,5820.0,2025,7,15,1,196,29,3,0,2,15.190499999999998,8.2791,8.557966666666665,20.573333333333338,20.3057,25.581233333333333,15.0103241984271,10.675855555555552,3.912282262216863,14.735714285714284,4.9047135805999025,16.937819047619048,4.563611936256208,18.07105525105868,4.453689671783675,14.157274608754806,17.641059578800295,1,0.1746488284483109,1
2025-07-16,9.992566666666669,242.11697916666668,1.876111111111111,0.1800875,0.0,1724.0,3902.0,2025,7,16,2,197,29,3,0,2,11.967899999999998,15.190499999999998,8.2791,14.1042,20.709633333333333,12.856033333333333,25.14653333333333,11.812499999999996,3.458319586157067,13.506366666666665,4.229681285120635,16.342261904761905,4.633797559124988,17.96964111111111,4.559178252078598,13.609930956566105,17.275049283393827,1,0.1598976021018895,1
2025-07-17,12.1968,241.59461805555551,2.1952777777777777,0.1243986111111111,0.0,626.0,6670.0,2025,7,17,3,198,29,3,0,2,9.992566666666669,11.967899999999998,15.190499999999998,19.878766666666664,14.402466666666667,21.2887,16.466933333333333,12.383655555555553,2.623788719756906,12.918990476190476,4.414286142057874,15.576757142857144,4.740802987007011,17.464508888888886,4.576055602950579,12.705589884091246,16.80521169521788,1,0.1700813005246351,1
2025-07-18,16.106833333333334,242.00627777777777,2.884861111111111,0.1516236111111111,0.0,663.0,5389.0,2025,7,18,4,199,29,3,0,2,12.1968,9.992566666666669,11.967899999999998,16.566133333333333,20.6428,28.4842,19.428333333333335,11.385755555555551,1.2119530777179948,11.821566666666667,3.177216659336615,15.419209523809524,4.818836622562333,17.32217111111111,4.673528019111255,12.578392413068435,16.507894811655436,1,0.1606110205214737,1
2025-07-19,20.060733333333335,242.04660416666667,3.525833333333334,0.1800347222222222,0.0,598.0,5058.0,2025,7,19,5,200,29,3,1,2,16.106833333333334,12.1968,9.992566666666669,8.557966666666665,23.51226666666667,17.656566666666667,18.114433333333334,12.7654,3.0965373706408736,11.75595238095238,3.0656890228997487,15.095211904761904,4.587547608428049,17.211454444444442,4.6612394437848135,13.46050264313466,16.48201987757014,1,0.1506375573654892,1
2025-07-20,11.041433333333334,241.84186111111111,2.0479166666666666,0.1512944444444444,914.0,784.0,4948.0,2025,7,20,6,201,29,3,1,2,20.060733333333335,16.106833333333334,12.1968,8.2791,15.904333333333334,16.83556666666667,18.451666666666664,16.121455555555553,3.9319870580678407,13.399204761904764,4.004810033707052,14.848673809523808,4.174569231704024,17.276331111111112,4.687710239048489,15.110560315684328,16.712904616651635,1,0.1661391520733526,1
2025-07-21,13.5627,242.522875,2.5005555555555556,0.1852083333333333,0.0,981.0,7795.0,2025,7,21,0,202,30,3,0,2,11.041433333333334,20.060733333333335,16.106833333333334,15.190499999999998,18.502266666666667,19.8741,14.252366666666669,15.736333333333334,4.521050299432436,13.79382380952381,3.523364027549667,14.501323809523807,4.280931801984084,17.02932333333333,4.817090059632955,14.09327857009658,16.347003243534324,1,0.1860851308350775,1
2025-07-22,12.325533333333334,242.07941666666665,2.2625,0.1656111111111111,0.0,681.0,3965.0,2025,7,22,1,203,30,3,0,2,13.5627,11.041433333333334,20.060733333333335,11.967899999999998,20.573333333333338,20.3057,18.234966666666665,14.888288888888887,4.653475319506622,13.561280952380956,3.469119604818452,14.14849761904762,4.126588874716885,17.006334444444445,4.832420957386004,13.960633927572434,16.16737077620953,1,0.1784461426019102,1
2025-07-23,17.166666666666668,241.94331944444448,3.0527777777777776,0.1520208333333333,926.0,622.0,9064.0,2025,7,23,2,204,30,3,0,2,12.325533333333334,13.5627,11.041433333333334,9.992566666666669,14.1042,20.709633333333333,17.32023333333333,12.309888888888889,1.2607061364926564,13.61237142857143,3.4442871216088693,13.559369047619048,3.7061200407328783,16.809353333333334,4.900572774870931,13.55185877901266,15.91951029602397,1,0.1959425552700406,1
2025-07-24,9.3623,241.7508263888889,1.756527777777778,0.1448166666666666,0.0,630.0,4128.0,2025,7,24,3,205,30,3,0,2,17.166666666666668,12.325533333333334,13.5627,12.1968,19.878766666666664,14.402466666666667,25.581233333333333,14.351633333333334,2.5151450934506823,14.637242857142857,3.2495174171459453,13.778116666666666,3.829089898759356,16.804234444444447,4.90010091551766,14.455560750926164,15.999971997355756,1,0.1588921888376157,1
2025-07-25,8.944799999999999,242.0970694444445,1.6822222222222225,0.1357361111111111,0.0,577.0,3716.0,2025,7,25,4,206,30,3,0,2,9.3623,17.166666666666668,12.325533333333334,16.106833333333334,16.566133333333333,20.6428,12.856033333333333,12.9515,3.939658674019301,14.232314285714288,3.7433868674734754,13.026940476190475,3.5624847630370864,16.263603333333336,4.791864151391242,13.182245563194623,15.571735094300548,1,0.1607075107737813,1
2025-07-26,9.050266666666666,242.65740277777775,1.7173611111111111,0.1665263888888888,0.0,1019.0,3799.0,2025,7,26,5,207,30,3,1,2,8.944799999999999,9.3623,17.166666666666668,20.060733333333335,8.557966666666665,23.51226666666667,21.2887,11.824588888888888,4.631082249363312,13.20916666666667,4.1067797552064755,12.482559523809524,3.5623668236183637,16.13322888888889,4.938729151660764,12.122884172395969,15.144190894668254,1,0.1590501044806689,1
2025-07-27,11.4761,242.52809027777775,2.182083333333334,0.2235763888888889,0.0,2062.0,5202.0,2025,7,27,6,208,30,3,1,2,9.050266666666666,8.944799999999999,9.3623,11.041433333333334,8.2791,15.904333333333334,28.4842,9.119122222222222,0.217099926636004,11.636242857142856,3.0063182908361203,12.517723809523812,3.5228576665413396,15.725281111111112,5.00323051896976,11.354729795963642,14.7510344928617,1,0.135813685270476,1
2025-07-28,15.0475,242.22140972222223,2.7680555555555557,0.1755319444444444,0.0,4899.0,4353.0,2025,7,28,0,209,31,3,0,2,11.4761,9.050266666666666,8.944799999999999,13.5627,15.190499999999998,18.502266666666667,17.656566666666667,9.82372222222222,1.4319724315824405,11.698338095238096,2.9964577595836825,12.746080952380952,3.325031294004362,15.158344444444444,4.43947871487107,11.385072346972732,14.539748396548042,1,0.1515543116026357,1
2025-07-29,15.033333333333331,241.5004722222222,2.711388888888889,0.1287972222222222,869.0,749.0,7549.0,2025,7,29,1,210,31,3,0,2,15.0475,11.4761,9.050266666666666,12.325533333333334,11.967899999999998,20.573333333333338,16.83556666666667,11.857955555555554,3.016796672397759,11.91045238095238,3.196316825419746,12.735866666666666,3.317154884824923,15.071375555555557,4.414335702451602,12.30067926022955,14.572506564512686,1,0.1637681728024829,1
2025-07-30,13.205433333333334,242.4390138888889,2.4106944444444447,0.1376430555555555,0.0,2304.0,4040.0,2025,7,30,2,211,31,3,0,2,15.033333333333331,15.0475,11.4761,17.166666666666668,9.992566666666669,14.1042,19.8741,13.852311111111112,2.0578713776703603,12.297280952380952,3.4115315800670474,12.954826190476192,3.3634127511448435,15.011301111111113,4.401744324665864,12.983842778505496,14.602237323791435,1,0.1640434074451159,1
2025-07-31,16.263833333333334,241.8710625,3.002222222222222,0.1585041666666666,865.0,3423.0,6302.0,2025,7,31,3,212,31,3,0,2,13.205433333333334,15.033333333333331,15.0475,9.3623,12.1968,19.878766666666664,20.3057,14.428755555555554,1.0594518007658948,11.731390476190477,2.729575230263434,13.184316666666666,3.2535612382281487,14.789012222222222,4.315238494969167,13.039240417212456,14.51212093731027,1,0.1440354024263795,1
2025-08-01,11.782766666666667,241.50300694444445,2.207361111111111,0.1685152777777777,0.0,844.0,6248.0,2025,8,1,4,213,31,3,0,2,16.263833333333334,13.205433333333334,15.033333333333331,8.944799999999999,16.106833333333334,16.566133333333333,20.709633333333333,14.8342,1.538893499671546,12.717323809523808,2.967307489696441,13.474819047619048,3.3390503068099098,14.654283333333332,4.198579036525983,13.845388646242675,14.6251346402795,1,0.1554364899033858,1
2025-08-02,8.162066666666666,240.94159722222224,1.5684722222222225,0.1427027777777777,0.0,637.0,3539.0,2025,8,2,5,214,31,3,1,2,11.782766666666667,16.263833333333334,13.205433333333334,9.050266666666666,20.060733333333335,8.557966666666665,14.402466666666667,13.750677777777776,2.289750695146479,13.122747619047615,2.5271975365673223,13.165957142857144,3.276258923751468,14.356721111111112,4.068957156554206,13.329733151348671,14.441756061336736,1,0.1221663062969159,1
2025-08-03,8.3383,241.9200694444445,1.5655555555555556,0.1370138888888889,0.0,605.0,3811.0,2025,8,3,6,215,31,3,1,2,8.162066666666666,11.782766666666667,16.263833333333334,11.4761,11.041433333333334,8.2791,20.6428,12.069555555555556,4.058490073952134,12.995861904761906,2.7758157613385315,12.316052380952382,2.867974233893905,14.148707777777778,4.2231281204863125,12.037816530178173,14.0366148100677,1,0.1291907467366239,1
2025-08-04,8.481533333333333,242.27648611111113,1.6094444444444445,0.136375,0.0,607.0,3871.0,2025,8,4,0,216,32,3,0,2,8.3383,8.162066666666666,11.782766666666667,15.0475,13.5627,15.190499999999998,23.51226666666667,9.42771111111111,2.041440557365442,12.547604761904765,3.2712786550022166,12.122971428571429,3.045861346039118,13.738557777777778,4.167817739651084,11.112937397633628,13.668981596514945,1,0.1411288107023617,1
2025-08-05,8.644200000000001,242.3075763888889,1.6444444444444444,0.1443708333333333,0.0,620.0,4042.0,2025,8,5,1,217,32,3,0,2,8.481533333333333,8.3383,8.162066666666666,15.033333333333331,12.325533333333334,11.967899999999998,15.904333333333334,8.3273,0.1600171483775805,11.609609523809524,3.37471478859093,11.760030952380951,3.161640511400798,13.237533333333335,3.8431784275983905,10.455086381558552,13.334307515019358,1,0.1316150468473406,1
2025-08-06,8.877866666666668,241.22875,1.677361111111111,0.1491569444444444,0.0,659.0,4193.0,2025,8,6,2,218,32,3,0,2,8.644200000000001,8.481533333333333,8.3383,13.205433333333334,17.166666666666668,9.992566666666669,18.502266666666667,8.48801111111111,0.1530528461049978,10.69687619047619,3.150989087613617,11.49707857142857,3.2624697301180214,12.995528888888888,3.8976584336715425,10.002364786168917,13.031719933405206,1,0.122664351247581,1
2025-08-07,8.988266666666668,241.3577986111111,1.6958333333333333,0.1536736111111111,0.0,668.0,4232.0,2025,8,7,3,219,32,3,0,2,8.877866666666668,8.644200000000001,8.481533333333333,16.263833333333334,9.3623,12.1968,20.573333333333338,8.667866666666667,0.1992237714437502,10.07865238095238,2.9975802835969536,10.905021428571429,2.8846651879556338,12.674715555555556,3.82416924527782,9.721240256293353,12.763729400067236,1,0.1140654122348341,1
2025-08-08,8.774533333333332,241.72709722222223,1.6597222222222223,0.1486583333333333,0.0,646.0,4093.0,2025,8,8,4,220,32,3,0,2,8.988266666666668,8.877866666666668,8.644200000000001,11.782766666666667,8.944799999999999,16.106833333333334,14.1042,8.836777777777778,0.175674956574788,9.039285714285716,1.243879780996528,10.87830476190476,2.901733947050688,12.288546666666669,3.5759338899231436,9.53799685888668,12.520151159202683,1,0.0639016545607602,1
2025-08-09,16.637233333333334,242.04941666666664,3.057222222222222,0.1974486111111111,1984.0,2380.0,5154.0,2025,8,9,5,221,32,3,1,2,8.774533333333332,8.988266666666668,8.877866666666668,8.162066666666666,9.050266666666666,20.060733333333335,19.878766666666664,8.880222222222221,0.1068861353175209,8.609538095238095,0.2983416475660476,10.866142857142858,2.9108037680000627,12.11089111111111,3.6148002289215726,9.347130977498344,12.27849839624337,1,0.023783799585295,1
2025-08-10,17.822633333333332,241.0285,3.277083333333333,0.2071166666666666,0.0,3719.0,6012.0,2025,8,10,6,222,32,3,1,2,16.637233333333334,8.774533333333332,8.988266666666668,8.3383,11.4761,11.041433333333334,16.566133333333333,11.466677777777775,4.47910750588293,9.820276190476193,3.014313062749113,11.408069047619048,3.234936980574431,12.00284,3.417673498575207,11.16965656645709,12.559707101862076,1,0.1258903773588731,1
2025-08-11,15.849233333333332,241.84149305555556,2.94875,0.2135069444444444,857.0,1467.0,6577.0,2025,8,11,0,223,33,3,0,2,17.822633333333332,16.637233333333334,8.774533333333332,8.481533333333333,15.0475,13.5627,8.557966666666665,14.411466666666664,4.9175762671595935,11.175180952380954,4.1534643663941155,11.861392857142858,3.661731374688189,12.044723333333334,3.482607000764132,12.832900758176152,12.899250729698933,1,0.1554183715229129,1
2025-08-12,13.7406,241.80827777777776,2.5543055555555556,0.1892722222222222,912.0,689.0,4991.0,2025,8,12,1,224,33,3,0,2,15.849233333333332,17.822633333333332,16.637233333333334,8.644200000000001,15.033333333333331,12.325533333333334,8.2791,16.769699999999997,0.9933465927517922,12.227709523809525,4.2884323255708585,11.918659523809524,3.7211792684899088,12.287765555555556,3.4853028007049116,13.586983901965446,13.089572187997923,1,0.1663909062534559,1
2025-08-13,10.600033333333332,241.1511210762332,4.121674140508222,0.1907713004484305,1215.0,3702.0,1769.0,2025,8,13,2,225,33,3,0,2,13.7406,15.849233333333332,17.822633333333332,8.877866666666668,13.205433333333334,17.166666666666668,15.190499999999998,15.804155555555552,2.0413899769878068,12.955766666666667,4.001681678346085,11.826321428571427,3.6533670723836833,12.469815555555556,3.410530321170669,13.625387926474083,13.13157398232064,1,0.1605264323625595,1
2025-08-14,12.477933333333334,241.1795763888889,2.2831944444444447,0.1675888888888889,429.0,850.0,4647.0,2025,8,14,3,226,33,3,0,2,10.600033333333332,13.7406,15.849233333333332,8.988266666666668,16.263833333333334,9.3623,11.967899999999998,13.39662222222222,2.641451436937942,13.201790476190476,3.754491857599245,11.640221428571428,3.6440589210297256,12.3168,3.3871529290691367,12.869049278188896,12.968248779160168,1,0.179471820127309,1
2025-08-15,25.234366666666663,240.8963472222222,4.605833333333333,0.2671958333333333,3437.0,1852.0,8922.0,2025,8,15,4,227,33,3,0,2,12.477933333333334,10.600033333333332,13.7406,8.774533333333332,11.782766666666667,8.944799999999999,9.992566666666669,12.272855555555555,1.580295041486182,13.700314285714288,3.306754677975599,11.3698,3.4073375141830433,12.333801111111113,3.386621272157639,12.771270291975004,12.936615524590694,1,0.1629702515921426,1
2025-08-16,20.2952,240.52084722222224,3.794444444444444,0.2840638888888889,1604.0,1094.0,5691.0,2025,8,16,5,228,33,3,1,2,25.234366666666663,12.477933333333334,10.600033333333332,16.637233333333334,8.162066666666666,9.050266666666666,12.1968,16.10411111111111,7.9625876437759215,16.05171904761905,4.755261557079676,12.330628571428573,5.0387752017384315,12.841861111111111,4.092913849532791,15.887044385647922,13.730018824079467,1,0.2154473437259237,1
2025-08-17,13.098466666666669,241.22044444444444,2.4170833333333333,0.1746263888888888,1.0,813.0,6261.0,2025,8,17,6,229,33,3,1,2,20.2952,25.234366666666663,12.477933333333334,17.822633333333332,8.3383,11.4761,16.106833333333334,19.33583333333333,6.432102000728561,16.574285714285715,5.02374108648303,13.197280952380954,5.303138422980088,13.11180777777778,4.3101979724171775,16.989083289235943,14.153578899945307,1,0.1937679043447503,1
2025-08-18,18.009966666666667,240.8264861111111,3.2581944444444444,0.1713361111111111,2306.0,1440.0,6324.0,2025,8,18,0,230,34,3,0,2,13.098466666666669,20.2952,25.234366666666663,15.849233333333332,8.481533333333333,15.0475,20.060733333333335,19.54267777777778,6.102846423899451,15.899404761904762,5.143969660335434,13.53729285714286,5.116971443260636,13.011528888888892,4.272949052374904,16.016429133593622,14.08550714295959,1,0.2098151193867671,1
2025-08-19,14.679033333333331,241.54156944444443,2.7259722222222225,0.1826347222222222,896.0,812.0,6044.0,2025,8,19,1,231,34,3,0,2,18.009966666666667,13.098466666666669,20.2952,13.7406,8.644200000000001,15.033333333333331,11.041433333333334,17.134544444444444,3.677365322910749,16.208080952380953,5.204926042483345,14.217895238095238,5.025651048488669,12.94317,4.171486228612436,16.51481351686188,14.33869807997295,1,0.2002761864757237,1
2025-08-20,12.9287,241.08561805555553,2.4233333333333333,0.1811736111111111,0.0,883.0,6138.0,2025,8,20,2,232,34,3,0,2,14.679033333333331,18.009966666666667,13.098466666666669,10.600033333333332,8.877866666666668,13.205433333333334,13.5627,15.262488888888887,2.5071943186517434,16.342142857142857,5.142490428724228,14.648954761904765,4.762743128040452,13.064423333333334,4.167167115749461,16.055868470979743,14.360655193092974,1,0.1879167620934179,1
2025-08-21,19.362433333333335,240.61175694444444,3.5033333333333334,0.1821958333333333,3043.0,887.0,7527.0,2025,8,21,3,233,34,3,0,2,12.9287,14.679033333333331,18.009966666666667,12.477933333333334,8.988266666666668,16.263833333333334,12.325533333333334,15.2059,2.5812805151273026,16.674809523809525,4.771029718256146,14.9383,4.5010265209991855,13.04329,4.166160532938674,15.274076353234806,14.268270987086977,1,0.2196976213847543,1
2025-08-22,25.8123,241.1232361111111,4.760694444444444,0.2901625,4544.0,3203.0,8549.0,2025,8,22,4,234,34,3,0,2,19.362433333333335,12.9287,14.679033333333331,25.234366666666663,8.774533333333332,11.782766666666667,17.166666666666668,15.65672222222222,3.3264301922183583,17.658309523809525,4.461221687464735,15.679311904761905,4.295371343640126,13.277853333333333,4.3196252755526015,16.29616559825944,14.596926622328676,1,0.2137922096135181,1
2025-08-23,17.778466666666667,241.55547222222225,3.330416666666667,0.2582138888888888,949.0,819.0,6994.0,2025,8,23,5,235,34,3,1,2,25.8123,19.362433333333335,12.9287,20.2952,16.637233333333334,8.162066666666666,9.3623,19.367811111111113,6.441801683564079,17.74087142857143,4.627061653025189,16.896295238095238,4.591962855687365,13.56604111111111,4.844526350837398,18.67519919869458,15.32049909830747,1,0.2253438927791968,1
2025-08-24,20.8709,241.06553472222225,3.7718055555555554,0.1979888888888888,2279.0,737.0,8247.0,2025,8,24,6,236,34,3,1,2,17.778466666666667,25.8123,19.362433333333335,13.098466666666669,17.822633333333332,8.3383,8.944799999999999,20.9844,4.255431988385738,17.381338095238096,4.491290955320149,16.977811904761904,4.597136910879578,13.84658,4.836376739558247,18.4510160656876,15.479077651104838,1,0.2267196570509398,1
2025-08-25,15.726833333333332,241.50986111111112,2.889166666666666,0.1922402777777778,1140.0,755.0,6291.0,2025,8,25,0,237,35,3,0,2,20.8709,17.778466666666667,25.8123,18.009966666666667,15.849233333333332,8.481533333333333,9.050266666666666,21.487222222222226,4.0522227626510166,18.491685714285715,4.207812544138653,17.19554523809524,4.7110049843606125,14.244116666666669,4.90916883650811,19.0559870492657,15.826937157485172,1,0.2283508723416901,1
2025-08-26,18.942433333333337,241.77745833333333,3.4327777777777775,0.1869541666666666,2131.0,1516.0,7860.0,2025,8,26,1,238,35,3,0,2,15.726833333333332,20.8709,17.778466666666667,14.679033333333331,13.7406,8.644200000000001,11.4761,18.125399999999996,2.5895226434826877,18.165523809523812,4.337852824659856,17.186802380952383,4.713808457837042,14.466668888888888,4.816046122751272,18.223698620282608,15.82047884624957,1,0.2326874568848278,1
2025-08-27,12.4911,241.638125,2.317638888888889,0.1744486111111111,0.0,664.0,4283.0,2025,8,27,2,239,35,3,0,2,18.942433333333337,15.726833333333332,20.8709,12.9287,10.600033333333332,8.877866666666668,15.0475,18.513388888888887,2.5987333105299135,18.77458095238095,4.05695125916041,17.558361904761906,4.625456408062253,14.715546666666668,4.848979516075858,18.40338229854529,16.0218952647711,1,0.2005518576047302,1
2025-08-28,18.647366666666667,240.8744375,3.3722222222222222,0.1714513888888889,1778.0,1125.0,7485.0,2025,8,28,3,240,35,3,0,2,12.4911,18.942433333333337,15.726833333333332,19.362433333333335,12.477933333333334,8.988266666666668,15.033333333333331,15.72012222222222,3.2256719026742067,18.712066666666665,4.16400395519574,17.693438095238097,4.430110081977614,14.630333333333333,4.8653794502919565,16.925311723908965,15.79410202188264,1,0.237948841026075,1
2025-08-29,23.140233333333335,240.97532638888887,4.183472222222222,0.2191111111111111,905.0,1483.0,11707.0,2025,8,29,4,241,35,3,0,2,18.647366666666667,12.4911,18.942433333333337,25.8123,25.234366666666663,8.774533333333332,13.205433333333334,16.69363333333333,3.642489656509136,18.60991428571429,4.154149274313248,18.134111904761905,4.170649843370184,14.750801111111112,4.9201358682564456,17.35582545959839,15.978183611868706,1,0.2253563800133127,1
2025-08-30,27.8057,241.08125694444445,4.980277777777778,0.204225,2653.0,1363.0,10648.0,2025,8,30,5,242,35,3,1,2,23.140233333333335,18.647366666666667,12.4911,17.778466666666667,20.2952,16.637233333333334,16.263833333333334,18.092899999999997,5.346174814866193,18.228190476190473,3.4441055052614837,17.984530952380954,3.926836200804046,15.081961111111111,5.141879352437509,18.801927428032126,16.440251335834166,1,0.2012482813051561,1
2025-08-31,21.092033333333333,238.7429027777778,3.822361111111111,0.1523041666666666,960.0,678.0,9974.0,2025,8,31,6,243,35,3,1,2,27.8057,23.140233333333335,18.647366666666667,20.8709,13.098466666666669,17.822633333333332,11.782766666666667,23.197766666666663,4.579437730163345,19.66065238095238,4.9721555319245425,18.520995238095235,4.703089067670268,15.466690000000002,5.640937176967309,21.052870571024098,17.173506088360995,1,0.2489306673399416,1
2025-09-01,16.342266666666667,241.22110416666663,2.9940277777777777,0.1507444444444444,0.0,697.0,6073.0,2025,9,1,0,244,36,3,0,3,21.092033333333333,27.8057,23.140233333333335,15.726833333333332,18.009966666666667,15.849233333333332,8.162066666666666,24.01265555555555,3.4408095599941926,19.692242857142855,4.9818194505289926,19.091964285714287,4.473769274269515,15.776998888888889,5.687158684253629,21.0626612616014,17.42631429771405,1,0.2361784482594772,1
2025-09-02,20.380233333333333,241.81777083333336,3.638194444444444,0.1443458333333333,947.0,659.0,9921.0,2025,9,2,1,245,36,3,0,3,16.342266666666667,21.092033333333333,27.8057,18.942433333333337,14.679033333333331,13.7406,8.3383,21.746666666666663,5.759686150110676,19.780161904761908,4.905012906858868,18.972842857142854,4.526685058918917,16.04967222222222,5.502573866733155,19.88256261286772,17.356375740872284,1,0.2503578318060928,1
2025-09-03,20.853133333333336,241.33006944444443,3.762083333333333,0.1482208333333333,3319.0,3099.0,5011.0,2025,9,3,2,246,36,3,0,3,20.380233333333333,16.342266666666667,21.092033333333333,12.4911,12.9287,10.600033333333332,8.481533333333333,19.27151111111111,2.561643919728127,19.985561904761905,4.894178210532603,19.38007142857143,4.364222243588301,16.45107,5.357965865673811,20.00698029298412,17.551463327482676,1,0.2507494429303469,1
2025-09-04,17.07313333333333,242.012875,3.05625,0.1257388888888888,0.0,636.0,8095.0,2025,9,4,3,247,36,3,0,3,20.853133333333336,20.380233333333333,16.342266666666667,18.647366666666667,19.362433333333335,12.477933333333334,8.644200000000001,19.191877777777776,2.479137191831973,21.180138095238096,3.612813242624358,19.94610238095238,3.958126099049783,16.863456666666668,5.1971109757648435,20.218518553071423,17.764474295602074,1,0.237510652374417,1
2025-09-05,25.2311,240.86027777777775,4.530833333333333,0.1875472222222222,2988.0,2248.0,10433.0,2025,9,5,4,248,36,3,0,3,17.07313333333333,20.853133333333336,20.380233333333333,23.140233333333335,25.8123,25.234366666666663,8.877866666666668,19.4355,2.0594879954328382,20.95524761904762,3.838685627430387,19.78258095238095,4.030717065359349,17.14442111111111,4.959868136173992,19.432172248136897,17.71987165287506,1,0.2418907143013257,1
2025-09-06,20.47716666666667,241.86031944444443,3.665138888888889,0.1531472222222222,995.0,588.0,9031.0,2025,9,6,5,249,36,3,1,3,25.2311,17.07313333333333,20.853133333333336,27.8057,17.778466666666667,20.2952,8.988266666666668,21.052455555555554,4.082634204139981,21.253942857142857,4.108877851122739,19.741066666666665,3.966315483678859,17.68952888888889,4.918482539697659,20.881904186102673,18.20446703010893,1,0.2461626367381731,1
2025-09-07,20.357633333333336,241.71161805555553,3.6395833333333334,0.139925,2196.0,577.0,8299.0,2025,9,7,6,250,36,3,1,3,20.47716666666667,25.2311,17.07313333333333,21.092033333333333,20.8709,13.098466666666669,8.774533333333332,20.92713333333333,4.09755506789638,20.207009523809525,2.9241134534727244,19.933830952380955,3.928998621503185,18.072492222222227,4.657999337387247,20.78071980624367,18.351092813112658,1,0.2255056582140713,1
2025-09-08,18.104233333333333,241.35160416666668,3.2243055555555555,0.1390305555555555,1002.0,577.0,8533.0,2025,9,8,0,251,37,3,0,3,20.357633333333336,20.47716666666667,25.2311,16.342266666666667,15.726833333333332,18.009966666666667,16.637233333333334,22.021966666666668,2.7798335593658816,20.10209523809524,2.900143912228721,19.89716904761905,3.921970510475428,18.45859555555556,4.32916864625495,20.674948188016085,18.48054704022367,1,0.227283872071552,1
2025-09-09,25.355733333333333,241.30850694444445,4.49125,0.1552583333333333,964.0,3832.0,10671.0,2025,9,9,1,252,37,3,0,3,18.104233333333333,20.357633333333336,20.47716666666667,20.380233333333333,18.942433333333337,14.679033333333331,17.822633333333332,19.646344444444445,1.3368440685818064,20.35380476190476,2.5780045831080747,20.066983333333333,3.7762749953682215,18.50749555555556,4.3161517414594135,20.03226947434539,18.456268736553326,1,0.2030318937878096,1
2025-09-10,18.539233333333335,241.2289513888889,3.3091666666666666,0.14055,928.0,600.0,6508.0,2025,9,10,2,253,37,3,0,3,25.355733333333333,18.104233333333333,20.357633333333336,20.853133333333336,12.4911,12.9287,15.849233333333332,21.27253333333333,3.711313052007186,21.06459047619048,3.197882696045808,20.52507619047619,4.011058404994941,18.75859888888889,4.490540047704167,21.363135439092375,18.90139548473268,1,0.2379096922980802,1
2025-09-11,20.235766666666667,241.1499930555555,3.565555555555555,0.1273458333333333,0.0,631.0,11693.0,2025,9,11,3,254,37,3,0,3,18.539233333333335,25.355733333333333,18.104233333333333,17.07313333333333,18.647366666666667,19.362433333333335,13.7406,20.6664,4.066901963821127,20.734033333333336,3.3398243673600576,20.95708571428571,3.3505178829376354,18.848265555555553,4.457175762894887,20.657159912652613,18.8780301846424,1,0.2381428007482755,1
2025-09-12,34.40596666666667,240.70704861111113,6.1425,0.2258305555555555,9583.0,1202.0,12601.0,2025,9,12,4,255,37,3,0,3,20.235766666666667,18.539233333333335,25.355733333333333,25.2311,23.140233333333335,25.8123,10.600033333333332,21.37691111111111,3.5486372095233585,21.185838095238097,2.953634735085592,21.070542857142858,3.292682970259885,19.06477111111111,4.357145260837512,20.551811601156125,18.96562608670849,1,0.1732716254814723,0
2025-09-13,26.1938,240.24939583333332,4.688680555555555,0.1883951388888888,4146.0,612.0,10188.5,2025,9,13,5,256,37,3,1,3,34.40596666666667,20.235766666666667,18.539233333333335,20.47716666666667,27.8057,17.778466666666667,12.477933333333334,24.39365555555555,8.71230949157779,22.496533333333335,5.7550839902161215,21.875238095238096,4.847103198340447,19.858302222222225,4.89674936721871,24.015350367533763,19.961777091867074,1,0.251276004986476,1
2025-09-14,26.247633333333333,241.47695833333333,4.6575,0.1664347222222222,2843.0,603.0,9091.0,2025,9,14,6,257,37,3,1,3,26.1938,34.40596666666667,20.235766666666667,20.357633333333336,21.092033333333333,20.8709,25.234366666666663,26.945177777777776,7.114918722916199,23.31319523809524,5.82593816207351,21.760102380952382,4.712677939209707,20.315497777777782,4.823664119057159,24.559962775650323,20.363843085940168,1,0.2531879287773503,0
2025-09-15,24.2801,240.99238194444447,4.285,0.1279694444444444,1769.0,560.0,8644.0,2025,9,15,0,258,38,3,0,3,26.247633333333333,26.1938,34.40596666666667,18.104233333333333,16.342266666666667,15.726833333333332,20.2952,28.949133333333332,4.72583294539469,24.15462380952381,5.752809448232201,22.128359523809525,4.855721169077499,20.349273333333333,4.862683620962455,24.981880415071075,20.743442456739725,1,0.2573042440617007,1
2025-09-16,29.0527,240.23129166666664,5.1497222222222225,0.1373236111111111,1035.0,3470.0,13384.0,2025,9,16,1,259,38,3,0,3,24.2801,26.247633333333333,26.1938,25.355733333333333,20.380233333333333,18.942433333333337,13.098466666666669,25.573844444444443,1.1207388288946456,25.03689047619048,5.1076520592186165,22.69534761904762,4.583958857188563,20.482103333333335,4.915297121621228,24.806435311303307,20.971613911143617,1,0.2564700493953903,0
2025-09-17,20.39043333333333,241.3606527777778,3.610833333333334,0.1161680555555555,0.0,563.0,9710.0,2025,9,17,2,260,38,3,0,3,29.0527,24.2801,26.247633333333333,18.539233333333335,20.853133333333336,12.4911,18.009966666666667,26.526811111111112,2.3985168049658103,25.565028571428577,5.332310533885501,23.31480952380952,4.826598873203582,21.01391111111111,4.951825436463168,25.86800148347748,21.49297430397306,1,0.2552832296256486,1
2025-09-18,22.900533333333332,241.09920138888887,4.038611111111111,0.1175083333333333,1993.0,652.0,9151.0,2025,9,18,3,261,38,3,0,3,20.39043333333333,29.0527,24.2801,20.235766666666667,17.07313333333333,18.647366666666667,14.679033333333331,24.574411111111107,4.338626536555448,25.829485714285717,4.958600069010355,23.281759523809523,4.846295739080582,21.09326,4.921006465502283,24.498609445941447,21.421842628447916,1,0.2645755348504454,1
2025-09-19,35.595166666666664,240.35401388888891,6.259444444444445,0.1829805555555555,1607.0,4050.0,14845.0,2025,9,19,4,262,38,3,0,3,22.900533333333332,20.39043333333333,29.0527,34.40596666666667,25.2311,23.140233333333335,12.9287,24.11455555555555,4.456916357544474,26.21016666666667,4.542409992136848,23.698002380952374,4.510656200664591,21.36731,4.778340735916108,24.09909041778942,21.517242028763103,1,0.2302838855029682,0
2025-09-20,33.922133333333335,241.29544444444448,6.024027777777778,0.2053430555555555,4532.0,2466.0,11935.0,2025,9,20,5,263,38,3,1,3,35.595166666666664,22.900533333333332,20.39043333333333,26.1938,20.47716666666667,27.8057,19.362433333333335,26.295377777777773,8.151055486004594,26.38005238095238,4.907579010886454,24.43829285714286,5.519322433133153,22.12285888888889,5.17367277118929,26.97310948000873,22.425495231208497,1,0.2404163939168092,0
2025-09-21,23.63113333333333,241.2526875,4.20125,0.1487263888888889,921.0,604.0,10844.0,2025,9,21,6,264,38,3,1,3,33.922133333333335,35.595166666666664,22.900533333333332,26.247633333333333,20.357633333333336,21.092033333333333,25.8123,30.80594444444444,6.897202603981609,27.48409999999999,5.66894813311289,25.39864761904762,5.931394525939567,22.608182222222226,5.573263064471425,28.71036544333988,23.167213818442356,1,0.2612955462510298,0
2025-09-22,20.7756,241.18202777777776,3.6991666666666663,0.1439277777777777,937.0,597.0,8502.0,2025,9,22,0,265,39,3,0,3,23.63113333333333,33.922133333333335,35.595166666666664,24.2801,18.104233333333333,16.342266666666667,17.778466666666667,31.04947777777777,6.478706341232507,27.110314285714285,5.84751128844261,25.632469047619047,5.779976048429851,22.535476666666668,5.544173859342342,27.44055741583824,23.19714410972564,1,0.2513670273013335,1
2025-09-23,27.276833333333332,240.74660416666663,4.824722222222222,0.1638638888888889,2085.0,978.0,12884.0,2025,9,23,1,266,39,3,0,3,20.7756,23.63113333333333,33.922133333333335,29.0527,25.355733333333333,20.380233333333333,20.8709,26.109622222222217,6.914840204254187,26.609671428571428,6.265305511259292,25.82328095238095,5.551927703886589,22.635381111111112,5.482154888730813,25.77431806187868,23.04091545748528,1,0.2602240315767779,0
2025-09-24,23.770966666666663,240.38723611111112,4.234999999999999,0.1556083333333333,1051.0,621.0,10374.0,2025,9,24,2,267,39,3,0,3,27.276833333333332,20.7756,23.63113333333333,20.39043333333333,18.539233333333335,20.853133333333336,15.726833333333332,23.894522222222214,3.258609978764427,26.355976190476188,6.1853389342058955,25.96050238095238,5.563212365040758,22.848912222222225,5.535554246225821,26.149946879742345,23.314200481733543,1,0.2576935111143921,1
2025-09-25,19.350266666666663,241.42292361111112,3.4836111111111108,0.1443722222222222,0.0,594.0,9694.0,2025,9,25,3,268,39,3,0,3,23.770966666666663,27.276833333333332,20.7756,22.900533333333332,20.235766666666667,17.07313333333333,18.942433333333337,23.94113333333333,3.253955475178455,26.838909523809523,5.759231818172267,26.334197619047615,5.18952400495744,23.11705,5.371051731070311,25.555201826473425,23.34366926785826,1,0.2429009275425196,1
2025-09-26,25.937566666666665,241.17850694444445,4.585277777777778,0.2000291666666666,1943.0,571.0,14581.0,2025,9,26,4,269,39,3,0,3,19.350266666666663,23.770966666666663,27.276833333333332,35.595166666666664,34.40596666666667,25.2311,12.4911,23.46602222222222,3.972072269725876,26.331728571428567,6.295247466774798,26.27094761904762,5.2742735246451815,23.13064444444445,5.360627190326103,24.003968036521737,23.086030390362023,1,0.260448197477473,0
2025-09-27,23.507866666666665,241.22180555555556,4.200555555555556,0.1600583333333333,1817.0,4571.0,8554.0,2025,9,27,5,270,39,3,1,3,25.937566666666665,19.350266666666663,23.770966666666663,33.922133333333335,26.1938,20.47716666666667,18.647366666666667,23.019599999999997,3.357312053314767,24.952071428571426,4.80972531176168,25.666061904761904,4.72671368628499,23.57886,4.989663049867852,24.487367694057973,23.27000047270426,1,0.2650521571807913,1
2025-09-28,21.6576,241.72634027777775,3.795416666666666,0.1341652777777777,0.0,603.0,10797.0,2025,9,28,6,271,39,3,1,3,23.507866666666665,25.937566666666665,19.350266666666663,23.63113333333333,26.247633333333333,20.357633333333336,23.140233333333335,22.931899999999995,3.331206016344922,23.46431904761905,2.73650057060247,25.474209523809524,4.7580513627790975,23.74087666666667,4.902157564166794,24.242492437210142,23.285346678766352,1,0.2249785654475756,1
2025-09-29,19.10663333333333,240.8973472222222,3.3938888888888887,0.1388041666666666,1031.0,603.0,7322.0,2025,9,29,0,272,40,3,0,3,21.6576,23.507866666666665,25.937566666666665,20.7756,24.2801,18.104233333333333,27.8057,23.701011111111104,2.146510481982007,23.182385714285715,2.816931371707093,25.14635,4.8577544966478525,23.691455555555553,4.91587614740771,23.596269327907606,23.18033076400723,1,0.2214123039163663,1
2025-09-30,29.6078,240.75757638888888,5.235972222222222,0.1476805555555555,970.0,8080.0,9243.0,2025,9,30,1,273,40,3,0,3,19.10663333333333,21.6576,23.507866666666665,27.276833333333332,29.0527,25.355733333333333,21.092033333333333,21.42403333333333,2.2098933807864003,22.943961904761903,3.1099794405311783,24.776816666666665,5.1184969527197755,23.401486666666663,4.921383459010165,22.47386032926404,22.917511574931495,1,0.2229497729804888,0
2025-10-01,21.4542,241.52952083333335,3.786666666666666,0.1287611111111111,950.0,602.0,9433.0,2025,10,1,2,274,40,4,0,3,29.6078,19.10663333333333,21.6576,23.770966666666663,20.39043333333333,18.539233333333335,16.342266666666667,23.45734444444444,5.477037099496281,23.27695714285714,3.7168220131813583,24.816466666666663,5.156178934702353,23.685345555555553,5.0280177550113665,24.25734524694803,23.34914308622624,1,0.2505171366110209,1
2025-10-02,19.211133333333333,240.75888194444445,3.386111111111111,0.1271916666666666,0.0,570.0,10142.0,2025,10,2,3,275,40,4,0,3,21.4542,29.6078,19.10663333333333,19.350266666666663,22.900533333333332,20.235766666666667,20.380233333333333,23.38954444444444,5.511605385843458,22.945990476190477,3.76829362172341,24.89245,5.0933938603726645,23.855743333333333,4.854198519156518,23.556558935211022,23.226888693566483,1,0.2453830187806292,1
2025-10-03,28.612333333333332,240.63635416666665,5.050416666666667,0.1773583333333333,3644.0,920.0,14480.0,2025,10,3,4,276,40,4,0,3,19.211133333333333,21.4542,29.6078,25.937566666666665,35.595166666666664,34.40596666666667,20.853133333333336,23.424377777777774,5.4711854109946625,22.926114285714284,3.7907207678678487,24.62892142857143,5.295803548878164,23.816773333333337,4.887640030988295,22.4702025347416,22.967807702583706,1,0.2428727378038919,0
2025-10-04,27.018433333333338,240.6988611111111,4.815138888888889,0.1563958333333333,3189.0,3499.0,8980.0,2025,10,4,5,277,40,4,1,3,28.612333333333332,19.211133333333333,21.4542,23.507866666666665,33.922133333333335,26.1938,17.07313333333333,23.092555555555553,4.910070982665537,23.30822380952381,4.251657940088947,24.13014761904762,4.443821461535571,24.075413333333337,4.930514141474284,24.005735234389533,23.33197064650303,1,0.2533198704583961,0
2025-10-05,21.258699999999997,241.22052083333332,3.698611111111111,0.1121805555555555,984.0,542.0,7983.0,2025,10,5,6,278,40,4,1,3,27.018433333333338,28.612333333333332,19.211133333333333,21.6576,23.63113333333333,26.247633333333333,25.2311,24.9473,5.031186273964904,23.809733333333337,4.480044387056633,23.63702619047619,3.570961808578031,24.406923333333335,4.775373595776924,24.758909759125483,23.56980694887918,1,0.2587779190051424,1
2025-10-06,23.807466666666667,241.18004861111112,4.170972222222222,0.1244972222222222,1.0,543.0,8806.0,2025,10,6,0,279,41,4,0,3,21.258699999999997,27.018433333333338,28.612333333333332,19.10663333333333,20.7756,24.2801,20.47716666666667,25.62982222222222,3.8684830894942936,23.752747619047614,4.514387146333571,23.467566666666663,3.627113245223672,24.27451,4.806703798006713,23.883857319344113,23.42070327475794,1,0.2597533190961058,1
2025-10-07,30.3639,241.2119583333333,5.339027777777778,0.1440430555555555,734.0,4334.0,9908.0,2025,10,7,1,280,41,4,0,3,23.807466666666667,21.258699999999997,27.018433333333338,29.6078,27.276833333333332,29.0527,20.357633333333336,24.0282,2.8862041544406605,24.424295238095237,4.03191291712353,23.684128571428573,3.543570744461436,24.385519999999996,4.754149755857192,23.86475965617475,23.445655751655277,1,0.239117252128412,0
2025-10-08,26.2861,241.06977777777777,4.583888888888889,0.1295930555555555,2091.0,619.0,11568.0,2025,10,8,2,281,41,4,0,3,30.3639,23.807466666666667,21.258699999999997,21.4542,23.770966666666663,20.39043333333333,18.104233333333333,25.143355555555555,4.697298809165981,24.532309523809523,4.200524652491427,23.904633333333333,3.865734311818956,24.719062222222224,4.812469081448855,25.489544742131063,23.89199409025816,1,0.2566588811185722,0
2025-10-09,22.531033333333333,240.81015277777777,3.953611111111111,0.1308458333333333,0.0,559.0,10718.0,2025,10,9,3,282,41,4,0,3,26.2861,30.3639,23.807466666666667,19.211133333333333,19.350266666666663,22.900533333333332,25.355733333333333,26.81915555555555,3.310561233777791,25.22258095238095,4.002752061919923,24.084285714285716,3.917145644661598,24.991791111111112,4.653897572705541,25.6886835565983,24.046452536047955,1,0.2533902247265616,1
2025-10-10,33.54593333333334,239.76139583333332,5.927222222222222,0.1775152777777777,4510.0,570.0,14811.0,2025,10,10,4,283,41,4,0,3,22.531033333333333,26.2861,30.3639,28.612333333333332,25.937566666666665,35.595166666666664,18.539233333333335,26.39367777777777,3.917541293738693,25.696852380952382,3.3081852227608337,24.31148333333333,3.70811359901592,24.89763444444445,4.674807856878464,24.899271000782058,23.948683555227653,1,0.2126408278853064,0
2025-10-11,32.31451666666667,240.6491597222222,5.744861111111112,0.1867631944444444,4111.0,6454.0,8648.5,2025,10,11,5,284,41,4,1,3,33.54593333333334,22.531033333333333,26.2861,27.018433333333338,23.507866666666665,33.922133333333335,20.235766666666667,27.45435555555555,5.599609029639004,26.40165238095238,4.383594000016671,24.85493809523809,4.448400756036036,25.39785777777778,4.772833084594845,27.06093658391988,24.56786096026673,1,0.2420668792354772,0
2025-10-12,22.526733333333333,240.22382638888888,3.968611111111111,0.1095236111111111,997.0,515.0,9420.0,2025,10,12,6,285,41,4,1,3,32.31451666666667,33.54593333333334,22.531033333333333,21.258699999999997,21.6576,23.63113333333333,34.40596666666667,29.463827777777777,6.035464013514292,27.158235714285716,4.930686143564009,25.48398452380952,4.847984672651172,25.80048277777778,4.831462664144961,28.37433160460658,25.067645199389307,1,0.262767648210874,1
2025-10-13,24.151666666666664,240.24728472222225,4.249722222222222,0.1148555555555555,983.0,530.0,9530.0,2025,10,13,0,286,42,4,0,3,22.526733333333333,32.31451666666667,33.54593333333334,23.807466666666667,19.10663333333333,20.7756,26.1938,29.46239444444444,6.037933672861148,27.339383333333338,4.695504703427053,25.54606547619047,4.800549483579445,25.404508333333332,4.582226241119258,26.912432036788267,24.903715401579245,1,0.2651048992184104,1
2025-10-14,28.5204,239.7594652777778,5.004583333333334,0.1215902777777777,2001.0,3131.0,10013.0,2025,10,14,1,287,42,4,0,3,24.151666666666664,22.526733333333333,32.31451666666667,30.3639,29.6078,27.276833333333332,26.247633333333333,26.330972222222215,5.24520782938347,27.388554761904764,4.653972566893541,25.906425,4.457048138223749,25.336437222222223,4.585264039480679,26.22224069425787,24.85519612835908,1,0.2633217604690469,0
2025-10-15,24.832933333333333,241.12213194444445,4.324305555555555,0.0969666666666666,1629.0,463.0,9641.0,2025,10,15,2,288,42,4,0,3,28.5204,24.151666666666664,22.526733333333333,26.2861,21.4542,23.770966666666663,24.2801,25.06626666666666,3.0997386821758575,27.12519761904762,4.507395023452596,25.82875357142857,4.396649457540112,25.41219611111111,4.619486093902077,26.796780520693403,25.091660894271396,1,0.2623095368029961,0
2025-10-16,25.281,240.246,4.415138888888889,0.1009611111111111,0.0,482.0,11136.0,2025,10,16,3,289,42,4,0,3,24.832933333333333,28.5204,24.151666666666664,22.531033333333333,19.211133333333333,19.350266666666663,29.0527,25.834999999999994,2.350438456496452,26.91760238095238,4.585273158816573,26.070091666666663,4.227532157114269,25.430623888888885,4.615915561484905,26.305818723853385,25.074968793565716,1,0.2650569407504582,0
2025-10-17,45.70133333333333,238.8905625,8.045555555555556,0.1813555555555555,5490.0,4364.0,18326.0,2025,10,17,4,290,42,4,0,3,25.281,24.832933333333333,28.5204,33.54593333333334,28.612333333333332,25.937566666666665,20.39043333333333,26.21144444444444,2.0121251831315776,27.31045476190476,4.252539007013977,26.50365357142857,3.754812902222,25.304900555555555,4.564942794932233,26.04961404289004,25.088261129464705,1,0.1403181717702201,0
2025-10-18,25.936066666666665,240.7508402777778,4.500555555555556,0.0990583333333333,712.0,499.0,11144.0,2025,10,18,5,291,42,4,1,3,45.70133333333333,25.281,24.832933333333333,32.31451666666667,27.018433333333338,23.507866666666665,22.900533333333332,31.938422222222215,11.921135961967051,29.046940476190475,8.028491672370253,27.724296428571428,6.3641234287677095,26.14859722222222,5.79782997136499,30.962543865500862,26.418136755520745,1,0.2408995407057676,0
2025-10-19,22.818466666666662,242.26024305555555,3.9530555555555553,0.0933041666666666,1104.0,457.0,8227.0,2025,10,19,6,292,42,4,1,3,25.936066666666665,45.70133333333333,25.281,22.526733333333333,21.258699999999997,21.6576,35.595166666666664,32.30613333333333,11.605206390428606,28.13573333333333,7.957475140790234,27.64698452380952,6.379912673378501,26.249781666666664,5.765588286477116,29.705924565792312,26.387035459465643,1,0.2311173422820163,0
2025-10-20,28.713466666666665,242.52750694444444,4.975,0.1052486111111111,760.0,450.0,11005.0,2025,10,20,0,293,43,4,0,3,22.818466666666662,25.936066666666665,45.70133333333333,24.151666666666664,23.807466666666667,19.10663333333333,33.922133333333335,31.485288888888885,12.409746056016424,28.177409523809523,7.923895813384597,27.758396428571427,6.272487810476236,25.82389166666667,5.518040861273079,27.9840600910109,26.156805214768937,1,0.2414803489374162,0
2025-10-21,32.8251,242.3070138888889,5.713333333333334,0.1334513888888888,2031.0,5916.0,8569.0,2025,10,21,1,294,43,4,0,3,28.713466666666665,22.818466666666662,25.936066666666665,28.5204,30.3639,29.6078,23.63113333333333,25.822666666666663,2.949135622517159,28.82909523809524,7.722657584292546,28.108824999999996,6.171002000225358,25.650269444444444,5.333298968585398,28.166411734924843,26.32175111489137,1,0.2325778290962664,0
2025-10-22,23.3285,242.4139583333333,4.042361111111111,0.1082291666666666,0.0,492.0,11074.0,2025,10,22,2,295,43,4,0,3,32.8251,28.713466666666665,22.818466666666662,24.832933333333333,26.2861,21.4542,20.7756,28.119011111111107,5.029732669098086,29.444052380952375,7.864076511577539,28.284625,6.274378066563249,25.956735,5.475531489002217,29.331083801193635,26.74132201070483,1,0.2333627748316838,0
2025-10-23,29.290833333333335,241.09628472222224,5.144861111111111,0.1366,3180.0,495.0,11696.0,2025,10,23,3,296,43,4,0,3,23.3285,32.8251,28.713466666666665,25.281,22.531033333333333,19.211133333333333,27.276833333333332,28.28902222222222,4.762506451944689,29.22913333333333,8.029906879423987,28.07336785714286,6.395466665492264,26.041831666666663,5.411699088058991,27.83043785089523,26.521139945498067,1,0.2401895994812879,0
2025-10-24,43.57346666666667,239.8931875,7.658472222222223,0.1517111111111111,6202.0,518.0,15941.0,2025,10,24,4,297,43,4,0,3,29.290833333333335,23.3285,32.8251,45.70133333333333,33.54593333333334,28.612333333333332,23.770966666666663,28.481477777777773,4.799754702219842,29.801966666666665,7.842145867374803,28.556210714285715,6.196939377123599,26.108965,5.4399660868341275,28.19553672150476,26.699829841487443,1,0.1674840792220767,0
2025-10-25,40.10893333333333,239.92554861111108,7.070277777777778,0.1688763888888888,3010.0,6181.0,13691.0,2025,10,25,5,298,43,4,1,3,43.57346666666667,29.290833333333335,23.3285,25.936066666666665,32.31451666666667,27.018433333333338,19.350266666666663,32.06426666666666,10.403538733260184,29.497985714285715,7.132239383533032,29.272463095238095,7.299447551634883,26.769048333333338,6.282638864091673,32.04001920779524,27.788451572144165,1,0.1977781163240381,0
2025-10-26,18.539066666666667,241.53043055555557,3.2391666666666663,0.1112611111111111,475.0,468.0,5788.0,2025,10,26,6,299,43,4,1,3,40.10893333333333,43.57346666666667,29.290833333333335,22.818466666666662,22.526733333333333,21.258699999999997,25.937566666666665,37.65774444444444,7.45014422413228,31.522680952380956,7.920671669397128,29.829207142857143,7.827469634728428,27.46100388888889,6.573785760361689,34.057247739179765,28.583321363188624,1,0.1899968626955722,1
2025-10-27,18.6126,241.2427638888889,3.27,0.1206930555555555,579.0,449.0,8367.0,2025,10,27,0,300,44,4,0,3,18.539066666666667,40.10893333333333,43.57346666666667,28.713466666666665,24.151666666666664,23.807466666666667,23.507866666666665,34.07382222222222,13.564557509649672,30.911338095238097,8.818701256723838,29.54437380952381,8.178329617481083,27.214387222222225,6.768794083219462,30.17770247105149,27.93530493115495,1,0.1792595608188583,1
2025-10-28,21.145133333333337,241.40815277777776,3.6894444444444447,0.1145638888888889,1044.0,463.0,9318.0,2025,10,28,1,301,44,4,0,3,18.6126,18.539066666666667,40.10893333333333,32.8251,28.5204,30.3639,21.6576,25.753533333333326,12.432195448020328,29.468357142857144,9.987241134302678,29.14872619047619,8.583243286390344,27.051211666666667,6.918576412816592,27.286426853288617,27.333840096886888,1,0.1912960337431682,1
2025-10-29,33.024,240.3468611111111,5.853333333333333,0.1748902777777778,765.0,4125.0,5677.0,2025,10,29,2,302,44,4,0,3,21.145133333333337,18.6126,18.539066666666667,23.3285,24.832933333333333,26.2861,19.10663333333333,19.432266666666663,1.483841619280776,27.799790476190477,10.30363561867776,28.62192142857143,8.84705178313308,27.03412944444444,6.932970324816167,25.751103473299796,26.93456869278666,1,0.1941728606696235,0
2025-10-30,24.8893,241.48033333333333,4.352083333333334,0.1170374999999999,1779.0,2005.0,8828.0,2025,10,30,3,303,44,4,0,3,33.024,21.145133333333337,18.6126,29.290833333333335,25.281,22.531033333333333,29.6078,24.260577777777772,7.694258122445217,29.184861904761902,10.253945650052533,29.20699761904762,8.848049307731406,27.498041666666666,6.8493472289058355,27.56932760497485,27.327435228735908,1,0.1980443820062628,0
2025-10-31,31.2657,240.5190625,5.452638888888889,0.1187902777777777,1773.0,2514.0,14637.0,2025,10,31,4,304,44,4,0,3,24.8893,33.024,21.145133333333337,43.57346666666667,45.70133333333333,33.54593333333334,21.4542,26.352811111111105,6.0731595484039484,28.556071428571425,10.380537785191416,29.17901904761905,8.862026992454657,27.340758333333333,6.8534045852168815,26.899320703731135,27.17013618172069,1,0.1993309079303415,0
2025-11-01,30.719466666666666,240.92416666666665,5.388333333333334,0.1540986111111111,1970.0,470.0,12215.0,2025,11,1,5,305,44,4,1,3,31.2657,24.8893,33.024,40.10893333333333,25.936066666666665,32.31451666666667,19.211133333333333,29.72633333333333,4.280253885382679,26.797819047619047,8.23319657920282,28.14790238095238,7.531698844586833,27.667808333333333,6.796678257774622,27.99091552779835,27.43436610548064,1,0.2294850744340396,0
2025-11-02,25.07043333333333,241.28460416666667,4.4006944444444445,0.1181125,1881.0,471.0,7490.0,2025,11,2,6,306,44,4,1,3,30.719466666666666,31.2657,24.8893,18.539066666666667,22.818466666666662,22.526733333333333,28.612333333333332,28.95815555555555,3.534300760064522,25.456466666666667,6.222434257349363,28.48957380952381,7.532139913777188,28.051419444444445,6.625532553331021,28.673053312515428,27.646308077170065,1,0.260781867056405,0
2025-11-03,37.77813333333334,241.14193055555555,6.631805555555555,0.1678902777777778,2009.0,3951.0,9025.0,2025,11,3,0,307,45,4,0,3,25.07043333333333,30.719466666666666,31.2657,18.6126,28.713466666666665,24.151666666666664,27.018433333333338,29.018533333333327,3.4300456150190177,26.389519047619046,5.454609981129852,28.65042857142857,7.424996957562054,27.93335611111111,6.646716202772559,27.772398317719905,27.480122609825756,1,0.2170235275184046,0
2025-11-04,30.03,242.0781319444445,5.230833333333333,0.1197416666666666,1075.0,4008.0,12246.0,2025,11,4,1,308,45,4,0,3,37.77813333333334,25.07043333333333,30.719466666666666,21.145133333333337,32.8251,28.5204,21.258699999999997,31.18934444444444,6.3668672569040945,29.127452380952377,5.704716370229142,29.297904761904764,7.815858642899613,28.292012777777774,6.881784474010769,30.27383207162326,28.14451039843915,1,0.2569891756178364,0
2025-11-05,26.007766666666665,241.6652777777778,4.538611111111111,0.1104611111111111,1105.0,532.0,9868.0,2025,11,5,2,309,45,4,0,3,30.03,37.77813333333334,25.07043333333333,33.024,23.3285,24.832933333333333,23.807466666666667,30.959522222222216,6.404640387539654,30.396719047619047,4.4922645165041235,29.09825476190476,7.75428525551295,28.584389444444447,6.757877539566535,30.21287405371745,28.266154888862427,1,0.2548793639543776,0
2025-11-06,23.174166666666668,242.56815972222225,4.030972222222222,0.1176069444444444,0.0,442.0,11326.0,2025,11,6,3,310,45,4,0,3,26.007766666666665,30.03,37.77813333333334,24.8893,29.290833333333335,25.281,30.3639,31.27196666666666,5.982661929925358,29.394399999999997,4.5900333405549345,29.28963095238095,7.633048168813742,28.657732777777777,6.716056346756233,29.161597206954752,28.120452422914315,1,0.2540258172415964,0
2025-11-07,25.95293333333333,241.87858333333332,4.510416666666667,0.1372777777777777,2187.0,408.0,10014.0,2025,11,7,4,311,45,4,0,3,23.174166666666668,26.007766666666665,30.03,31.2657,43.57346666666667,45.70133333333333,26.2861,26.40397777777777,3.445047185023257,29.149380952380955,4.905533827214479,28.852726190476194,7.806067746937328,28.418075,6.78103945831772,27.66473957188273,27.801337212833825,1,0.2628160606275003,0
2025-11-08,41.80003333333333,243.25039583333333,7.242777777777778,0.1574222222222222,4941.0,2075.0,14871.0,2025,11,8,5,312,45,4,1,3,25.95293333333333,23.174166666666668,26.007766666666665,30.719466666666666,40.10893333333333,25.936066666666665,22.531033333333333,25.044955555555543,1.620382662738382,28.39041428571429,4.934433960139953,27.59411666666666,6.573151949033791,28.40696944444444,6.7849231793932825,27.236788012245384,27.68208534964024,1,0.1862070876995312,0
2025-11-09,23.45795,243.57511111111108,4.098958333333333,0.1235541666666666,1126.0,430.0,7639.5,2025,11,9,6,313,45,4,1,3,41.80003333333333,25.95293333333333,23.174166666666668,25.07043333333333,18.539066666666667,22.818466666666662,33.54593333333334,30.309044444444435,10.048010015937017,29.97335238095238,7.105694640655616,27.714909523809524,6.831293403974507,29.049269444444445,7.113589109167144,30.87759934251737,28.59292070342689,1,0.2399252738367315,0
2025-11-10,26.76973333333333,242.50097916666664,4.648194444444444,0.1161819444444444,1118.0,432.0,11788.0,2025,11,10,0,314,46,4,0,3,23.45795,41.80003333333333,25.95293333333333,37.77813333333334,18.6126,28.713466666666665,32.31451666666667,30.40363888888888,9.948094802947251,29.74299761904762,7.314207495704738,28.066258333333337,6.438243745657256,28.713003333333333,7.132107998301164,29.022687006888027,28.261632270947736,1,0.2486698122481315,0
2025-11-11,34.008,242.37135416666663,5.974722222222223,0.1549083333333333,2338.0,5105.0,11214.0,2025,11,11,1,315,46,4,0,3,26.76973333333333,23.45795,41.80003333333333,30.03,21.145133333333337,32.8251,22.526733333333333,30.675905555555545,9.775051985743184,28.170369047619044,6.4284596125528495,28.648910714285712,5.860029672438925,28.52817722222222,7.107360317367409,28.459448588499356,28.16538072658552,1,0.2379813682663866,0
2025-11-12,24.384433333333337,242.2066736111111,4.253333333333334,0.1063875,1486.0,429.0,9403.0,2025,11,12,2,316,46,4,0,3,34.008,26.76973333333333,23.45795,26.007766666666665,33.024,23.3285,24.151666666666664,28.078561111111103,5.3954296737643554,28.738654761904765,6.7861332292041645,29.567686904761903,5.595426623309988,28.91088611111111,7.0821282985124006,29.84658644137452,28.54232390551548,1,0.2490818821932224,0
2025-11-13,25.548766666666666,241.23570833333332,4.456388888888889,0.1089805555555555,1856.0,407.0,9178.0,2025,11,13,3,317,46,4,0,3,24.384433333333337,34.008,26.76973333333333,23.174166666666668,24.8893,29.290833333333335,28.5204,28.38738888888888,5.0115732030231,28.506750000000004,6.9213999180947505,28.950575000000004,5.660951443478184,28.918645,7.0768600451960735,28.481048164364225,28.274072900858567,1,0.25193634990141,0
2025-11-14,42.67426666666667,240.22240277777777,7.4534722222222225,0.1707277777777777,4169.0,2411.0,18868.0,2025,11,14,4,318,46,4,0,3,25.548766666666666,24.384433333333337,34.008,25.95293333333333,31.2657,43.57346666666667,24.832933333333333,27.980399999999992,5.252417476531894,28.84597857142857,6.670111807968833,28.99767976190476,5.627201158939592,28.819590555555557,7.103373706209541,27.747977789939835,28.098246692201023,1,0.1755664042725768,0
2025-11-15,32.788466666666665,240.32536805555557,5.778472222222222,0.1466305555555555,991.0,5278.0,9446.0,2025,11,15,5,319,46,4,1,3,42.67426666666667,25.548766666666666,24.384433333333337,41.80003333333333,30.719466666666666,40.10893333333333,25.281,30.86915555555555,10.240088099574017,31.23474047619047,8.264894696007724,29.81257738095238,6.703950656320295,29.41430166666667,7.494199590253072,31.479550009121542,29.03863507765042,1,0.2294822618850812,0
2025-11-16,25.241133333333337,241.884875,4.403194444444445,0.1091625,2021.0,545.0,9354.0,2025,11,16,6,320,46,4,1,3,32.788466666666665,42.67426666666667,25.548766666666666,23.45795,25.07043333333333,18.539066666666667,45.70133333333333,33.6705,8.596753728200786,29.94737380952381,6.940681611499518,29.96036309523809,6.748139957125129,29.664550555555554,7.476745255943148,31.806779173507827,29.280559696296628,1,0.2494012054997608,0
2025-11-17,28.471566666666668,242.66059722222224,4.913472222222222,0.1164083333333333,0.0,453.0,11616.0,2025,11,17,0,321,47,4,0,3,25.241133333333337,32.788466666666665,42.67426666666667,26.76973333333333,37.77813333333334,18.6126,25.936066666666665,33.56795555555555,8.742667593496341,30.202114285714284,6.691041230156139,29.97255595238095,6.73877267187034,28.982543888888888,6.872193080425185,30.165367713464207,29.01995154384738,1,0.250119235779512,0
2025-11-18,43.98623333333333,241.29666666666668,7.685833333333334,0.1415833333333333,6012.0,7655.0,13787.0,2025,11,18,1,322,47,4,0,3,28.471566666666668,25.241133333333337,32.788466666666665,34.008,30.03,21.145133333333337,22.818466666666662,28.833722222222217,3.786677646159738,30.445233333333334,6.575459482325347,29.30780119047619,6.357812206424282,29.067060555555557,6.848986525964483,29.74191745176482,28.98457187435185,1,0.1704022537177744,0
2025-11-19,24.5808,242.9750694444444,4.251111111111111,0.1035097222222222,0.0,481.0,10936.0,2025,11,19,2,323,47,4,0,3,43.98623333333333,28.471566666666668,25.241133333333337,24.384433333333337,26.007766666666665,33.024,28.713466666666665,32.566311111111105,10.020972635003153,31.870695238095234,8.32528065200219,30.304675,7.47562852639484,29.772652777777775,7.261022194153165,33.302996422156944,29.95242100073775,1,0.2233239658336486,0
2025-11-20,32.6836,241.58236805555555,5.692222222222222,0.1014069444444444,843.0,407.0,12816.0,2025,11,20,3,324,47,4,0,3,24.5808,43.98623333333333,28.471566666666668,25.548766666666666,23.174166666666668,24.8893,32.8251,32.34619999999999,10.266562146816478,31.898747619047615,8.296130969019902,30.202748809523808,7.548097889558839,29.63489722222222,7.320766442989224,31.122447316617706,29.605864807141767,1,0.2293625203835184,0
2025-11-21,41.61426666666667,240.62086805555555,7.281111111111111,0.1467388888888889,5694.0,1997.0,12553.0,2025,11,21,4,325,47,4,0,3,32.6836,24.5808,43.98623333333333,42.67426666666667,25.95293333333333,31.2657,23.3285,33.750211111111106,9.74658684670542,32.91800952380952,7.809995792589363,30.88199404761905,7.29042354544887,29.63018055555556,7.318685451793854,31.51273548746328,29.804428367971333,1,0.1883090049871617,0
2025-11-22,40.8496,241.0777013888889,7.193194444444445,0.1546097222222222,6774.0,411.0,16097.0,2025,11,22,5,326,47,4,1,3,41.61426666666667,32.6836,24.5808,32.788466666666665,41.80003333333333,30.719466666666666,29.290833333333335,32.959555555555546,8.520085696317455,32.76658095238095,7.59666622334001,32.000660714285715,7.667713557635656,30.23970611111111,7.534044674434047,34.03811828226413,30.566353419500064,1,0.1943080345981203,0
2025-11-23,24.518700000000003,242.7427152777778,4.236666666666666,0.1030124999999999,0.0,402.0,8230.0,2025,11,23,6,327,47,4,1,3,40.8496,41.61426666666667,32.6836,25.241133333333337,23.45795,25.07043333333333,43.57346666666667,38.382488888888886,4.950169664133267,33.918171428571426,8.188483984828178,31.93277261904762,7.577960478976123,30.624998333333338,7.775534201460993,35.740988711698094,31.229788682758127,1,0.2118289573326887,0
2025-11-24,35.48093333333334,241.9765277777778,6.179861111111111,0.1068194444444444,2491.0,4579.0,9086.0,2025,11,24,0,328,48,4,0,3,24.518700000000003,40.8496,41.61426666666667,28.471566666666668,26.76973333333333,37.77813333333334,40.10893333333333,35.66085555555555,9.656961302393578,33.81496666666667,8.319576654783221,32.008540476190475,7.491517197130562,29.98983944444444,7.452910272011299,32.93541653377357,30.79681521935438,1,0.2168051874251138,0
2025-11-25,33.00216666666667,241.17878472222225,5.770277777777778,0.1218583333333333,745.0,5083.0,10596.0,2025,11,25,1,329,48,4,0,3,35.48093333333334,24.518700000000003,40.8496,43.98623333333333,34.008,30.03,18.539066666666667,33.61641111111111,8.323575315954747,34.81630476190476,7.9843274585956205,32.63076904761905,7.383916217733463,29.835572777777777,7.28217563878194,33.571795733663514,31.09901638799818,1,0.2201025217020718,0
2025-11-26,26.660433333333337,242.6434652777778,4.61125,0.0982930555555555,2262.0,407.0,10069.0,2025,11,26,2,330,48,4,0,3,33.00216666666667,35.48093333333334,24.518700000000003,24.5808,24.384433333333337,26.007766666666665,18.6126,31.0006,5.748681740577125,33.247152380952386,6.88554939054073,32.55892380952381,7.3743722027266365,30.31767611111111,6.98104808060156,33.4293884669143,31.221800276944535,1,0.2367658113254243,0
2025-11-27,23.000433333333337,241.8588194444445,3.9611111111111112,0.0923972222222222,0.0,396.0,11599.0,2025,11,27,3,331,48,4,0,3,26.660433333333337,33.00216666666667,35.48093333333334,32.6836,25.548766666666666,23.174166666666668,21.145133333333337,31.71451111111111,4.5490490967690524,33.54424285714286,6.482362062057088,32.72149523809524,7.203405352691862,30.585937222222224,6.663134899717375,31.737149683519053,30.92751853864704,1,0.2225639810998727,0
2025-11-28,30.9825,241.5964513888889,5.4061111111111115,0.1564013888888888,3199.0,386.0,14350.0,2025,11,28,4,332,48,4,0,3,23.000433333333337,26.660433333333337,33.00216666666667,41.61426666666667,42.67426666666667,25.95293333333333,33.024,27.55434444444444,5.0604323158899716,32.16093333333333,7.628482853728422,32.539471428571424,7.427313339875602,30.64778055555556,6.580587929154475,29.552970595972624,30.416093686691315,1,0.2417138073796166,0
2025-11-29,27.516033333333333,243.30872222222223,4.776666666666666,0.1326777777777777,1073.0,3061.0,7828.0,2025,11,29,5,333,48,4,1,3,30.9825,23.000433333333337,26.660433333333337,40.8496,32.788466666666665,41.80003333333333,24.8893,26.881122222222217,3.9956069322490633,30.642109523809527,6.390590968462081,31.70434523809524,6.833687875788166,30.579730555555557,6.565706836150705,29.91035294697947,30.452636029485426,1,0.2577828763097844,0
2025-11-30,29.0865,243.76430555555555,5.022361111111111,0.1065152777777777,1080.0,361.0,12039.0,2025,11,30,6,334,48,4,1,3,27.516033333333333,30.9825,23.000433333333337,24.518700000000003,25.241133333333337,23.45795,31.2657,27.16632222222222,4.002508021691335,28.737314285714287,4.5683639265201474,31.327742857142855,6.914153800947075,30.66728833333333,6.504433319212518,29.311773043567932,30.263177791024,1,0.2560778256111075,0
2025-12-01,29.272966666666665,242.63315277777775,5.078333333333333,0.0985236111111111,0.0,354.0,10821.0,2025,12,1,0,335,49,4,0,0,29.0865,27.516033333333333,30.9825,35.48093333333334,28.471566666666668,26.76973333333333,30.719466666666666,29.19501111111111,1.7357790134990674,29.389857142857142,4.174610414944042,31.602411904761905,6.727623577633239,30.594648333333332,6.5096862296924485,29.25545478267595,30.187263094828904,1,0.2517302721722466,0
2025-12-02,39.09446666666667,241.6693125,6.819722222222222,0.1182152777777777,1143.0,7052.0,12851.0,2025,12,2,1,336,49,4,0,0,29.272966666666665,29.0865,27.516033333333333,33.00216666666667,43.98623333333333,34.008,25.07043333333333,28.62516666666666,0.9650518212913644,28.50300476190476,3.2138019256893213,31.65965476190476,6.70229694161701,30.546431666666663,6.514085393407942,29.259832753673628,30.128276228495857,1,0.1747213907795985,0
2025-12-03,24.66146666666667,243.2840972222222,4.293333333333333,0.1008486111111111,1039.0,402.0,9906.0,2025,12,3,2,337,49,4,0,0,39.09446666666667,29.272966666666665,29.0865,26.660433333333337,24.5808,24.384433333333337,37.77813333333334,32.484644444444434,5.725033171212382,29.373333333333335,4.976703085116271,31.31024285714286,6.111734256518047,31.013899444444444,6.61005636102648,31.718491231921888,30.706740127732683,1,0.2579552855730029,0
2025-12-04,28.52156666666667,243.3857013888889,4.985138888888889,0.1272375,1158.0,352.0,9134.0,2025,12,4,3,338,49,4,0,0,24.66146666666667,39.09446666666667,29.272966666666665,23.000433333333337,32.6836,25.548766666666666,30.03,31.00963333333333,7.371558897772824,29.08776666666667,5.21018976639529,31.316004761904765,6.10493622444917,30.576677222222223,6.580944675209541,29.954235090608083,30.31672248508326,1,0.2633215268328905,0
2025-12-05,39.19603333333334,241.29875694444445,6.922499999999999,0.1903555555555555,3822.0,351.0,13324.0,2025,12,5,4,339,49,4,0,0,28.52156666666667,24.66146666666667,39.09446666666667,30.9825,41.61426666666667,42.67426666666667,26.007766666666665,30.759166666666665,7.4721491265900415,29.8765,4.505306460945306,31.01871666666667,6.134482904234975,30.52639611111111,6.591020352782805,29.59606798462273,30.200905980669287,1,0.208789217826782,0
2025-12-06,39.638133333333336,241.26927083333337,6.983333333333333,0.2027027777777778,2850.0,4175.0,12420.0,2025,12,6,5,340,49,4,1,0,39.19603333333334,28.52156666666667,24.66146666666667,27.516033333333333,40.8496,32.788466666666665,23.174166666666668,30.79302222222222,7.528813970513081,31.049861904761908,5.7413665080202545,30.845985714285717,5.840176306929467,30.966005000000003,6.717839984559271,31.99605932180038,30.781236777615355,1,0.2118492666742863,0
2025-12-07,29.043966666666662,242.54359722222225,5.065833333333334,0.1146444444444444,1132.0,358.0,10291.0,2025,12,7,6,341,49,4,1,0,39.638133333333336,39.19603333333334,28.52156666666667,29.0865,24.518700000000003,25.241133333333337,25.95293333333333,35.785244444444444,6.294412144675479,32.78159047619048,6.298915397634726,30.759452380952386,5.687532245569812,31.51480388888889,6.731832527804479,33.90657782468362,31.35264945862942,1,0.2457535096983433,0
2025-12-08,33.44806666666667,243.73107638888888,5.790277777777778,0.1244388888888888,1108.0,350.0,15376.0,2025,12,8,0,342,50,4,0,0,29.043966666666662,39.638133333333336,39.19603333333334,29.272966666666665,35.48093333333334,28.471566666666668,41.80003333333333,35.959377777777775,5.992999768835341,32.77551428571429,6.303093034283642,31.082685714285713,5.428255729930615,31.617838333333335,6.667113462903104,32.69092503517938,31.203702181728595,1,0.2396301010994164,0
2025-12-09,30.039266666666663,242.40731944444445,5.2498611111111115,0.1302736111111111,2054.0,3355.0,7971.0,2025,12,9,1,343,50,4,0,0,33.44806666666667,29.043966666666662,39.638133333333336,39.09446666666667,33.00216666666667,43.98623333333333,23.45795,34.04338888888889,5.322114077270645,33.37195714285714,6.1110305882284415,30.93748095238095,5.327813424451337,31.339439444444444,6.3961440927019195,32.880210443051205,31.348499890434276,1,0.239639429720164,0
2025-12-10,34.3194,241.77770833333335,5.97486111111111,0.1553111111111111,2823.0,351.0,15435.0,2025,12,10,2,344,50,4,0,0,30.039266666666663,33.44806666666667,29.043966666666662,24.66146666666667,26.660433333333337,24.5808,26.76973333333333,30.843766666666667,2.3096405326371494,32.07835714285714,5.637878929490835,30.72584523809524,5.298254813262421,31.558816666666665,6.227131682663878,32.16997449895507,31.264033230836365,1,0.2437578768078891,0
2025-12-11,29.741033333333338,244.29111805555556,5.130833333333333,0.1525166666666666,1546.0,385.0,11251.0,2025,12,11,3,345,50,4,0,0,34.3194,30.039266666666663,33.44806666666667,28.52156666666667,23.000433333333337,32.6836,34.008,32.602244444444445,2.26195640132213,33.458061904761905,4.607981935062416,31.27291428571429,5.241297777728686,31.810472222222227,6.179285435787862,32.707330874216304,31.4611536675566,1,0.2274823229090706,0
2025-12-12,30.273000000000003,244.9389513888889,5.2612499999999995,0.1727291666666666,1087.0,4120.0,8198.0,2025,12,12,4,346,50,4,0,0,29.741033333333338,34.3194,30.039266666666663,39.19603333333334,30.9825,41.61426666666667,24.384433333333337,31.366566666666667,2.5615726226503135,33.63227142857143,4.409003261149231,31.75438571428572,4.70509497137894,31.66824,6.176066249535384,31.96575648899556,31.35017816212284,1,0.2247720817679789,0
2025-12-13,35.646899999999995,244.4975972222222,6.164861111111111,0.1542986111111111,3984.0,417.0,13178.0,2025,12,13,5,347,50,4,1,0,30.273000000000003,29.741033333333338,34.3194,39.638133333333336,27.516033333333333,40.8496,25.548766666666666,31.44447777777778,2.5039230162850417,32.357552380952384,3.7769201735969697,31.703707142857144,4.717852205254999,31.864525555555552,6.028401314243133,31.54256736674667,31.280682796824596,1,0.209030847485852,0
2025-12-14,29.91436666666667,246.1488125,5.122222222222222,0.1055430555555555,1090.0,2280.0,10742.0,2025,12,14,6,348,50,4,1,0,35.646899999999995,30.273000000000003,29.741033333333338,29.043966666666662,29.0865,24.518700000000003,42.67426666666667,31.886977777777776,3.2670335889736464,31.78737619047619,2.6181417877253503,32.284483333333334,4.66282867931124,32.20113,5.944935599826058,32.56865052506001,31.562374229287528,1,0.1922718720917806,0
2025-12-15,32.33526666666667,246.04318055555555,5.514583333333333,0.1127388888888888,1111.0,392.0,14084.0,2025,12,15,0,349,51,4,0,0,29.91436666666667,35.646899999999995,30.273000000000003,33.44806666666667,29.272966666666665,35.48093333333334,32.788466666666665,31.944755555555556,3.2111617185363204,31.911719047619048,2.4833324170657436,32.34361666666667,4.624242373718963,31.7758,5.617218129549649,31.905079560461672,31.456051160731345,1,0.1773281094481812,0
2025-12-16,23.2479,247.21586805555555,3.993333333333333,0.1072430555555555,1143.0,2943.0,8104.0,2025,12,16,1,350,51,4,0,0,32.33526666666667,29.91436666666667,35.646899999999995,30.039266666666663,39.09446666666667,33.00216666666667,25.241133333333337,32.63217777777778,2.8777772256328364,31.752747619047614,2.4029067305810643,32.56235238095238,4.539471096130172,31.760693333333332,5.615009776038704,32.012626337012925,31.51277474175943,1,0.1903857737401653,0
2025-12-17,28.6197,246.89413194444444,4.84125,0.1034513888888888,0.0,308.0,14395.0,2025,12,17,2,351,51,4,0,0,23.2479,32.33526666666667,29.91436666666667,34.3194,24.66146666666667,26.660433333333337,28.471566666666668,28.499177777777778,4.706073514835599,30.78255238095238,4.030120531367898,31.430454761904763,4.75590472553804,31.694252222222225,5.705871941799926,29.821444752759692,30.979557016484627,1,0.2443414504510901,0
2025-12-18,29.078433333333333,246.5948541666667,4.968333333333333,0.1114013888888889,1195.0,304.0,11466.0,2025,12,18,3,352,51,4,0,0,28.6197,23.2479,32.33526666666667,29.741033333333338,28.52156666666667,23.000433333333337,43.98623333333333,28.067622222222223,4.568769050646807,29.968309523809527,3.763396699629403,31.71318571428571,4.4289624959520815,31.69919,5.7030503078376125,29.52100856456977,30.827308176711423,1,0.239800581850008,0
2025-12-19,36.738899999999994,245.93454166666663,6.242916666666666,0.0955611111111111,1165.0,2662.0,13681.0,2025,12,19,4,353,51,4,0,0,29.078433333333333,28.6197,23.2479,30.273000000000003,39.19603333333334,30.9825,24.5808,26.98201111111111,3.2419590389716793,29.873652380952382,3.778368996834717,31.752961904761907,4.400503049970165,31.202263333333335,5.224965104214132,29.41036475676066,30.714477541654777,1,0.2059890934389384,0
2025-12-20,19.069433333333333,247.43500694444444,3.2444444444444445,0.0847916666666666,1237.0,313.0,7795.0,2025,12,20,5,354,51,4,1,0,36.738899999999994,29.078433333333333,28.6197,35.646899999999995,39.638133333333336,27.516033333333333,32.6836,31.47901111111111,4.560968363228449,30.797352380952383,4.5944899640303145,31.577452380952383,4.120927530990846,31.607533333333333,5.164837366282889,31.242498567570493,31.10314995832221,1,0.2187648524422597,0
2025-12-21,33.9161,246.4092152777778,5.778333333333332,0.1194083333333333,3293.0,282.0,11473.0,2025,12,21,6,355,51,4,1,0,19.069433333333333,36.738899999999994,29.078433333333333,29.91436666666667,29.043966666666662,29.0865,41.61426666666667,28.295588888888886,8.860708049544304,28.42914285714286,5.794006771583164,30.10825952380952,4.657691275750499,31.153727777777775,5.6429958210513975,28.199232259011204,30.3267811438068,1,0.2413946338303891,0
2025-12-22,31.467033333333333,245.73843749999995,5.365694444444444,0.1065013888888888,0.0,285.0,15829.0,2025,12,22,0,356,52,4,0,0,33.9161,19.069433333333333,36.738899999999994,32.33526666666667,33.44806666666667,29.272966666666665,40.8496,29.90814444444445,9.492117459902865,29.000819047619046,6.151371121828355,30.45626904761905,4.753092315435765,30.897122222222222,5.316503541736451,29.628449194258405,30.55835010227088,1,0.253991467967534,0
2025-12-23,24.253333333333337,246.87896527777775,4.121388888888889,0.0940388888888888,1143.0,284.0,11205.0,2025,12,23,1,357,52,4,0,0,31.467033333333333,33.9161,19.069433333333333,23.2479,30.039266666666663,39.09446666666667,24.518700000000003,28.150855555555555,7.959500868028606,28.876785714285713,6.081285255810475,30.314766666666667,4.686190808208837,30.58437,4.975906271818816,30.088095229027136,30.616974826855554,1,0.2573357731686067,0
2025-12-24,48.43156666666666,245.83511805555557,8.29361111111111,0.1414305555555555,5184.0,5575.0,15198.0,2025,12,24,2,358,52,4,0,0,24.253333333333337,31.467033333333333,33.9161,28.6197,34.3194,24.66146666666667,35.48093333333334,29.878822222222222,5.023353044899784,29.020419047619047,5.936324985047016,29.901485714285716,4.959519622738486,30.575524444444447,4.987283757172125,28.629404755103685,30.206417311144445,1,0.1218835081659558,0
2025-12-25,35.4608,243.58829861111113,6.127638888888888,0.1336,3371.0,3895.0,14288.0,2025,12,25,3,359,52,4,0,0,48.43156666666666,24.253333333333337,31.467033333333333,29.078433333333333,29.741033333333338,28.52156666666667,33.00216666666667,34.71731111111111,12.412492537956094,31.85068571428571,9.416288513977486,30.909497619047617,6.958003443805681,31.007212222222226,5.90295529816574,33.57994523299443,31.38223339859749,1,0.2107573773153851,0
2025-12-26,36.393633333333334,242.46571527777775,6.30638888888889,0.111725,1186.0,4294.0,16047.0,2025,12,26,4,360,52,4,0,0,35.4608,48.43156666666666,24.253333333333337,36.738899999999994,30.273000000000003,39.19603333333334,26.660433333333337,36.048566666666666,12.09982826411649,32.76245238095238,9.412113196849916,31.318052380952384,7.0514142699252655,31.089166666666667,5.948499263773156,34.05015892474582,31.64536672772023,1,0.2075431521216408,0
2025-12-27,36.59086666666666,242.66604166666664,6.364722222222222,0.1438638888888889,4218.0,318.0,12450.0,2025,12,27,5,361,52,4,1,0,36.393633333333334,35.4608,48.43156666666666,19.069433333333333,35.646899999999995,39.638133333333336,23.000433333333337,40.095333333333336,7.234440831728429,32.71312857142857,9.3886772103112,31.755240476190476,7.170373239807729,31.41360666666667,5.96403158458005,34.6360275268927,31.95170650872753,1,0.2048915696519928,0
2025-12-28,34.90163333333333,243.77761111111113,6.033333333333333,0.1261583333333333,2175.0,2063.0,14934.0,2025,12,28,6,362,52,4,1,0,36.59086666666666,36.393633333333334,35.4608,33.9161,29.91436666666667,29.043966666666662,30.9825,36.14843333333334,0.6036182135911903,35.21619047619048,7.2331731078442845,31.822666666666667,7.214088246162463,31.866621111111108,5.817294022193548,35.124737311836185,32.251007164078445,1,0.2076442891620943,0
2025-12-29,34.1328,243.1830138888889,5.912638888888889,0.1680902777777778,1260.0,346.0,10205.0,2025,12,29,0,363,1,4,0,0,34.90163333333333,36.59086666666666,36.393633333333334,31.467033333333333,32.33526666666667,33.44806666666667,27.516033333333333,35.96204444444444,0.9236227803446534,35.35698095238095,7.213213760070129,32.1789,7.235711097477179,31.99725888888889,5.840713302739834,35.06896131721047,32.422015304030374,1,0.2083528759294668,0
2025-12-30,40.85183333333334,241.05222916666668,7.168472222222222,0.1852736111111111,5284.0,4539.0,12484.0,2025,12,30,1,364,1,4,0,0,34.1328,34.90163333333333,36.59086666666666,24.253333333333337,23.2479,30.039266666666663,29.0865,35.20843333333333,1.2574249935664328,35.73780476190476,7.0419511453233765,32.307295238095236,7.254622802447283,32.217817777777775,5.790371887624301,34.83492098790786,32.53238851022196,1,0.175721049624618,0
2025-12-31,36.864866666666664,240.9588194444445,6.401666666666666,0.1295916666666666,0.0,387.0,19409.0,2025,12,31,2,365,1,4,0,0,40.85183333333334,34.1328,34.90163333333333,48.43156666666666,28.6197,34.3194,29.272966666666665,36.62875555555556,3.677440089448477,38.10901904761904,5.040437472961647,33.56471904761905,7.087285801086077,32.60999555555556,5.96672024106634,36.33914907426423,33.06912688590657,1,0.1564890820938056,0
2026-01-01,20.4042,242.56572222222223,3.537083333333333,0.1148166666666666,2304.0,327.0,3558.0,2026,1,1,3,1,1,1,0,0,36.864866666666664,40.85183333333334,34.1328,35.4608,29.078433333333333,29.741033333333338,39.09446666666667,37.283166666666666,3.3789914769221503,36.456633333333336,2.172415532347544,34.15365952380952,6.986618577322516,32.863058888888894,5.981286038239511,36.470578472364835,33.31401332337496,1,0.1113631636949181,0
2026-01-02,21.863583333333334,244.67208333333332,3.8197916666666663,0.1386486111111111,801.0,298.0,6441.5,2026,1,2,4,2,1,1,0,0,20.4042,36.864866666666664,40.85183333333334,36.393633333333334,36.738899999999994,30.273000000000003,24.66146666666667,32.706966666666666,10.839396963904951,34.30569047619048,6.488700192662917,33.53407142857143,7.807699225215387,32.240050000000004,6.275970091567343,32.45398385427362,32.48112214122174,1,0.2078914480099823,0
2026-01-03,34.72423333333334,243.74452777777776,6.044166666666667,0.1330625,3842.0,4920.0,10074.0,2026,1,3,5,3,1,1,1,0,21.863583333333334,20.4042,36.864866666666664,36.59086666666666,19.069433333333333,35.646899999999995,28.52156666666667,26.37755,9.111548061587056,32.22996904761904,7.883586004879681,32.47154880952381,8.332541302598358,32.14678722222222,6.411792513609505,29.80638372403855,31.796119637487003,1,0.2284258254030016,0
2026-01-04,26.735533333333333,245.69911805555552,4.599444444444444,0.1086138888888888,0.0,292.0,10812.0,2026,1,4,6,4,1,1,1,0,34.72423333333334,21.863583333333334,20.4042,34.90163333333333,33.9161,29.91436666666667,39.19603333333334,25.66400555555556,7.88024399795555,31.963307142857143,7.741788510641713,33.58974880952381,7.393130232443249,32.353542777777776,6.390833906183878,31.035846126362244,31.985030198509342,1,0.2408535339019105,0
2026-01-05,36.99633333333334,244.5210347222222,6.347083333333333,0.1034277777777777,1785.0,293.0,16468.0,2026,1,5,0,5,2,1,0,0,26.735533333333333,34.72423333333334,21.863583333333334,34.1328,31.467033333333333,32.33526666666667,39.638133333333336,27.77445,6.49296469155911,30.79672142857143,7.839867544177633,33.07685119047619,7.614509122963573,31.938192777777775,6.335469029575104,29.960767928105017,31.646352981401215,1,0.2131422169467111,0
2026-01-06,29.619666666666667,245.2348125,5.112083333333333,0.1056111111111111,1731.0,3256.0,11359.0,2026,1,6,1,6,2,1,0,0,36.99633333333334,26.735533333333333,34.72423333333334,40.85183333333334,24.253333333333337,23.2479,29.043966666666662,32.81870000000001,5.389276122387313,31.20579761904762,8.112906413950537,33.47180119047619,7.667798646527923,31.85013277777778,6.242429708576734,31.7196592794121,31.991513004106512,1,0.2387838195739128,0
2026-01-07,29.4907,244.9085625,5.069722222222222,0.0798777777777777,1198.0,255.0,12936.0,2026,1,7,2,7,2,1,0,0,29.619666666666667,36.99633333333334,26.735533333333333,36.864866666666664,48.43156666666666,28.6197,33.44806666666667,31.117177777777783,5.29177747131589,29.601202380952383,6.908475810422012,33.855110714285715,7.296672546019159,31.869322777777775,6.234385445132136,31.19466112622574,31.838490659755553,1,0.251523186632184,0
2026-01-08,29.953466666666667,244.4048125,5.151388888888889,0.1109583333333333,0.0,994.0,12531.0,2026,1,8,3,8,2,1,0,0,29.4907,29.619666666666667,36.99633333333334,20.4042,35.4608,29.078433333333333,30.039266666666663,32.03556666666667,4.2966338616539925,28.547750000000004,6.135216467618323,32.50219166666667,6.03252815116204,31.73741055555556,6.241691535475858,30.768670844669305,31.687020294610036,1,0.2559710737102389,0
2026-01-09,38.94833333333334,243.8697361111111,6.733472222222223,0.1384722222222222,2781.0,4855.0,14734.0,2026,1,9,4,9,2,1,0,0,29.953466666666667,29.4907,29.619666666666667,21.863583333333334,36.393633333333334,36.738899999999994,34.3194,29.687944444444444,0.2388192583281263,29.911930952380953,4.974551766671772,32.10881071428572,6.004256839001955,31.73455055555555,6.242516074414093,30.564869800168648,31.575178125065303,1,0.2156988774872929,0
2026-01-10,41.807766666666666,243.84061805555555,7.226388888888889,0.1577569444444444,3564.0,2032.0,14108.0,2026,1,10,5,10,2,1,1,0,38.94833333333334,29.953466666666667,29.4907,34.72423333333334,36.59086666666666,19.069433333333333,29.741033333333338,32.79750000000001,5.331800940374507,32.35260952380953,4.539810514511678,32.291289285714285,6.180723689432491,31.888848333333335,6.364622540553518,32.66073568345982,32.05086555785679,1,0.1803574737839785,0
2026-01-11,25.3114,246.0691111111111,4.335138888888889,0.1084763888888888,1251.0,340.0,10279.0,2026,1,11,6,11,2,1,1,0,41.807766666666666,38.94833333333334,29.953466666666667,26.735533333333333,34.90163333333333,33.9161,30.273000000000003,36.90318888888888,6.186119055715201,33.36454285714286,5.77734960355915,32.663925,6.602741051178781,32.29107277777778,6.601103562246992,34.947493429261534,32.68034304874775,1,0.2357354879128866,0
2026-01-12,23.037504259850905,244.3700029501591,6.01614340455062,0.1459013641133263,670.8306709265175,3607.8306709265175,10697.891373801916,2026,1,12,0,12,3,1,0,0,25.3114,41.807766666666666,38.94833333333334,36.99633333333334,34.1328,31.467033333333333,35.646899999999995,35.35583333333334,8.81544499658292,33.161095238095236,6.0674846068392965,31.97890833333334,6.845735773659959,32.12568611111111,6.7145881091969395,32.53847007194615,32.204927368183384,1,0.2289886931060176,0
2026-01-14,12.158262406815762,243.63929382262128,8.499484177271672,0.2150335195530726,1891.1693290734825,85.16932907348243,1904.1086261980831,2026,1,14,2,14,3,1,0,0,23.037504259850905,25.3114,41.807766666666666,29.619666666666667,40.85183333333334,24.253333333333337,29.91436666666667,30.052223642172525,10.243888144148052,31.16697679902632,6.841402162931345,31.186387209036972,7.209766233888533,31.70537291977281,6.879207345965487,30.16322861892234,31.6134807160329,1,0.1478370452867281,0
2026-01-15,36.61266666666667,243.72576388888888,6.335,0.1515902777777777,1957.0,2952.0,13546.0,2026,1,15,3,15,3,1,0,0,12.158262406815762,23.037504259850905,25.3114,29.4907,36.864866666666664,48.43156666666666,32.33526666666667,20.169055555555556,7.030096415639569,28.67249047619048,9.968354272605142,29.13684642857143,8.253621675321153,31.11350277777778,7.747644437599024,25.661987065895698,30.358305341244694,1,0.1872435909168019,0
2026-01-16,35.8352,243.0452361111111,6.219722222222222,0.1684152777777778,2605.0,2415.0,13652.0,2026,1,16,4,16,3,1,0,0,36.61266666666667,12.158262406815762,23.037504259850905,29.953466666666667,20.4042,35.4608,23.2479,23.936144444444448,12.251944236000986,29.689914285714284,10.419048213717696,29.118832142857144,8.23571288820526,31.25608277777778,7.810011392099468,28.399656966088443,30.761812523529983,1,0.1837836793524943,0
2026-01-17,31.775933333333334,242.54300694444444,5.521527777777778,0.1312402777777777,1992.0,298.0,15044.0,2026,1,17,5,17,3,1,1,0,35.8352,36.61266666666667,12.158262406815762,38.94833333333334,21.863583333333334,36.393633333333334,28.6197,28.202043024494145,13.899758486592091,30.530161904761908,10.677799073327616,30.22104642857143,8.009163421523146,31.67565944444444,7.702323980133401,30.258542724566333,31.089127844592568,1,0.1927803958285901,0
2026-01-18,31.351633333333332,243.63636805555555,5.4215277777777775,0.133175,617.0,295.0,12981.0,2026,1,18,6,18,3,1,1,0,31.775933333333334,35.8352,36.61266666666667,41.807766666666666,34.72423333333334,36.59086666666666,29.078433333333333,34.74126666666667,2.597309172543536,29.505533333333336,10.061723250251,30.92907142857143,7.643294575358793,31.780867222222223,7.680667967954167,30.637890376758087,31.133437876124233,1,0.2101765529838222,0
2026-01-19,40.55846666666666,243.02311111111112,7.004583333333334,0.1123291666666666,2044.0,653.0,19311.0,2026,1,19,0,19,4,1,0,0,31.351633333333332,31.775933333333334,35.8352,25.3114,26.735533333333333,34.90163333333333,36.738899999999994,32.98758888888889,2.4752119914450432,28.0118,8.601105683886345,30.68817142857143,7.567248361266715,31.85664055555555,7.664283481931832,30.8163261159019,31.14751500239579,1,0.1744362801994649,0
2026-01-20,39.19546666666667,242.7604375,6.810694444444445,0.1387916666666666,2317.0,3341.0,14563.0,2026,1,20,1,20,4,1,0,0,40.55846666666666,31.351633333333332,31.775933333333334,23.037504259850905,36.99633333333334,34.1328,19.069433333333333,34.562011111111104,5.197414457671793,30.18995238095238,9.667732961025552,31.67552380952381,7.906051698302641,31.983959444444448,7.779050147787728,33.25186125359309,31.754673174284232,1,0.1780785266790431,0
2026-01-21,35.63093333333333,242.95125,6.161944444444445,0.1287638888888888,894.0,449.0,16451.0,2026,1,21,2,21,4,1,0,0,39.19546666666667,40.55846666666666,31.351633333333332,12.158262406815762,29.619666666666667,40.85183333333334,33.9161,37.03518888888888,4.969058770513406,32.4982327247832,9.604122639430669,31.832604761904765,8.040601678398593,32.654827222222224,7.489334852229744,34.73776260686149,32.234724367341165,1,0.2071255592996341,0
2026-01-22,29.843766666666667,241.8501736111111,5.183194444444444,0.1089291666666666,699.0,352.0,14512.0,2026,1,22,3,22,4,1,0,0,35.63093333333333,39.19546666666667,40.55846666666666,36.61266666666667,29.4907,36.864866666666664,31.467033333333333,38.46162222222222,2.544413869491537,35.85147142857143,3.4357187985020716,32.26198095238095,8.073773732565144,32.71198833333333,7.505819204805986,34.96105528847945,32.45383462321163,1,0.1712535209577982,0
2026-01-23,43.52568333333333,240.82820833333332,7.6688888888888895,0.1809958333333333,3154.0,4086.0,16039.0,2026,1,23,4,23,4,1,0,0,29.843766666666667,35.63093333333333,39.19546666666667,35.8352,29.953466666666667,20.4042,24.253333333333337,34.890055555555556,4.719666104048544,34.88448571428571,4.07824820825003,32.2872,8.064998201678893,32.65787944444445,7.520939242388326,33.68173313302625,32.28544314214421,1,0.135043431866227,0
2026-01-24,37.82366666666667,241.74617361111112,6.605138888888889,0.1216930555555555,3496.0,2760.0,11046.0,2026,1,24,5,24,4,1,1,0,43.52568333333333,29.843766666666667,35.63093333333333,31.775933333333334,38.94833333333334,21.863583333333334,48.43156666666666,36.333461111111106,6.86795965897559,35.98312619047619,5.245792171754961,33.25664404761905,8.563222971666018,33.300291111111115,7.600960168686213,36.142720683103015,33.01061992867254,1,0.1811027951436343,0
2026-01-25,32.17516666666667,242.8986111111111,5.55,0.1025513888888889,1368.0,455.0,16136.0,2026,1,25,6,25,4,1,1,0,37.82366666666667,43.52568333333333,29.843766666666667,31.351633333333332,41.807766666666666,34.72423333333334,35.4608,37.064372222222225,6.872489138472853,36.8470880952381,4.9256491848387824,33.17631071428571,8.510835898871,32.94669444444445,7.103223594306799,36.562957178993926,33.32113907305925,1,0.1877330863537193,0
2026-01-26,34.459399999999995,243.33947916666665,5.903472222222222,0.0909236111111111,526.0,395.0,16243.0,2026,1,26,0,26,5,1,0,0,32.17516666666667,37.82366666666667,43.52568333333333,40.55846666666666,25.3114,26.735533333333333,36.393633333333334,37.84150555555555,5.6752793604842555,36.96473571428571,4.780203262961176,32.48826785714285,8.14068073126058,32.83717333333333,7.0884375488752305,35.46600955091211,33.24720536942102,1,0.180501426553527,0
2026-01-27,46.015033333333335,241.98610416666665,7.990138888888889,0.1033069444444444,2044.0,6403.0,18154.0,2026,1,27,1,27,5,1,0,0,34.459399999999995,32.17516666666667,37.82366666666667,39.19546666666667,23.037504259850905,36.99633333333334,36.59086666666666,34.8194111111111,2.8414070568283045,36.09344047619048,4.567088360415008,33.14169642857143,7.883377063857504,32.77269888888888,7.063727068017075,35.21435716318408,33.325411474619656,1,0.1192893342427436,0
2026-01-28,35.170566666666666,243.2490347222222,6.0633333333333335,0.1100833333333333,2032.0,504.0,14987.0,2026,1,28,2,28,5,1,0,0,46.015033333333335,34.459399999999995,32.17516666666667,35.63093333333333,12.158262406815762,29.619666666666667,34.90163333333333,37.54986666666667,7.419482158554779,37.06766428571429,5.878228625901927,34.78294850524874,8.00881930928798,33.08683777777778,7.438973515037763,37.914526205721394,34.144096755826986,1,0.187397385953882,0
2026-01-29,34.88316666666666,243.6328055555555,5.978611111111111,0.1025513888888889,1488.0,851.0,18061.0,2026,1,29,3,29,5,1,0,0,35.170566666666666,46.015033333333335,34.459399999999995,29.843766666666667,36.61266666666667,29.4907,34.1328,38.54833333333333,6.476121229134473,37.00189761904762,5.899518870718648,36.42668452380952,4.676315947073878,33.09580222222222,7.441397519148201,37.22853632095771,34.21032062104245,1,0.190977594835709,0
2026-01-30,47.3788,242.07939583333336,8.307222222222222,0.1638861111111111,3240.0,7544.0,17891.0,2026,1,30,4,30,5,1,0,0,34.88316666666666,35.170566666666666,46.015033333333335,43.52568333333333,35.8352,29.953466666666667,40.85183333333334,38.689588888888885,6.34564826644869,37.72181190476191,5.138874447151307,36.30314880952381,4.693836415811265,33.12081444444445,7.446262781746564,36.64219390738494,34.25373004334078,1,0.0898770323133993,0
2026-01-31,29.9866,243.40263888888887,5.202222222222222,0.1191083333333333,1715.0,1380.0,12569.0,2026,1,31,5,31,5,1,1,0,47.3788,34.88316666666666,35.170566666666666,37.82366666666667,31.775933333333334,38.94833333333334,36.864866666666664,39.14417777777777,7.132839690266342,38.27225714285714,5.998607467469694,37.12769166666667,5.542494468670731,33.33838,7.7683254063360225,39.3263454305387,35.10050875022202,1,0.1743136556510326,0
2026-02-01,28.229633333333332,243.63174305555555,4.857777777777778,0.0866555555555555,1111.0,367.0,14623.0,2026,2,1,6,32,5,1,1,0,29.9866,47.3788,34.88316666666666,32.17516666666667,31.351633333333332,41.807766666666666,20.4042,37.41618888888888,8.968517513709008,37.15267619047619,6.777123278646193,36.99988214285714,5.6939601147603165,33.10910444444444,7.762155787226428,36.99140907290403,34.7705791534335,1,0.1930384659046387,0
2026-02-02,35.95719999999999,243.33281944444445,6.148333333333333,0.0910888888888889,0.0,382.0,21536.0,2026,2,2,0,33,6,1,0,0,28.229633333333332,29.9866,47.3788,34.459399999999995,40.55846666666666,25.3114,21.863583333333334,35.19834444444444,10.58510066662541,36.58902857142857,7.39591781441397,36.77688214285714,5.985840387093813,33.369952222222224,7.445512895365501,34.80096513801135,34.34858264891091,1,0.1955226415517165,0
2026-02-03,48.38356666666667,242.3880763888889,8.37,0.1275638888888889,2234.0,8423.0,21130.0,2026,2,3,1,34,6,1,0,0,35.95719999999999,28.229633333333332,29.9866,46.015033333333335,39.19546666666667,23.037504259850905,34.72423333333334,31.39114444444444,4.0507259188026685,36.803,7.345531578121832,36.44822023809524,5.887750929191527,33.83973944444445,7.13251547010685,35.09002385350851,34.4523644134973,1,0.1089752593644195,0
2026-02-04,38.6045,242.10079166666668,6.643888888888889,0.0985055555555555,1074.0,532.0,23743.0,2026,2,4,2,35,6,1,0,0,48.38356666666667,35.95719999999999,28.229633333333332,35.170566666666666,35.63093333333333,12.158262406815762,26.735533333333333,37.523466666666664,10.167848870554971,37.1413619047619,7.87599252716357,37.10451309523809,6.676756410140289,34.295050555555555,7.610863074900031,38.41340955679805,35.35115165563726,1,0.181434927243408,0
2026-02-05,34.98153333333333,241.94126388888887,6.075416666666667,0.0992902777777777,902.0,474.0,18008.0,2026,2,5,3,36,6,1,0,0,38.6045,48.38356666666667,35.95719999999999,34.88316666666666,29.843766666666667,36.61266666666667,36.99633333333334,40.98175555555555,6.5453918993386555,37.631923809523805,7.839640000940006,37.31691071428571,6.673569769011444,34.69068277777777,7.512199672864913,38.46118216759854,35.561045097209046,1,0.1863423427688579,0
2026-02-06,45.216433333333335,241.0920694444445,7.933194444444444,0.2059819444444444,4324.0,2209.0,17857.0,2026,2,6,4,37,6,1,0,0,34.98153333333333,38.6045,48.38356666666667,47.3788,43.52568333333333,35.8352,29.619666666666667,40.656533333333336,6.932658578624788,37.64597619047619,7.833977848939321,37.68389404761905,6.365142851874528,34.62352277777778,7.499872250447849,37.59126995903224,35.52365724147513,1,0.1366676669283261,0
2026-02-07,27.095133333333333,242.68447222222224,4.726805555555556,0.1128236111111111,2736.0,3837.0,5546.0,2026,2,7,5,38,6,1,1,0,45.216433333333335,34.98153333333333,38.6045,29.9866,37.82366666666667,31.775933333333334,29.4907,39.60082222222223,5.189680913155671,37.337066666666665,7.417807852428876,37.80466190476191,6.499136176918382,35.143415,7.67947773411343,39.49756080260751,36.14899763449824,1,0.1875069934533288,0
2026-02-08,43.037299999999995,241.99677777777777,7.4075,0.0970486111111111,1161.0,431.0,19764.0,2026,2,8,6,39,6,1,1,0,27.095133333333333,45.216433333333335,34.98153333333333,28.229633333333332,32.17516666666667,31.351633333333332,29.953466666666667,35.76436666666667,9.0859781775731,36.924,7.95630472960722,37.038338095238096,7.101333212347949,35.063562777777776,7.752390797830976,36.39695393528896,35.56487735700374,1,0.1573977216500695,0
2026-02-09,40.348866666666666,243.1503680555556,6.920138888888889,0.0970222222222222,1214.0,410.0,19769.0,2026,2,9,0,40,7,1,0,0,43.037299999999995,27.095133333333333,45.216433333333335,35.95719999999999,34.459399999999995,40.55846666666666,38.94833333333334,38.449622222222224,9.893455865724512,39.03938095238095,7.191120437061093,37.81420476190476,7.122476203568727,35.49969055555555,7.822709005273254,38.05704045146672,36.046969140422846,1,0.1339860044008789,0
2026-02-10,32.46706666666667,242.44686458333337,5.615138888888889,0.0983708333333333,1219.0,2976.0,12230.5,2026,2,10,1,41,7,1,0,0,40.348866666666666,43.037299999999995,27.095133333333333,48.38356666666667,46.015033333333335,39.19546666666667,41.807766666666666,36.827099999999994,8.534652883848246,39.666761904761906,7.067919828807866,38.23488095238095,7.082904185403688,35.546375000000005,7.848137266545294,38.62999700526671,36.32451091630954,1,0.1415825902729667,0
2026-02-11,22.82946666666667,244.51238194444448,3.9073611111111113,0.0862152777777777,0.0,330.0,9916.0,2026,2,11,2,42,7,1,0,0,32.46706666666667,40.348866666666666,43.037299999999995,38.6045,35.170566666666666,35.63093333333333,25.3114,38.61774444444445,5.493636891120781,37.39297619047619,6.316580828549399,37.26716904761905,6.860165360363573,35.23501833333333,7.776120216613597,37.08926442061669,36.07564354536484,1,0.1647925382022627,0
2026-02-12,31.549966666666663,243.62629166666665,5.408055555555555,0.0918625,1241.0,312.0,15211.0,2026,2,12,3,43,7,1,0,0,22.82946666666667,32.46706666666667,40.348866666666666,34.98153333333333,34.88316666666666,29.843766666666667,23.037504259850905,31.8818,8.774351650881899,35.1394,8.311367119460186,36.3856619047619,7.869009490626209,35.15228722222222,7.897593481779358,33.524314982129184,35.22105148867464,1,0.2157795994788074,0
2026-02-13,39.1926,242.88909027777777,6.744027777777777,0.1005513888888889,1838.0,5292.0,18710.0,2026,2,13,4,44,7,1,0,0,31.549966666666663,22.82946666666667,32.46706666666667,45.216433333333335,47.3788,43.52568333333333,12.158262406815762,28.948833333333337,5.319328378971676,34.64917619047619,8.422685779614232,36.14757619047619,7.967771157890879,35.43603596911608,7.594419112240548,33.03072790326355,34.984207306609605,1,0.1911714230770977,0
2026-02-14,28.141666666666666,243.14075,4.832569444444444,0.0866555555555555,1224.5,319.5,13190.5,2026,2,14,5,45,7,1,1,0,39.1926,31.549966666666663,22.82946666666667,27.095133333333333,29.9866,37.82366666666667,36.61266666666667,31.19067777777778,8.18748126717679,33.78862857142857,7.4099234747492115,35.562847619047616,7.357126218991591,36.33718055555555,6.215875204692163,34.57119592744767,35.25571651263479,1,0.2327820176763348,0
2026-02-15,34.9522,243.44677777777775,6.042361111111111,0.0911597222222222,3468.0,332.0,16065.0,2026,2,15,6,46,7,1,1,0,28.141666666666666,39.1926,31.549966666666663,43.037299999999995,28.229633333333332,32.17516666666667,35.8352,32.96141111111111,5.6590558796728665,33.93813333333333,7.261435050369864,35.431066666666666,7.480185326661147,36.05481388888889,6.392815632225354,32.963813612252416,34.796745554830395,1,0.2214985406493351,0
2026-02-16,29.9626,243.75376388888887,5.148333333333333,0.0830597222222222,1945.0,317.0,12820.0,2026,2,16,0,47,8,1,0,0,34.9522,28.141666666666666,39.1926,40.348866666666666,35.95719999999999,34.459399999999995,31.775933333333334,34.09548888888889,5.575055814103688,32.783119047619046,6.127339350806854,35.91125,7.1925808438279,36.02538055555555,6.395893609926783,33.46091020918931,34.80677487387359,1,0.2469755674389377,0
2026-02-17,34.242666666666665,242.34681944444444,5.94125,0.0830277777777777,2294.0,6636.0,10101.0,2026,2,17,1,48,8,1,0,0,29.9626,34.9522,28.141666666666666,32.46706666666667,48.38356666666667,46.015033333333335,31.351633333333332,31.018822222222223,3.525981438996608,31.299366666666668,5.173165824500174,35.483064285714285,7.365978826136281,35.96493611111111,6.445811517513577,32.58633265689198,34.49424746265594,1,0.2414999189588004,0
2026-02-18,29.3526,243.58819444444444,5.038194444444445,0.0972222222222222,965.0,385.0,14884.0,2026,2,18,2,49,8,1,0,0,34.242666666666665,29.9626,34.9522,22.82946666666667,38.6045,35.170566666666666,40.55846666666666,33.05248888888889,2.6993368439373806,31.55302380952381,5.282344269100644,34.473,6.362037526711257,36.061303888888894,6.395879989929965,33.00041615933565,34.47801644355986,1,0.2543560271562521,0
2026-02-19,32.559533333333334,241.70740277777776,5.654166666666667,0.0938541666666666,2124.0,397.0,14543.0,2026,2,19,3,50,8,1,0,0,29.3526,34.242666666666665,29.9626,31.549966666666663,34.98153333333333,34.88316666666666,39.19546666666667,31.18595555555555,2.6647020682607376,32.484899999999996,3.874739323274838,33.812149999999995,6.380359678682644,35.687775,6.451163125322054,32.088462119501735,34.14734441494309,1,0.2202330269387846,0
2026-02-20,33.062133333333335,241.78896527777775,5.745555555555556,0.1050333333333333,3748.0,382.0,14470.0,2026,2,20,4,51,8,1,0,0,32.559533333333334,29.3526,34.242666666666665,39.1926,45.216433333333335,47.3788,35.63093333333333,32.0516,2.48428766539728,32.62912380952381,3.85286679383084,33.639149999999994,6.379048942346068,35.46657722222222,6.440501709429561,32.20622992295963,34.04490499032311,1,0.218248624916105,0
2026-02-21,45.6719,240.625375,8.038333333333334,0.1162902777777777,5905.0,8142.0,17083.0,2026,2,21,5,52,8,1,1,0,33.062133333333335,32.559533333333334,29.3526,28.141666666666666,27.095133333333333,29.9866,29.843766666666667,31.658088888888887,2.012364517823038,31.753342857142854,2.6078991159844196,32.770985714285715,5.440213372444997,35.38095055555555,6.455300376322705,32.42020577555305,33.98150036729152,1,0.1012340877482523,0
2026-02-22,24.56726666666667,240.57949305555553,4.315,0.1115444444444444,1393.0,2167.0,10159.0,2026,2,22,6,53,8,1,1,0,45.6719,33.062133333333335,32.559533333333334,34.9522,43.037299999999995,28.229633333333332,43.52568333333333,37.097855555555554,7.429591529248632,34.2576619047619,5.440397620014717,34.09789761904762,6.166382409768182,35.908555,6.631555772794465,35.733129331664784,34.735719698434,1,0.2168348651348334,0
2026-02-23,24.354666666666667,241.98468055555557,4.254583333333334,0.1167069444444444,0.0,3001.0,8806.0,2026,2,23,0,54,9,1,0,0,24.56726666666667,45.6719,33.062133333333335,29.9626,40.348866666666666,35.95719999999999,37.82366666666667,34.43376666666666,10.618965134816362,32.7741,6.526896184393538,32.77860952380952,6.081929429636802,35.276607777777784,6.782258512360039,32.941663665415255,34.07969047057804,1,0.2365154081945472,0
2026-02-24,31.904633333333333,241.4657986111111,5.523055555555556,0.1042555555555555,2260.0,1682.0,14315.0,2026,2,24,1,55,9,1,0,0,24.354666666666667,24.56726666666667,45.6719,34.242666666666665,32.46706666666667,48.38356666666667,32.17516666666667,31.531277777777778,12.24659941835709,31.972966666666668,7.235236299885727,31.636166666666668,6.0526523946612745,34.82764111111111,7.048418854103829,30.79491441572811,33.45226958000311,1,0.2394211767280547,0
2026-02-25,31.33673333333333,240.98316666666668,5.405833333333333,0.0908875,0.0,474.0,15120.0,2026,2,25,2,56,9,1,0,0,31.904633333333333,24.354666666666667,24.56726666666667,29.3526,22.82946666666667,38.6045,34.459399999999995,26.94218888888889,4.298917403038551,31.638961904761903,7.166636623720634,31.595992857142857,6.048578330034341,34.818623333333335,7.052101560392797,31.072344145129417,33.35242208021797,1,0.2439603641902102,0
2026-02-26,35.33593333333333,240.42563194444443,6.139305555555556,0.0967430555555555,1146.0,2454.0,14821.0,2026,2,26,3,57,9,1,0,0,31.33673333333333,31.904633333333333,24.354666666666667,32.559533333333334,31.549966666666663,34.98153333333333,46.015033333333335,29.198677777777775,4.204635577065619,31.922409523809524,7.100065451099243,32.20365476190476,5.5028285717765835,34.714534444444446,7.080574294334016,31.13844144218039,33.22237764493509,1,0.2320790335373643,0
2026-02-27,29.4176,241.54445833333335,5.150833333333333,0.1058263888888889,3743.0,441.0,14358.0,2026,2,27,4,58,9,1,0,0,35.33593333333333,31.33673333333333,31.904633333333333,33.062133333333335,39.1926,45.216433333333335,35.170566666666666,32.8591,2.163713271978064,32.3190380952381,7.218155292307128,32.47408095238095,5.560953336606723,34.35856444444445,6.753759770278303,32.18781441496863,33.35873607644465,1,0.2407411474803801,0
2026-02-28,11.8611,242.5674652777778,2.06125,0.0931027777777777,0.0,487.0,2952.0,2026,2,28,5,59,9,1,1,0,29.4176,35.33593333333333,31.33673333333333,45.6719,28.141666666666666,27.095133333333333,34.88316666666666,32.03008888888888,3.019474094263181,31.798390476190473,7.286737150790323,31.775866666666666,5.257910956403754,34.16679888888889,6.811337964639657,31.495260811226473,33.10446923280306,1,0.1358660580028247,1
2026-03-01,21.645466666666668,241.82277777777776,3.7577777777777777,0.0903305555555555,1785.0,471.0,7115.0,2026,3,1,6,60,9,1,1,1,11.8611,29.4176,35.33593333333333,24.56726666666667,34.9522,43.037299999999995,47.3788,25.53821111111111,12.208775271106012,26.968276190476193,7.749091202216072,30.61296904761905,7.461960191353543,33.39939666666667,7.932472015874428,26.586720608419853,31.73392928229964,1,0.2323232925812671,1
2026-03-02,12.781766666666668,241.75205555555556,2.2255555555555557,0.0947194444444444,0.0,424.0,3605.0,2026,3,2,0,61,10,1,0,1,21.645466666666668,11.8611,29.4176,24.354666666666667,29.9626,40.348866666666666,29.9866,20.974722222222223,8.79744830304864,26.550876190476192,7.97536187198746,29.662488095238096,7.710085431972184,32.54161888888889,7.758103500042331,25.351407122981556,31.083060726452352,1,0.1647827457210389,1
2026-03-03,15.597233333333332,241.2114375,2.7330555555555556,0.0839819444444444,0.0,425.0,7221.0,2026,3,3,1,62,10,1,0,1,12.781766666666668,21.645466666666668,11.8611,31.904633333333333,34.242666666666665,32.46706666666667,28.229633333333332,15.429444444444444,5.402879415473356,24.897604761904763,9.550482342316384,28.435285714285715,8.929530761244987,31.96812444444445,8.549074742415767,22.20899700890283,29.90233207743392,1,0.172130173728313,1
2026-03-04,11.381333333333334,242.9922916666667,2.0072222222222225,0.0874680555555555,0.0,436.0,2928.0,2026,3,4,2,63,10,1,0,1,15.597233333333332,12.781766666666668,21.645466666666668,31.33673333333333,29.3526,22.82946666666667,35.95719999999999,16.67482222222222,4.529038836507187,22.56797619047619,9.545317806549946,27.103469047619047,9.376043004740705,31.547044444444445,9.036752923446077,20.556056090010458,28.979422481040334,1,0.1357888832326919,1
2026-03-05,18.895433333333337,243.4863125,3.26625,0.0940388888888888,1108.0,351.0,5918.0,2026,3,5,3,64,10,1,0,1,11.381333333333334,15.597233333333332,12.781766666666668,35.33593333333333,32.559533333333334,31.549966666666663,48.38356666666667,13.253444444444446,2.147163977677109,19.71720476190476,9.46960175672114,25.819807142857144,10.235271979870006,30.727848888888893,9.711880727034636,18.262375400841172,27.84406189086569,1,0.1908331107710511,1
2026-03-06,13.2452,243.0312569444445,2.306666666666666,0.0969152777777777,0.0,419.0,3970.0,2026,3,6,4,65,10,1,0,1,18.895433333333337,11.381333333333334,15.597233333333332,29.4176,33.062133333333335,39.1926,38.6045,15.291333333333334,3.7663783413244,17.368561904761908,6.533986886342493,24.8438,10.194557699145063,29.744911111111108,9.348787267487934,18.420639883964213,27.266731016186185,1,0.1840456662159571,1
2026-03-07,22.874533333333332,243.55174305555556,3.966666666666667,0.0930194444444444,0.0,4674.0,3679.0,2026,3,7,5,66,10,1,1,1,13.2452,18.895433333333337,11.381333333333334,11.8611,45.6719,28.141666666666666,34.98153333333333,14.507322222222223,3.912817281750806,15.05821904761905,3.8862345387203368,23.42830476190476,10.340409273520496,28.89960111111111,9.661345946421449,17.12677991297316,26.36211611191611,1,0.186515919669051,1
2026-03-08,42.6183,243.77458333333337,7.424444444444445,0.1752347222222222,4214.0,7645.0,15971.0,2026,3,8,6,67,10,1,1,1,22.874533333333332,13.2452,18.895433333333337,21.645466666666668,24.56726666666667,34.9522,45.216433333333335,18.33838888888889,4.838774534520494,16.631566666666668,4.549032003909035,21.799921428571427,8.126022364202809,28.496034444444444,9.651392824147855,18.5637182680632,26.13711077136238,1,0.0944864064099416,0
2026-03-09,29.3352,243.52749999999995,5.080694444444444,0.1167208333333333,846.0,397.0,10893.0,2026,3,9,0,68,11,1,0,1,42.6183,22.874533333333332,13.2452,12.781766666666668,24.354666666666667,29.9626,27.095133333333333,26.246011111111113,14.973974011832553,19.627685714285715,10.889568125280674,23.089280952380953,9.848434190107366,28.409429999999997,9.506755774744532,24.577363701047403,27.20041330224222,1,0.1434772985826761,0
2026-03-10,30.3772,243.56579166666663,5.196944444444445,0.0904847222222222,1167.0,375.0,14916.0,2026,3,10,1,69,11,1,0,1,29.3352,42.6183,22.874533333333332,15.597233333333332,31.904633333333333,34.242666666666665,43.037299999999995,31.60934444444445,10.066423409662104,21.992461904761903,10.95232262060022,23.44503333333333,9.986644909428293,28.484098888888887,9.504873825160418,25.766822775785553,27.33814147629111,1,0.1544194478043455,0
2026-03-11,32.518166666666666,242.68144444444445,5.639444444444445,0.105825,2071.0,320.0,15706.0,2026,3,11,2,70,11,1,0,1,30.3772,29.3352,42.6183,11.381333333333334,31.33673333333333,29.3526,40.348866666666666,34.11023333333333,7.386598662668392,24.103885714285717,10.938603930081925,23.335930952380952,9.89503935947457,28.062095555555555,9.109263438505089,26.919417081839168,27.5342097681433,1,0.1611913526095181,0
2026-03-12,27.423733333333335,243.0135347222222,4.722222222222222,0.1032708333333333,1691.0,411.0,14076.0,2026,3,12,3,71,11,1,0,1,32.518166666666666,30.3772,29.3352,18.895433333333337,35.33593333333333,32.559533333333334,32.46706666666667,30.74352222222222,1.6227948663181906,27.123433333333335,9.68703124224063,23.42031904761905,9.973250245983628,27.80107222222222,8.853656095306132,28.319104478046043,27.855755374499644,1,0.2194841114960119,0
2026-03-13,39.71683333333333,241.99693750000003,6.905,0.1842791666666667,2848.0,5534.0,17973.0,2026,3,13,4,72,11,1,0,1,27.423733333333335,32.518166666666666,30.3772,13.2452,29.4176,33.062133333333335,22.82946666666667,30.106366666666663,2.557992526919924,28.341761904761903,8.991026732833534,22.855161904761903,9.456898954603668,27.63296111111111,8.809776312232675,28.095261691867865,27.82788298474698,1,0.181751330819854,0
2026-03-14,26.1119,241.9863125,4.594861111111111,0.1393277777777777,3464.0,918.0,7101.0,2026,3,14,5,73,11,1,1,1,39.71683333333333,27.423733333333335,32.518166666666666,22.874533333333332,11.8611,45.6719,31.549966666666663,33.21957777777777,6.176492537240984,32.12342380952381,6.90906013374792,23.590821428571427,10.363775048809552,28.195873333333335,9.02905827254822,31.00065460223423,28.59491203949449,1,0.24398734157,0
2026-03-15,29.864166666666662,242.29575,5.178333333333334,0.1141055555555555,778.0,436.0,15053.0,2026,3,15,6,74,11,1,1,1,26.1119,39.71683333333333,27.423733333333335,42.6183,21.645466666666668,24.56726666666667,39.1926,31.084155555555544,7.50483649953917,32.585904761904764,6.265113654770729,24.60873571428571,9.808023449741492,28.014604444444444,9.013974124210268,29.77846595167567,28.43471771436581,1,0.2475687288792086,0
2026-03-16,25.710833333333333,241.5400763888889,4.460972222222223,0.1164833333333333,0.0,457.0,10083.0,2026,3,16,0,75,12,1,0,1,29.864166666666662,26.1119,39.71683333333333,29.3352,12.781766666666668,24.354666666666667,28.141666666666666,31.897633333333328,7.026719915041808,30.763885714285713,4.454034216671329,25.195785714285712,9.862824587972495,27.703656666666667,8.772749335112405,29.79989113042342,28.52694022741748,1,0.2515896811551728,0
2026-03-17,33.485499999999995,241.64133333333336,5.8277777777777775,0.1289916666666666,1136.0,5851.0,13105.0,2026,3,17,1,76,12,1,0,1,25.710833333333333,29.864166666666662,26.1119,30.3772,15.597233333333332,31.904633333333333,34.9522,27.22896666666666,2.290943669708545,30.24611904761905,4.841593127376222,26.119290476190475,9.193628084343896,27.622628888888887,8.77978737284634,28.7776266811509,28.345255911670115,1,0.2442416684324324,0
2026-03-18,26.0447,241.5022638888889,4.547361111111111,0.1154263888888888,1147.0,570.0,10845.0,2026,3,18,2,77,12,1,0,1,33.485499999999995,25.710833333333333,29.864166666666662,32.518166666666666,11.381333333333334,31.33673333333333,29.9626,29.68683333333333,3.8903657640096103,30.690161904761904,4.995703694043091,27.39702380952381,8.855625275355218,27.573738888888887,8.7415659077943,29.954595010863173,28.676884562530105,1,0.257764532021237,0
2026-03-19,27.723066666666668,241.42446527777776,4.8059722222222225,0.1315819444444444,0.0,596.0,12591.0,2026,3,19,3,78,12,1,0,1,26.0447,33.485499999999995,25.710833333333333,27.423733333333335,18.895433333333337,35.33593333333333,34.242666666666665,28.413677777777774,4.395497949965194,29.76538095238095,5.19606435394288,28.44440714285714,7.592787871633263,27.44314222222222,8.733909143586432,28.977121258147378,28.507066203657196,1,0.2630806661430835,0
2026-03-20,2.6290234714003944,242.54209248601765,2.3024215773688903,0.1317181446056577,0.0,85.0,1028.0976331360946,2026,3,20,4,79,12,1,0,1,27.723066666666668,26.0447,33.485499999999995,39.71683333333333,13.2452,29.4176,29.3526,29.084422222222216,3.9027353063565142,29.808142857142855,5.174769602411368,29.07495238095238,7.088597391546453,27.225822222222224,8.63948810040921,28.6636076102772,28.456485588367485,1,0.0874583855491861,1
2026-03-21,16.46254319526627,240.5991762027648,6.1505035233601815,0.1606994152351658,1670.0,2867.0,3680.902366863905,2026,3,21,5,80,12,1,1,1,2.6290234714003944,27.723066666666668,26.0447,26.1119,22.874533333333332,11.8611,32.559533333333334,18.798930046022353,14.02867198422376,24.509884305438145,10.039015726112034,28.316654057480974,9.173467741750608,26.335036337935566,9.722452196705188,22.15496157555799,26.79019770985348,1,0.1706078583286793,1
2026-03-22,26.9765,241.35879166666663,4.687083333333333,0.1191361111111111,1142.0,557.0,13859.0,2026,3,22,6,81,12,1,1,1,16.46254319526627,2.6290234714003944,27.723066666666668,29.864166666666662,42.6183,21.645466666666668,33.062133333333335,15.604877777777777,12.568987367633756,23.13140476190476,10.436976128082682,27.858654761904763,9.615489165952749,25.79847,9.810868146329948,20.73185698048506,26.123897418589788,1,0.1909877802977753,0
2026-03-23,30.369366666666668,241.1662986111111,5.370416666666666,0.1296069444444444,2892.0,1153.0,13107.0,2026,3,23,0,82,13,1,0,1,26.9765,16.46254319526627,2.6290234714003944,25.710833333333333,29.3352,12.781766666666668,45.6719,15.356022222222215,12.211396104684946,22.718880952380953,10.180424577416924,26.741383333333335,8.626453714482016,25.59561555555555,9.717977176431104,22.293017735363794,26.178904036745283,1,0.1849474272799674,0
2026-03-24,33.245866666666664,240.72467361111111,5.801944444444444,0.1455263888888888,1075.0,5832.0,12817.0,2026,3,24,1,83,13,1,0,1,30.369366666666668,26.9765,16.46254319526627,33.485499999999995,30.3772,15.597233333333332,24.56726666666667,24.602803287310977,7.250914551216675,23.384385714285713,10.5540209079812,26.81525238095238,8.654754732361006,25.08553111111111,9.003178078744744,24.312104968189512,26.449256464482147,1,0.1682889432791214,0
2026-03-25,27.998066666666663,242.2651527777778,4.843194444444444,0.1296930555555555,0.0,611.0,13797.0,2026,3,25,2,84,13,1,0,1,33.245866666666664,30.369366666666668,26.9765,26.0447,32.518166666666666,11.381333333333334,24.354666666666667,30.19724444444444,3.138225477051534,23.35015238095238,10.516116498577784,27.02015714285714,8.778643924520216,25.374817777777775,9.12456163347543,26.545545392808805,26.887747445268243,1,0.186159217372033,0
2026-03-26,27.521400000000003,241.50402777777776,4.79875,0.1429736111111111,1078.0,682.0,12547.0,2026,3,26,3,85,13,1,0,1,27.998066666666663,33.245866666666664,30.369366666666668,27.723066666666668,27.423733333333335,18.895433333333337,31.904633333333333,30.53776666666666,2.627949795943707,23.62920476190476,10.624889536577037,26.697292857142855,8.642953904106843,25.49626444444445,9.134756235065332,26.90867571127327,26.95938094342298,1,0.1855906200284202,0
2026-03-27,30.7995,240.4125694444444,5.393472222222223,0.1354805555555555,1067.0,3080.0,12483.0,2026,3,27,4,86,13,1,0,1,27.521400000000003,27.998066666666663,33.245866666666664,2.6290234714003944,39.71683333333333,13.2452,31.33673333333333,29.588444444444445,3.176374625493956,23.60039523809524,10.61220472335462,26.704269047619047,8.64362474680659,25.350156666666667,9.063498088616637,27.061856783454953,26.99564023739569,1,0.1747137826609188,0
2026-03-28,29.970233333333333,241.37355555555555,5.323888888888889,0.1808527777777777,1083.0,7895.0,7118.0,2026,3,28,5,87,13,1,1,1,30.7995,27.521400000000003,27.998066666666663,16.46254319526627,26.1119,22.874533333333332,35.33593333333333,28.77298888888889,1.7711192055789546,27.624749027895184,5.390949918767547,26.067316666666667,7.908240125590402,25.332248888888888,9.051785025697654,27.99626758759122,27.24105054466049,1,0.2581613068509036,0
2026-03-29,27.045633333333335,241.52158333333335,4.726388888888889,0.1438069444444444,0.0,636.0,15420.0,2026,3,29,6,88,13,1,1,1,29.970233333333333,30.7995,27.521400000000003,26.9765,29.864166666666662,42.6183,29.4176,29.430377777777775,1.7044259790758065,29.55441904761905,2.206623326937002,26.342911904761905,7.976845516057747,25.153392222222223,8.899025631317327,28.489759024026743,27.41712685360712,1,0.1904950716938212,0
2026-03-30,31.77423333333333,241.08461805555555,5.636527777777778,0.1949430555555555,1760.0,571.0,13765.0,2026,3,30,0,89,14,1,0,1,27.045633333333335,29.970233333333333,30.7995,30.369366666666668,25.710833333333333,29.3352,11.8611,29.27178888888889,1.971990674232413,29.564295238095237,2.193276673991597,26.141588095238095,7.916477370608615,25.074326666666668,8.870323684967369,28.128727601353397,27.39315952971849,1,0.1786383169368847,0
2026-03-31,32.06336666666667,240.1941736111111,5.662916666666667,0.1399847222222222,1067.0,6313.0,12041.0,2026,3,31,1,90,14,1,0,1,31.77423333333333,27.045633333333335,29.970233333333333,33.245866666666664,33.485499999999995,30.3772,21.645466666666668,29.5967,2.386327691942943,29.76499047619048,2.3386788201025626,26.574688095238095,8.0557340573942,25.738097777777774,8.588039505244694,29.04010403434838,27.67580945253235,1,0.1804311242621545,0
2026-04-01,28.124,241.75415972222223,4.879027777777778,0.1003222222222222,1780.0,517.0,14393.0,2026,4,1,2,91,14,2,0,1,32.06336666666667,31.77423333333333,27.045633333333335,27.998066666666663,26.0447,32.518166666666666,12.781766666666668,30.294411111111103,2.817235756579253,29.596061904761907,2.0729523135449126,26.473107142857145,7.970401376168813,26.085361111111112,8.627382022275997,29.795919692427955,27.95887765989585,1,0.177836288723601,0
2026-04-02,27.477033333333335,242.77352083333332,4.733472222222222,0.1061847222222222,0.0,483.0,13074.0,2026,4,2,3,92,14,2,0,1,28.124,32.06336666666667,31.77423333333333,27.521400000000003,27.723066666666668,27.423733333333335,15.597233333333332,30.653866666666666,2.195693178575969,29.614052380952383,2.057259489192216,26.62162857142857,7.981169999072932,26.59676888888889,8.258421369796702,29.377939769320967,27.96953071409612,1,0.1788094934639883,0
2026-04-03,30.087966666666667,243.2499305555556,5.170972222222222,0.1435069444444444,1778.0,648.0,17694.0,2026,4,3,4,93,14,2,0,1,27.477033333333335,28.124,32.06336666666667,30.7995,2.6290234714003944,39.71683333333333,11.381333333333334,29.221466666666668,2.482325154858803,29.607714285714287,2.064835540563733,26.604054761904763,7.978828701822935,26.992762222222225,7.993369975874658,28.902713160324065,27.93775668953078,1,0.1714401842825545,0
2026-04-04,28.173133333333332,241.74743055555555,4.925694444444445,0.1659555555555555,1097.0,831.0,12687.0,2026,4,4,5,94,14,2,1,1,30.087966666666667,27.477033333333335,28.124,29.970233333333333,16.46254319526627,26.1119,18.895433333333337,28.563,1.3596999550555244,29.506066666666666,2.013257656505959,28.565407847280927,4.029516393122001,27.616316666666663,7.444331140631036,29.199026536909713,28.076479913862126,1,0.1749013077513766,0
2026-04-05,18.647,243.6551458333333,3.26875,0.1148749999999999,1755.0,1436.0,5503.0,2026,4,5,6,95,14,2,1,1,28.173133333333332,30.087966666666667,27.477033333333335,27.045633333333335,26.9765,29.864166666666662,13.2452,28.579377777777776,1.3520425767184556,29.249338095238095,2.058281322278019,29.401878571428572,2.0561354977804447,27.925573333333332,7.259977595481801,28.94255323601562,28.082715618344142,1,0.1569862591099374,1
2026-04-06,30.430866666666667,242.74411111111112,5.258888888888889,0.1184819444444444,1154.0,613.0,12476.0,2026,4,6,0,96,15,2,0,1,18.647,28.173133333333332,30.087966666666667,31.77423333333333,30.369366666666668,25.710833333333333,22.874533333333332,25.63603333333333,6.12793496003704,28.049533333333333,4.525771944304085,28.80691428571428,3.5059203582774887,28.105633333333333,6.9434088808368415,26.36866492701171,27.47395977199936,1,0.2554007039421568,0
2026-04-07,26.616366666666668,241.83122916666665,4.645416666666667,0.1281430555555555,1077.0,3440.0,11362.0,2026,4,7,1,97,15,2,0,1,30.430866666666667,18.647,28.173133333333332,32.06336666666667,33.245866666666664,33.485499999999995,42.6183,25.75033333333333,6.254386323568778,27.85762380952381,4.367211613227265,28.811307142857142,3.5080665504798425,28.357511111111112,6.8839040399459215,27.384215361925456,27.664727958752085,1,0.2580453598907772,0
2026-04-08,27.487,241.99483333333333,4.759027777777778,0.1146819444444444,145.0,669.0,13322.0,2026,4,8,2,98,15,2,0,1,26.616366666666668,30.430866666666667,18.647,28.124,27.998066666666663,26.0447,29.3352,25.23141111111111,6.012774303313924,27.07948095238095,3.9591481789999183,28.337771428571426,3.3049850750238488,27.824113333333333,6.339210215865696,27.19225318811076,27.59709174635948,1,0.2547810568945105,0
2026-04-09,20.555833333333332,242.58288194444444,3.570555555555556,0.1128347222222222,1088.0,566.0,10595.0,2026,4,9,3,99,15,2,0,1,27.487,26.616366666666668,30.430866666666667,27.477033333333335,27.521400000000003,27.723066666666668,30.3772,28.178077777777776,1.998948206858764,26.98848095238095,3.938405145762335,28.301266666666667,3.311841212645732,27.762506666666663,6.332996239486474,27.26593989108307,27.58998905304597,1,0.244789967925355,1
2026-04-10,19.8368,241.28286111111112,3.48625,0.1246666666666666,1044.0,960.0,8933.0,2026,4,10,4,100,15,2,0,1,20.555833333333332,27.487,26.616366666666668,30.087966666666667,30.7995,2.6290234714003944,32.518166666666666,24.8864,3.775560400935297,25.999738095238097,4.607298475463504,27.80372619047619,3.907642344256937,27.43512777777778,6.446016173897885,25.58841325164564,27.136172554999995,1,0.2506392632504438,1
2026-04-11,26.719683333333332,241.4909097222222,4.733819444444444,0.12155625,5499.0,554.0,8851.0,2026,4,11,5,101,15,2,1,1,19.8368,20.555833333333332,27.487,28.173133333333332,29.970233333333333,16.46254319526627,27.423733333333335,22.626544444444445,4.224603341055635,24.535285714285717,4.719093188544467,27.02067619047619,4.336061691920765,27.012415555555556,6.51660833853632,24.15050993873423,26.66524529338709,1,0.2628866402019248,0
2026-04-12,23.990433333333332,242.00644444444447,4.164305555555556,0.1095347222222222,660.0,611.0,11949.0,2026,4,12,6,102,15,2,1,1,26.719683333333332,19.8368,20.555833333333332,18.647,27.045633333333335,26.9765,39.71683333333333,22.370772222222215,3.78338778383468,24.32765,4.561704956533291,26.788494047619047,4.252190319266815,26.988947222222222,6.5163437226981475,24.792803287384007,26.668757424996524,1,0.2614392581203336,1
2026-04-13,25.21173333333333,241.735125,4.392222222222222,0.1188472222222222,1097.0,646.0,13033.0,2026,4,13,0,103,16,2,0,1,23.990433333333332,26.719683333333332,19.8368,30.430866666666667,31.77423333333333,30.369366666666668,26.1119,23.515638888888887,3.4659187913777285,25.09099761904762,3.8431746037185057,26.57026547619048,4.315899798006353,26.464733888888887,6.074728153353408,24.59221079887134,26.49596232230858,1,0.256979069466152,0
2026-04-14,27.672733333333333,241.3756111111111,4.8469444444444445,0.1244430555555555,1132.0,5871.0,9194.0,2026,4,14,1,104,16,2,0,1,25.21173333333333,23.990433333333332,26.719683333333332,26.616366666666668,32.06336666666667,33.245866666666664,29.864166666666662,25.30728333333333,1.3671315746846262,24.34540714285714,3.0612901900909653,26.10151547619048,4.0557560246908295,26.434728333333332,6.07875285137627,24.747091432486837,26.413108839148883,1,0.2316986146139538,0
2026-04-15,31.20296666666667,240.8521875,5.425416666666667,0.1162055555555555,2526.0,658.0,15667.0,2026,4,15,2,105,16,2,0,1,27.672733333333333,25.21173333333333,23.990433333333332,27.487,28.124,27.998066666666663,25.710833333333333,25.624966666666666,1.8756078117061303,24.49631666666667,3.2141202112992997,25.787898809523806,3.7147017714468498,26.361680555555555,6.049215909230345,25.478501907698465,26.49437493554788,1,0.2199051394861055,0
2026-04-16,26.034366666666664,241.99183333333332,4.550694444444445,0.1183194444444444,2837.0,592.0,12623.0,2026,4,16,3,106,16,2,0,1,31.20296666666667,27.672733333333333,25.21173333333333,20.555833333333332,27.477033333333335,27.521400000000003,33.485499999999995,28.029144444444444,3.011476527171326,25.027169047619047,4.000953012841212,26.007825,3.947497415364172,26.54475166666667,6.111623686649775,26.90961809744052,26.79815504723296,1,0.2558303575936809,0
2026-04-17,25.961866666666666,241.30517361111112,4.548055555555555,0.1040708333333333,553.0,3124.0,12571.0,2026,4,17,4,107,16,2,0,1,26.034366666666664,31.20296666666667,27.672733333333333,19.8368,30.087966666666667,30.7995,26.0447,28.303355555555555,2.641376493491715,25.809816666666663,3.4828052144438053,25.90477738095238,3.924959911056837,26.29638055555556,5.969584510713188,26.690805239747057,26.748878377519,1,0.2496434953332412,0
2026-04-18,24.601766666666663,240.68122916666664,4.280833333333333,0.1029388888888888,1104.0,618.0,12550.0,2026,4,18,5,108,16,2,1,1,25.961866666666666,26.034366666666664,31.20296666666667,26.719683333333332,28.173133333333332,29.970233333333333,27.723066666666668,27.733066666666662,3.0052401850767465,26.68482619047619,2.3009524261872993,25.610055952380954,3.737102646171056,26.293619444444445,5.969724089429801,26.50857059647696,26.698103428431754,1,0.2041536787476334,1
2026-04-19,28.476566666666667,241.25981944444445,4.962916666666667,0.1155583333333333,1230.0,4255.0,13474.0,2026,4,19,6,109,16,2,1,1,24.601766666666663,25.961866666666666,26.034366666666664,23.990433333333332,18.647,27.045633333333335,2.6290234714003944,25.53266666666666,0.8069976270099616,26.382266666666663,2.4311663355494444,25.354958333333336,3.66997594766555,26.189576111111112,5.971151513210767,26.031869614024387,26.56285589541465,1,0.2095612523704648,0
2026-04-20,30.560466666666667,240.77725,5.33125,0.1221541666666666,1388.0,719.0,16668.0,2026,4,20,0,110,17,2,0,1,28.476566666666667,24.601766666666663,25.961866666666666,25.21173333333333,30.430866666666667,31.77423333333333,16.46254319526627,26.346733333333333,1.96586126757032,27.023142857142854,2.2823083439643144,26.05707023809524,3.197831990865649,27.051160884286656,3.9907034074011025,26.64304387718496,26.68632110646317,1,0.1917548390553145,0
2026-04-21,26.3319,241.93004166666668,4.556111111111111,0.1100041666666666,0.0,635.0,12902.0,2026,4,21,1,111,17,2,0,1,30.560466666666667,28.476566666666667,24.601766666666663,27.672733333333333,26.616366666666668,32.06336666666667,26.9765,27.879599999999996,3.023872239915808,27.787247619047623,2.462994482396481,26.06632738095238,3.2116251243546743,27.521091666666667,3.5008228155609076,27.622399574555388,26.93626598131501,1,0.2133595087542266,0
2026-04-22,24.3484,240.74602083333335,4.2659722222222225,0.1296180555555555,1062.0,653.0,12492.0,2026,4,22,2,112,17,2,0,1,26.3319,30.560466666666667,28.476566666666667,31.20296666666667,27.487,28.124,30.369366666666668,28.45631111111111,2.1143561027555107,27.5957,2.524748854176328,26.046008333333333,3.208776099296728,27.499605,3.506254498424482,27.299774680916546,26.897274627681785,1,0.214641519666126,0
2026-04-23,19.6756,241.61291666666665,3.435277777777778,0.1230305555555555,0.0,623.0,10981.0,2026,4,23,3,113,17,2,0,1,24.3484,26.3319,30.560466666666667,26.034366666666664,20.555833333333332,27.477033333333335,33.245866666666664,27.080255555555553,3.1729276852657566,26.616476190476188,2.201006219193633,25.82182261904762,3.209995932271281,27.298906111111116,3.508644286922455,26.56193101068741,26.73283110331522,1,0.1873300722752383,1
2026-04-24,25.306966666666664,241.5161180555556,4.585416666666666,0.2130819444444444,4445.0,1483.0,8223.0,2026,4,24,4,114,17,2,0,1,19.6756,24.3484,26.3319,25.961866666666666,19.8368,30.087966666666667,27.998066666666663,23.451966666666664,3.4174957151886463,25.708080952380953,3.4430414775123883,25.758948809523808,3.3275427086235037,26.84656388888889,3.589337701210859,24.840348258015556,26.27752587084327,1,0.24753376367626,0
2026-04-25,25.712366666666664,240.66157638888888,4.521527777777778,0.1659652777777777,0.0,2350.0,7595.0,2026,4,25,5,115,17,2,1,1,25.306966666666664,19.6756,24.3484,24.601766666666663,26.719683333333332,28.173133333333332,27.521400000000003,23.11032222222222,3.0129221814512306,25.614523809523806,3.443893692798784,26.149675,2.8681021621469354,26.75686055555555,3.593192841959626,24.957002860178335,26.214909147993165,1,0.247662000088488,0
2026-04-26,18.045266666666667,241.23138194444445,3.169166666666667,0.1155694444444444,1038.0,460.0,7635.0,2026,4,26,6,116,17,2,1,1,25.712366666666664,25.306966666666664,19.6756,28.476566666666667,23.990433333333332,18.647,30.7995,23.564977777777777,3.3743935623609658,25.77318095238095,3.4149210380140125,26.07772380952381,2.865336355710541,26.696559444444446,3.5950990077372373,25.145843811800415,26.182487052423713,1,0.2270749450994922,1
2026-04-27,20.849,242.07596527777775,3.6158333333333337,0.1126944444444444,0.0,545.0,8539.0,2026,4,27,0,117,18,2,0,1,18.045266666666667,25.712366666666664,25.306966666666664,30.560466666666667,25.21173333333333,30.430866666666667,29.970233333333333,23.021533333333327,4.3143376946331715,24.282995238095236,4.219753247543763,25.653069047619045,3.555828633191943,26.271418333333333,3.8390272024854215,23.370699525516976,25.65750509205229,1,0.2538271744310233,1
2026-04-28,14.4643,242.51982638888887,2.551111111111111,0.1268638888888889,0.0,578.0,6035.0,2026,4,28,1,118,18,2,0,1,20.849,18.045266666666667,25.712366666666664,26.3319,27.672733333333333,26.616366666666668,27.045633333333335,21.53554444444444,3.879383077004288,22.895642857142857,3.310346260265576,25.34144523809524,3.781490295479547,25.967377222222225,3.896744548631287,22.74027464413773,25.347278957081173,1,0.2102570624106786,1
2026-04-29,18.3954,242.2791736111111,3.1961111111111107,0.1206347222222222,12.0,679.0,8102.0,2026,4,29,2,119,18,2,0,1,14.4643,20.849,18.045266666666667,24.3484,31.20296666666667,27.487,31.77423333333333,17.786188888888887,3.200224912986935,21.200271428571423,4.181507771013279,24.397985714285713,4.692969022805548,25.547999444444443,4.418752132968461,20.671280983103298,24.645151282430778,1,0.2424231059893867,1
2026-04-30,18.6438,241.81767361111113,3.3229166666666665,0.1447180555555555,2695.0,659.0,6969.0,2026,4,30,3,120,18,2,0,1,18.3954,14.4643,20.849,19.6756,26.034366666666664,20.555833333333332,32.06336666666667,17.9029,3.2207166454065077,20.349842857142853,4.037409077967428,23.483159523809523,4.509119215624696,25.102038333333333,4.443759642156864,20.102310737327468,24.241941522273947,1,0.2428076864738291,1
2026-05-01,22.002633333333332,240.64716666666664,3.9298611111111112,0.1336972222222222,1984.0,4885.0,6751.0,2026,5,1,4,121,18,2,0,1,18.6438,18.3954,14.4643,25.306966666666664,25.961866666666666,19.8368,28.124,17.16783333333333,2.3446204390757495,20.20244285714286,4.084685297080683,22.955261904761905,4.618751991588886,24.65471944444444,4.393996364616248,19.7376830529956,23.88077110148208,1,0.2418557490984452,1
2026-05-02,36.46516666666666,240.38825,6.422499999999999,0.1624861111111111,1858.0,7966.0,14454.0,2026,5,2,5,122,18,2,1,1,22.002633333333332,18.6438,18.3954,25.712366666666664,24.601766666666663,26.719683333333332,27.477033333333335,19.680611111111105,2.0147620307046723,19.730395238095237,3.5527605136277214,22.67245952380952,4.541055941796792,24.45067388888889,4.369398021431109,20.30392062308003,23.75960092289184,1,0.1585783915945866,0
2026-05-03,23.5217,237.18724305555557,4.158888888888889,0.1063833333333333,980.0,534.0,11825.0,2026,5,3,6,123,18,2,1,1,36.46516666666666,22.002633333333332,18.6438,18.045266666666667,28.476566666666667,23.990433333333332,30.087966666666667,25.70386666666666,9.46966861129668,21.266509523809525,7.112005184967325,23.519845238095236,5.847676241032366,24.75027833333333,4.864203636657421,24.34423213397669,24.579314841845058,1,0.2293052593715123,1
2026-05-04,25.282666666666668,236.03702777777775,4.5025,0.1071111111111111,0.0,1018.0,12007.0,2026,5,4,0,124,19,2,0,1,23.5217,36.46516666666666,22.002633333333332,20.849,30.560466666666667,25.21173333333333,28.173133333333332,27.32983333333333,7.9478064406336575,22.04885714285714,6.998913135456742,23.165926190476192,5.671903905602696,24.531402777777775,4.762407121947122,24.138599100482516,24.51108162624215,1,0.2349918074710653,1
2026-05-05,30.088466666666665,236.10560416666667,5.365138888888889,0.0897222222222222,2969.0,2194.0,12183.0,2026,5,5,1,125,19,2,0,1,25.282666666666668,23.5217,36.46516666666666,14.4643,26.3319,27.672733333333333,18.647,28.42317777777777,7.020002839531996,22.682238095238095,7.072462764402476,22.788940476190476,5.306223683082346,24.435053888888888,4.7151949131460205,24.424615992028556,24.560861306269537,1,0.2241090495445897,1
2026-05-06,21.654166666666665,235.98911111111113,3.8222222222222224,0.0824333333333333,0.0,301.0,10280.0,2026,5,6,2,126,19,2,0,1,30.088466666666665,25.282666666666668,23.5217,18.3954,24.3484,31.20296666666667,30.430866666666667,26.297611111111102,3.3989984234466095,24.914261904761904,6.487970669301134,23.057266666666667,5.586733339376489,24.81643611111111,4.693556717797319,25.840578660688085,24.917481006940317,1,0.2532519615612029,1
2026-05-07,27.400066666666664,237.49589583333335,4.8156944444444445,0.1008083333333333,1053.0,332.0,13602.0,2026,5,7,3,127,19,2,0,1,21.654166666666665,30.088466666666665,25.282666666666668,18.6438,19.6756,26.034366666666664,26.616366666666668,25.675099999999997,4.230822267991552,25.379799999999996,6.04397993648144,22.864821428571425,5.585240399888789,24.523879444444447,4.604215462437871,24.79397566218273,24.7069445978904,1,0.2618444778086574,1
2026-05-08,25.557033333333333,241.89702083333336,4.485277777777778,0.1202930555555555,3569.0,2435.0,10158.0,2026,5,8,4,128,19,2,0,1,27.400066666666664,21.654166666666665,30.088466666666665,22.002633333333332,25.306966666666664,25.961866666666666,27.487,26.380899999999993,4.308524067860512,26.630695238095235,5.274668551406203,23.41656904761905,5.627331613696522,24.550002777777777,4.6186976744002015,25.445498413303714,24.880694408779192,1,0.2672847796968892,0
2026-05-09,26.1085,241.4013263888889,4.638472222222222,0.1426277777777777,2888.0,2636.0,9945.0,2026,5,9,5,129,19,2,1,1,25.557033333333333,27.400066666666664,21.654166666666665,36.46516666666666,25.712366666666664,24.601766666666663,20.555833333333332,24.870422222222217,2.933840114240319,27.138466666666663,4.913616117295497,23.434430952380954,5.634186254191332,24.48567055555555,4.589728700680974,25.47338214331112,24.924329178105264,1,0.2676795031010883,0
2026-05-10,24.46486666666667,240.99840972222225,4.260138888888889,0.1002069444444444,0.0,403.0,12893.0,2026,5,10,6,130,19,2,1,1,26.1085,25.557033333333333,27.400066666666664,23.5217,18.045266666666667,28.476566666666667,19.8368,26.355199999999996,0.9459591082305848,25.658942857142858,2.696055872711236,23.46272619047619,5.647485193742112,24.67075944444445,4.537449134278111,25.63216160748334,25.000727295646858,1,0.2242314818132744,1
2026-05-11,26.189466666666664,242.3830763888889,4.54375,0.1057638888888889,1156.0,345.0,11418.0,2026,5,11,0,131,20,2,0,1,24.46486666666667,26.1085,25.557033333333333,25.282666666666668,20.849,30.560466666666667,26.719683333333332,25.3768,0.8365080241361983,25.793680952380953,2.5930430659355896,23.921269047619045,5.430221084124849,24.82502833333333,4.445168457929277,25.34033787227917,24.966155642164267,1,0.2200123810474943,0
2026-05-12,33.923633333333335,241.716625,5.8902777777777775,0.1109708333333333,1036.0,4434.0,16362.0,2026,5,12,1,132,20,2,0,1,26.189466666666664,24.46486666666667,26.1085,30.088466666666665,14.4643,26.3319,23.990433333333332,25.587611111111105,0.9731676196451264,25.923223809523808,2.585900079255172,24.30273095238095,5.385190604749524,24.80735444444445,4.438424539404688,25.55262007087605,25.045078934067647,1,0.1824311286036815,0
2026-05-13,25.903133333333336,242.96012847222224,4.479722222222223,0.1070145833333333,2124.5,1477.0,10527.5,2026,5,13,2,133,20,2,0,1,33.923633333333335,26.189466666666664,24.46486666666667,21.654166666666665,18.3954,24.3484,25.21173333333333,28.19265555555555,5.037523300892742,26.47110476190476,3.756713214215355,25.69268333333333,5.15694531201075,25.13846111111111,4.735919206937664,27.64537338649037,25.617888895310593,1,0.2541834210349203,0
2026-05-14,28.70243333333333,242.06722916666664,4.981944444444444,0.1110305555555555,1045.0,334.0,16764.0,2026,5,14,3,134,20,2,0,1,25.903133333333336,33.923633333333335,26.189466666666664,27.400066666666664,18.6438,19.6756,27.672733333333333,28.672077777777776,4.550233346682301,27.078100000000003,3.1416015406155404,26.22895,4.710796947035372,25.16150777777778,4.737969926208928,27.209813373201115,25.636291762279804,1,0.2355067647217695,0
2026-05-15,32.412866666666666,242.10271527777775,5.709305555555555,0.1617666666666666,3347.0,336.0,13670.0,2026,5,15,4,135,20,2,0,1,28.70243333333333,25.903133333333336,33.923633333333335,25.557033333333333,22.002633333333332,25.306966666666664,31.20296666666667,29.50973333333333,4.070737651826814,27.26415238095238,3.2018340906454124,26.94742380952381,4.204829247962253,25.195831111111108,4.760465671552719,27.58296836323417,25.834107347509065,1,0.2156092477233396,0
2026-05-16,35.0071,240.97365277777777,6.154444444444445,0.1141541666666666,3361.0,3922.0,11888.0,2026,5,16,5,136,20,2,1,1,32.412866666666666,28.70243333333333,25.903133333333336,26.1085,36.46516666666666,25.712366666666664,26.034366666666664,29.00614444444444,3.265476588040011,28.243557142857146,3.614572745701269,27.691011904761904,4.183546933245625,25.23616111111111,4.817890861517273,28.790442939092294,26.258543432616005,1,0.2196687736100866,0
2026-05-17,27.136366666666667,241.36027083333332,4.723194444444444,0.1023444444444444,1014.0,367.0,15344.0,2026,5,17,6,137,20,2,1,1,35.0071,32.412866666666666,28.70243333333333,24.46486666666667,23.5217,18.045266666666667,25.961866666666666,32.0408,3.1687585341547777,29.514785714285715,4.247856424426099,27.586864285714285,3.960520005818761,25.53525222222222,5.137088092826617,30.344607204319225,26.82296643696336,1,0.254064542373272,0
2026-05-18,23.6864,241.520875,4.118333333333333,0.1039249999999999,0.0,370.0,11677.0,2026,5,18,0,138,21,2,0,1,27.136366666666667,35.0071,32.412866666666666,26.189466666666664,25.282666666666668,20.849,24.601766666666663,31.518777777777775,4.010817498595253,29.896428571428572,3.8166595582381384,27.84505476190476,3.789240417503649,25.574402222222226,5.1449209438494785,29.542547069906085,26.843185806621637,1,0.2404470930368417,0
2026-05-19,23.7792,241.60104166666667,4.1762500000000005,0.1050374999999999,2122.0,659.0,9864.0,2026,5,19,1,139,21,2,0,1,23.6864,27.136366666666667,35.0071,33.923633333333335,30.088466666666665,14.4643,28.476566666666667,28.609955555555548,5.80242710273838,29.53884761904762,4.307535653421926,27.731035714285714,3.8948193412668073,25.54389,5.153595118212362,28.078510302429564,26.639522206194435,1,0.2501362455463883,0
2026-05-20,19.23163333333333,242.45078472222224,3.3552777777777782,0.0966249999999999,0.0,369.0,10101.0,2026,5,20,2,140,21,2,0,1,23.7792,23.6864,27.136366666666667,25.903133333333336,21.654166666666665,18.3954,30.560466666666667,24.867322222222217,1.9655978678630504,28.089642857142856,4.292920805910382,27.28037380952381,3.965439240373179,25.38731111111111,5.132737276517864,27.003682726822177,26.45498528966576,1,0.2374895365899767,1
2026-05-21,21.573266666666665,241.75904861111113,3.7977777777777777,0.1164541666666666,1073.0,381.0,10113.0,2026,5,21,3,141,21,2,0,1,19.23163333333333,23.7792,23.6864,28.70243333333333,27.400066666666664,18.6438,26.3319,22.232411111111105,2.599163983611429,27.136571428571425,5.445182994558655,27.10733571428571,4.27092166852928,25.009683333333335,5.155704958280463,25.060670378449966,25.9889625828056,1,0.2581619100715866,1
2026-05-22,34.92953333333333,239.55310416666663,6.156527777777778,0.1477069444444444,2278.0,2441.0,17454.0,2026,5,22,4,142,21,2,0,1,21.573266666666665,19.23163333333333,23.7792,32.412866666666666,25.557033333333333,22.002633333333332,24.3484,21.52803333333333,2.2741207504828713,26.118119047619047,5.761044851248166,26.69113571428571,4.517020370320736,24.85106222222222,5.186731738789833,24.188819450504145,25.70407897531277,1,0.2348790550524154,0
2026-05-23,24.7926,240.6903472222222,4.398055555555556,0.1757638888888889,864.0,416.0,9541.0,2026,5,23,5,143,21,2,1,1,34.92953333333333,21.573266666666665,19.23163333333333,35.0071,26.1085,36.46516666666666,19.6756,25.244811111111105,8.468541495331287,26.477642857142857,6.2749528445537734,27.3606,5.00427203987362,25.203766666666663,5.501580636974503,26.87399792121144,26.29926957905603,1,0.2593939691329229,0
2026-05-24,22.355533333333337,241.03509722222225,3.971111111111111,0.1583611111111111,1875.0,2467.0,7746.0,2026,5,24,6,144,21,2,1,1,24.7926,34.92953333333333,21.573266666666665,27.136366666666667,24.46486666666667,23.5217,25.306966666666664,27.098466666666663,6.970310655280093,25.01842857142857,5.02382299922715,27.266607142857143,5.041815811689867,25.374333333333333,5.402713039246406,26.35364844090858,26.202065090084673,1,0.2652296089774609,1
2026-05-25,19.9771,240.2630486111111,3.5909722222222222,0.1415736111111111,474.0,451.0,10439.0,2026,5,25,0,145,22,2,0,1,22.355533333333337,24.7926,34.92953333333333,23.6864,26.189466666666664,25.282666666666668,25.712366666666664,27.35922222222222,6.6683604599409465,24.33545238095238,5.012865765572444,27.115940476190477,5.162064858707386,25.275952222222223,5.43078132192454,25.354119664014767,25.953901750939423,1,0.2553783870034012,1
2026-05-26,23.1314,239.54319444444445,4.185,0.1677847222222222,914.0,4500.0,8530.0,2026,5,26,1,146,22,2,0,1,19.9771,22.355533333333337,24.7926,23.7792,33.923633333333335,30.088466666666665,18.045266666666667,22.375077777777776,2.4078094923562,23.80555238095238,5.281750775314658,26.6722,5.503550517993246,25.084776666666663,5.515180060038492,24.009864748011076,25.568301637975587,1,0.2607538027377424,1
2026-05-27,22.0557,239.92095138888888,3.91125,0.1359972222222222,932.0,443.0,10669.0,2026,5,27,2,147,22,2,0,1,23.1314,19.9771,22.355533333333337,19.23163333333333,25.903133333333336,21.654166666666665,20.849,21.82134444444445,1.6435998446271185,23.71300952380952,5.2879609371528495,25.90132619047619,5.154478390253213,25.254314444444443,5.367519845180223,23.790248561008305,25.411082177461033,1,0.2620519557550069,1
2026-05-28,23.302733333333332,240.0395763888889,4.099027777777778,0.1128263888888888,1020.0,413.0,11616.0,2026,5,28,3,148,22,2,0,1,22.0557,23.1314,19.9771,21.573266666666665,28.70243333333333,27.400066666666664,14.4643,21.7214,1.6035022575596858,24.11644761904762,4.988316206521069,25.62650952380952,5.255941077338162,25.29453777777778,5.3378079282156925,23.356611420756227,25.19460590794742,1,0.2629515529557847,1
2026-05-29,34.163466666666665,240.20170833333336,6.040555555555556,0.1427861111111111,4057.0,400.0,16635.0,2026,5,29,4,149,22,2,0,1,23.302733333333332,22.0557,23.1314,34.92953333333333,32.412866666666666,25.557033333333333,18.3954,22.82994444444444,0.6759656963129259,24.363514285714285,4.883080644347762,25.240816666666664,5.210787026710688,25.589152222222214,4.949200267589711,23.3431418989005,25.072549612811027,1,0.2304715256694484,0
2026-05-30,27.761666666666667,240.46701388888889,4.902083333333334,0.1228416666666666,2405.0,2976.0,9708.0,2026,5,30,5,150,22,2,1,1,34.163466666666665,23.302733333333332,22.0557,24.7926,35.0071,26.1085,18.6438,26.507299999999997,6.659687609373609,24.254076190476187,4.607626481401654,25.36585952380952,5.413206077482809,26.114754444444443,4.995943118481323,26.048223090842043,25.65906039047913,1,0.2593483179179594,0
2026-05-31,22.341033333333332,240.69020833333337,3.9730555555555553,0.1013013888888888,1710.0,2171.0,10461.0,2026,5,31,6,151,22,2,1,1,27.761666666666667,34.163466666666665,23.302733333333332,22.355533333333337,27.136366666666667,24.46486666666667,22.002633333333332,28.409288888888884,5.459252974673531,24.678228571428573,4.79817981308274,24.84832857142857,4.722882418587833,26.418683333333338,4.799245479927852,26.4765839847982,25.79471240829768,1,0.2644739520120728,1
2026-06-01,21.1494,240.5402777777778,3.718194444444445,0.0951180555555555,970.0,400.0,11858.0,2026,6,1,0,152,23,2,0,2,22.341033333333332,27.761666666666667,34.163466666666665,19.9771,23.6864,26.189466666666664,36.46516666666666,28.088722222222216,5.917998519989072,24.67615714285714,4.799352655797078,24.50580476190476,4.718066208016258,26.42996333333333,4.788894742867407,25.442696321931983,25.57189440346127,1,0.263287309754978,1
2026-06-02,16.348300000000002,240.33645833333333,2.9158333333333335,0.0897486111111111,0.0,656.0,8454.0,2026,6,2,1,153,23,2,0,2,21.1494,22.341033333333332,27.761666666666667,23.1314,23.7792,33.923633333333335,23.5217,23.750699999999995,3.524327978652174,24.84362857142857,4.625351637900658,24.324590476190476,4.799969725713597,25.919437777777777,4.489189412198928,24.36937224144899,25.286572183883123,1,0.2290401893013033,1
2026-06-03,23.23643333333333,240.24450694444445,4.154166666666667,0.1139138888888888,2916.0,451.0,12304.0,2026,6,3,2,154,23,2,0,2,16.348300000000002,21.1494,22.341033333333332,22.0557,19.23163333333333,25.903133333333336,25.282666666666668,19.94624444444444,3.172365153833636,23.874614285714284,5.6425352856623245,23.793811904761903,5.254271656205014,25.680324444444445,4.801487205325603,22.36410418108674,24.70990946234227,1,0.2581312091963608,1
2026-06-04,23.6759,240.27963888888888,4.203333333333333,0.1286416666666666,1695.0,397.0,12517.0,2026,6,4,3,155,23,2,0,2,23.23643333333333,16.348300000000002,21.1494,23.302733333333332,21.573266666666665,28.70243333333333,30.088466666666665,20.244711111111105,3.532059129417627,24.04329047619047,5.5965598190352335,24.079869047619045,5.093339649386492,25.61211666666667,4.821821823144835,22.582186469148382,24.61484648627718,1,0.2591419904843715,1
2026-06-05,33.49406666666667,241.10038194444445,6.095138888888889,0.2041597222222222,10932.0,1253.0,12223.0,2026,6,5,4,156,23,2,0,2,23.6759,23.23643333333333,16.348300000000002,34.163466666666665,34.92953333333333,32.412866666666666,21.654166666666665,21.086877777777772,4.109607311509665,24.0966,5.590103582688119,24.23005714285714,5.044507745993756,25.398364444444443,4.75825790495939,22.855614851861286,24.554269293614137,1,0.2310308131427778,0
2026-06-06,29.1132,241.42161805555557,5.288194444444445,0.2022125,7609.0,574.0,11365.0,2026,6,6,5,157,23,2,1,2,33.49406666666667,23.6759,23.23643333333333,27.761666666666667,24.7926,35.0071,27.400066666666664,26.80213333333333,5.799548391134532,24.00097142857143,5.391383710638789,24.127523809523808,4.819891937158629,25.793027777777773,4.9250875486165375,25.515227805562635,25.13103041445624,1,0.2521500400931588,0
2026-06-07,16.868033333333333,242.33104861111113,3.0329166666666665,0.1278541666666666,1821.0,488.0,6737.0,2026,6,7,6,158,23,2,1,2,29.1132,33.49406666666667,23.6759,22.341033333333332,22.355533333333337,27.136366666666667,25.557033333333333,28.76105555555555,4.918546884591658,24.194047619047616,5.569757823542011,24.436138095238096,5.000683796094698,25.85013222222222,4.954208505461927,26.414720854171975,25.387944581265515,1,0.2325215466065643,1
2026-06-08,22.700566666666667,241.07685416666664,4.03375,0.1377319444444444,1513.0,821.0,11374.0,2026,6,8,0,159,24,2,0,2,16.868033333333333,29.1132,33.49406666666667,21.1494,19.9771,23.6864,26.1085,26.491766666666663,8.617434690272452,23.41219047619047,6.219471206166636,24.04417380952381,5.377197504740675,25.56049888888889,5.2188545612401125,24.028048973962314,24.838272887850536,1,0.247476219024931,1
2026-06-09,25.578033333333337,241.18673611111112,4.544722222222222,0.1267597222222222,2774.0,4269.0,8255.0,2026,6,9,1,160,24,2,0,2,22.700566666666667,16.868033333333333,29.1132,16.348300000000002,23.1314,23.7792,24.46486666666667,22.89393333333333,6.124873033332502,23.633785714285715,6.152687611474259,24.238707142857145,5.266875258108596,25.44690111111111,5.243546504676238,23.6961783971384,24.700356357451575,1,0.2514171559985638,1
2026-06-10,20.25316666666667,241.69444444444449,3.591527777777778,0.1202958333333333,0.0,474.0,10870.0,2026,6,10,2,161,24,2,0,2,25.578033333333337,22.700566666666667,16.868033333333333,23.23643333333333,22.0557,19.23163333333333,26.189466666666664,21.715544444444436,4.437761438349601,24.95231904761905,5.254608686979263,24.413466666666668,5.267898193176924,25.48400666666667,5.240295193700205,24.166642131187135,24.756980678476207,1,0.2542724881886516,1
2026-06-11,24.5112,241.45329166666667,4.4125,0.1517847222222222,3439.0,468.0,11728.0,2026,6,11,3,162,24,2,0,2,20.25316666666667,25.578033333333337,22.700566666666667,23.6759,23.302733333333332,21.573266666666665,33.923633333333335,22.84392222222222,2.6653263150926114,24.526138095238093,5.530699663475099,24.284714285714283,5.351324205889031,25.28613,5.32414628362621,23.188273265057017,24.46641203255301,1,0.2623459300442689,1
2026-06-12,32.907783333333334,240.35415972222225,5.8475,0.1887118055555555,2705.0,3659.0,16200.0,2026,6,12,4,163,24,2,0,2,24.5112,20.25316666666667,25.578033333333337,33.49406666666667,34.163466666666665,34.92953333333333,25.903133333333336,23.44746666666666,2.817303268691023,24.645466666666664,5.518294962784588,24.371033333333337,5.344007537787828,24.972382222222222,5.068803839252527,23.51900494879276,24.46930157883991,1,0.2332571212945285,0
2026-06-13,27.905933333333333,241.20292361111112,5.06,0.1761916666666666,4922.0,2516.0,9096.0,2026,6,13,5,164,24,2,1,2,32.907783333333334,24.5112,20.25316666666667,29.1132,27.761666666666667,24.7926,28.70243333333333,25.890716666666663,6.439109443104504,24.561711904761903,5.363899801715292,24.281341666666663,5.174873770105827,25.205870555555556,5.27047464843184,25.86619954492791,25.01371975654916,1,0.2631256145581606,0
2026-06-14,20.299733333333332,241.61683333333332,3.61375,0.1240555555555555,958.0,473.0,10336.0,2026,6,14,6,165,24,2,1,2,27.905933333333333,32.907783333333334,24.5112,16.868033333333333,22.341033333333332,22.355533333333337,32.412866666666666,28.441638888888885,4.223847564732057,24.38924523809524,5.2103756473900615,24.29164642857143,5.1824753291607255,25.179320555555556,5.254234509825907,26.376132992029262,25.20031418085782,1,0.2555391057975447,1
2026-06-15,20.39943333333333,240.9032986111111,3.622916666666667,0.1243722222222222,0.0,488.0,10144.0,2026,6,15,0,166,25,2,0,2,20.299733333333332,27.905933333333333,32.907783333333334,22.700566666666667,21.1494,19.9771,35.0071,27.03781666666666,6.348696804134956,24.879488095238095,4.4974288768045545,24.14583928571429,5.269560626681824,24.775549444444444,5.143451400788042,24.85703307735529,24.88414767456592,1,0.2547724298757261,1
2026-06-16,29.468200000000003,240.75138194444443,5.18375,0.1271375,1875.0,4999.0,10336.0,2026,6,16,1,167,25,2,0,2,20.39943333333333,20.299733333333332,27.905933333333333,25.578033333333337,16.348300000000002,23.1314,27.136366666666667,22.86836666666666,4.362945503135767,24.550754761904763,4.759690673740596,24.09227023809524,5.306050492268699,24.28862722222222,4.822900275617564,23.742633141349796,24.59481126545414,1,0.2551701483383104,0
2026-06-17,17.133633333333332,240.42709027777775,3.0509722222222218,0.1168527777777777,0.0,488.0,8510.0,2026,6,17,2,168,25,2,0,2,29.468200000000003,20.39943333333333,20.299733333333332,20.25316666666667,23.23643333333333,22.0557,23.6864,23.389122222222216,5.264871792712819,25.106492857142857,5.113576446594837,25.02940595238095,4.981818116087687,24.366355,4.88871942537706,25.174024856012352,24.909223441876453,1,0.2332239648125686,1
2026-06-18,22.205266666666667,240.52340972222223,3.945972222222222,0.1190402777777777,977.0,454.0,11977.0,2026,6,18,3,169,25,2,0,2,17.133633333333332,29.468200000000003,20.39943333333333,24.5112,23.6759,23.302733333333332,23.7792,22.333755555555552,6.39074217584682,24.66084523809524,5.708378136910036,24.59349166666667,5.4002053335557,24.147929444444447,5.063412993663338,23.16392697534259,24.407572467131736,1,0.2591808608622328,1
2026-06-19,23.603666666666665,241.7036388888889,4.214166666666666,0.1463944444444444,2385.0,1803.0,9554.0,2026,6,19,4,170,25,2,0,2,22.205266666666667,17.133633333333332,29.468200000000003,32.907783333333334,33.49406666666667,34.163466666666665,19.23163333333333,22.935699999999997,6.1996397761840765,24.33142619047619,5.784481247042954,24.48844642857143,5.433627422284045,24.095464999999997,5.075505019596742,22.924261898173608,24.26548822194044,1,0.2574875915189302,1
2026-06-20,27.875833333333333,240.30783333333335,4.924444444444444,0.1000555555555555,1021.0,4195.0,12337.0,2026,6,20,5,171,25,2,1,2,23.603666666666665,22.205266666666667,17.133633333333332,27.905933333333333,29.1132,27.761666666666667,21.573266666666665,20.98085555555555,3.4043677475221843,23.002266666666664,4.385020269601045,23.78198928571428,4.775824424706779,24.24119944444444,4.993131959500846,23.094113090296872,24.222790057084065,1,0.2519900094325048,0
2026-06-21,27.681500000000003,240.95399305555551,4.947638888888889,0.1178333333333333,3824.0,3525.0,11179.0,2026,6,21,6,172,25,2,1,2,27.875833333333333,23.603666666666665,22.205266666666667,20.299733333333332,16.868033333333333,22.341033333333332,34.92953333333333,24.56158888888888,2.954156870944351,22.997966666666667,4.379421431261189,23.69360595238095,4.68006307467926,24.451285,5.009571033203377,24.28954315105599,24.458470268454988,1,0.2529268359841441,0
2026-06-22,25.343133333333338,240.6849236111111,4.581666666666667,0.1454402777777777,968.0,6176.0,9230.0,2026,6,22,0,173,26,2,0,2,27.681500000000003,27.875833333333333,23.603666666666665,20.39943333333333,22.700566666666667,21.1494,24.7926,26.386999999999997,2.41239501210817,24.052504761904764,4.508263886810428,24.46599642857143,4.347426415247534,24.20968388888889,4.648573099828846,25.137532363291996,24.666407670490152,1,0.2604299559521706,1
2026-06-23,24.0344,239.99858333333336,4.383194444444444,0.2058902777777777,5740.0,1500.0,10188.0,2026,6,23,1,174,26,2,0,2,25.343133333333338,27.681500000000003,27.875833333333333,29.468200000000003,25.578033333333337,16.348300000000002,22.355533333333337,26.96682222222222,1.4095089808288113,24.758747619047615,4.218530511781735,24.65475119047619,4.322173095983689,24.228035,4.652038995378955,25.18893260580233,24.710067390673583,1,0.2613344341162368,1
2026-06-24,18.263,240.80948611111108,3.274583333333333,0.1602652777777778,973.0,883.0,8090.0,2026,6,24,2,175,26,2,0,2,24.0344,25.343133333333338,27.681500000000003,17.133633333333332,20.25316666666667,23.23643333333333,19.9771,25.68634444444444,1.8476146791450816,23.98249047619047,3.6720500576404818,24.544491666666666,4.316493670876546,24.283997222222222,4.6388160518842145,24.90029945435175,24.666475946114,1,0.2384443135936304,1
2026-06-25,18.323966666666667,240.5305486111111,3.3211111111111107,0.1518986111111111,0.0,689.0,10466.0,2026,6,25,3,176,26,2,0,2,18.263,24.0344,25.343133333333338,22.205266666666667,24.5112,23.6759,23.1314,22.54684444444444,3.7671857072079367,24.14382857142857,3.3298455177392188,24.402336904761903,4.497659943480456,24.226860555555557,4.703794955214096,23.24097459076381,24.253348465719547,1,0.2300509280370506,1
2026-06-26,16.360333333333333,241.4948611111111,3.002638888888889,0.2045069444444444,921.0,1221.0,7939.0,2026,6,26,4,177,26,2,0,2,18.323966666666667,18.263,24.0344,23.603666666666665,32.907783333333334,33.49406666666667,22.0557,20.207122222222218,3.3146599561363015,23.589357142857143,3.9683734579009777,23.960391666666663,4.781185883171175,24.066612777777777,4.822785946784114,22.01172260973952,23.87080770449033,1,0.2296941321102359,1
2026-06-27,18.9994,239.94747916666665,3.4852777777777777,0.2116041666666666,2665.0,764.0,7690.0,2026,6,27,5,178,26,2,1,2,16.360333333333333,18.323966666666667,18.263,27.875833333333333,27.905933333333333,29.1132,23.302733333333332,17.649099999999994,1.1165208795372326,22.55459523809524,4.817526725191429,22.77843095238095,4.431732019932094,23.876767222222224,5.01301890251966,20.598875290637977,23.386260970867298,1,0.2484693615837266,1
2026-06-28,24.522333333333332,240.4290138888889,4.3725,0.1950611111111111,0.0,809.0,12516.0,2026,6,28,6,179,26,2,1,2,18.9994,16.360333333333333,18.323966666666667,27.681500000000003,20.299733333333332,16.868033333333333,34.163466666666665,17.89456666666666,1.3709327072383883,21.28653333333333,4.326649085266102,22.142249999999997,4.275573380066728,23.73332277777778,5.0909734312364865,20.19900646797848,23.103237682424247,1,0.2511439923415821,1
2026-06-29,22.80905,240.34065625,4.162638888888889,0.2244791666666666,1746.0,1984.0,8263.0,2026,6,29,0,180,27,2,0,2,24.522333333333332,18.9994,16.360333333333333,25.343133333333338,20.39943333333333,22.700566666666667,27.761666666666667,19.96068888888888,4.165047208126764,20.835223809523807,3.66215771575669,22.443864285714284,4.284526659002735,23.411951666666663,4.699077525874797,21.27983818431719,23.19479224054741,1,0.2414923914910717,1
2026-06-30,23.068933333333337,240.61095833333337,4.09375,0.1656861111111111,398.0,806.0,5214.0,2026,6,30,1,181,27,2,0,2,22.80905,24.522333333333332,18.9994,24.0344,29.468200000000003,25.578033333333337,22.341033333333332,22.110261111111104,2.8269997496526464,20.473211904761907,3.24360314135091,22.61597976190476,4.244291400122608,23.246864444444444,4.6274459118338225,21.66214113823789,23.169905644383064,1,0.2275778727094266,1
2026-07-01,22.483366666666665,239.31421527777775,4.051944444444445,0.2003138888888888,877.0,921.0,7438.0,2026,7,1,2,182,27,3,0,2,23.068933333333337,22.80905,24.522333333333332,18.263,17.133633333333332,20.25316666666667,21.1494,23.466772222222215,0.9233318911437384,20.335288095238095,3.083513047265334,22.158889285714288,3.767363128620744,23.271127777777775,4.624439882353658,22.013839187011747,23.163391301734695,1,0.2272212359031827,1
2026-07-02,19.01546666666667,239.63011805555556,3.495,0.2064569444444444,822.0,932.0,6337.0,2026,7,2,3,183,27,3,0,2,22.483366666666665,23.068933333333337,22.80905,18.323966666666667,22.205266666666667,24.5112,16.348300000000002,22.787116666666662,0.2933988473227808,20.93819761904762,3.0227934271133288,22.541013095238096,3.478695068779083,23.315593333333332,4.609725123736621,22.131221056925476,23.11951874463353,1,0.2334131859953211,1
2026-07-03,18.6679,241.33627777777775,3.42125,0.2186847222222222,0.0,968.0,6151.0,2026,7,3,4,184,27,3,0,2,19.01546666666667,22.483366666666665,23.068933333333337,16.360333333333333,23.603666666666665,32.907783333333334,23.23643333333333,21.52258888888888,2.1908830315986982,21.036983333333335,2.933088847939032,22.31317023809524,3.604560474327821,23.40449888888889,4.495009465673195,21.352282459360772,22.854741191216316,1,0.2289499306094151,1
2026-07-04,25.6348,240.33446527777775,4.561805555555556,0.1945458333333333,860.0,804.0,6597.0,2026,7,4,5,185,27,3,1,2,18.6679,19.01546666666667,22.483366666666665,18.9994,27.875833333333333,27.905933333333333,23.6759,20.05557777777777,2.1096966165073,21.36663571428571,2.401349166313629,21.960615476190476,3.708510138386773,23.252214444444444,4.577529823405827,20.681186844520575,22.58462240468623,1,0.2076711988939397,1
2026-07-05,18.5665,241.1825625,3.3313888888888887,0.1623930555555555,841.0,837.0,6913.0,2026,7,5,6,186,27,3,1,2,25.6348,18.6679,19.01546666666667,24.522333333333332,27.681500000000003,20.299733333333332,33.49406666666667,21.106055555555553,3.9258559995570543,22.31455,2.6115926782572196,21.800541666666668,3.4745305790227135,23.317511111111113,4.597708927506611,21.919590133390432,22.781408055996796,1,0.212843579602026,1
2026-07-06,16.765566666666665,240.5297013888889,3.0056944444444444,0.1335361111111111,0.0,771.0,8451.0,2026,7,6,0,187,28,3,0,2,18.5665,25.6348,18.6679,22.80905,25.343133333333338,20.39943333333333,29.1132,20.956399999999995,4.051930454733747,21.463716666666667,2.739484377595456,21.149470238095237,3.124094381899855,22.819925555555553,4.2532380205731135,21.081317600042823,22.509478503997,1,0.2162703043723045,1
2026-07-07,13.913133333333333,240.6574513888889,2.5466666666666664,0.1455111111111111,879.0,760.0,5762.0,2026,7,7,1,188,28,3,0,2,16.765566666666665,18.5665,25.6348,23.068933333333337,24.0344,29.468200000000003,16.868033333333333,20.322288888888885,4.688061534049626,20.600361904761908,3.164218425375991,20.5367869047619,3.079161004874774,22.408337777777778,4.220552339599645,20.00237986669878,22.138903546749884,1,0.2094395599637568,1
2026-07-08,20.210866666666668,240.304125,3.629444444444444,0.1714541666666666,857.0,1350.0,8459.0,2026,7,8,2,189,28,3,0,2,13.913133333333333,16.765566666666665,18.5665,22.483366666666665,18.263,17.133633333333332,22.700566666666667,16.41506666666666,2.3464000130218574,19.292390476190473,3.8018268793609713,19.813839285714284,3.3692999278912645,22.30984111111111,4.385561250218587,18.480068233357414,21.608208694271397,1,0.2394530004364931,1
2026-07-09,18.05796666666667,240.79250694444443,3.3231944444444443,0.2181069444444444,0.0,625.0,5356.0,2026,7,9,3,190,28,3,0,2,20.210866666666668,13.913133333333333,16.765566666666665,19.01546666666667,18.323966666666667,22.205266666666667,25.578033333333337,16.963188888888883,3.153514260547979,18.96774761904762,3.5741396236301353,19.952972619047618,3.340426977798285,22.22685111111111,4.401440532053162,18.91276784168473,21.518057595716257,1,0.2362553291702241,1
2026-07-10,19.241733333333332,240.06252083333337,3.510277777777778,0.1953347222222222,907.0,1240.0,8921.0,2026,7,10,4,191,28,3,0,2,18.05796666666667,20.210866666666668,13.913133333333333,18.6679,16.360333333333333,23.603666666666665,20.25316666666667,17.393988888888885,3.2009391046190747,18.830961904761903,3.5902947011723754,19.93397261904762,3.3511446298093466,21.976182222222224,4.418112455553925,18.699067547930213,21.294825922874345,1,0.2353643996947891,1
2026-07-11,19.89286666666667,239.7739513888889,3.648055555555555,0.2101555555555555,848.0,594.0,7781.0,2026,7,11,5,192,28,3,1,2,19.241733333333332,18.05796666666667,20.210866666666668,25.6348,18.9994,27.875833333333333,24.5112,19.170188888888884,1.078231681108753,18.912938095238097,3.592501439542968,20.139786904761905,3.199849497544057,21.94246777777778,4.4355388454525375,18.83473399428099,21.162368336452342,1,0.234036970842934,1
2026-07-12,18.4929,240.2186458333333,3.397222222222222,0.1985499999999999,1724.0,646.0,6444.0,2026,7,12,6,193,28,3,1,2,19.89286666666667,19.241733333333332,18.05796666666667,18.5665,24.522333333333332,27.681500000000003,32.907783333333334,19.06418888888889,0.9302451423217708,18.092661904761904,2.1795741516974863,20.20360595238095,3.184227301630174,21.788523333333337,4.423439344353108,19.099267162377412,21.080465002917787,1,0.1890236466279002,1
2026-07-13,23.035233333333338,240.49479166666663,4.2404166666666665,0.1998069444444444,2273.0,2826.0,7894.0,2026,7,13,0,194,29,3,0,2,18.4929,19.89286666666667,19.241733333333332,16.765566666666665,22.80905,25.343133333333338,27.905933333333333,19.209166666666665,0.7005512884694788,18.08214761904762,2.1770834862815613,19.772932142857144,2.9546486873217663,21.308027222222226,3.929264861425601,18.94767537178306,20.91352532531019,1,0.1724324775144673,1
2026-07-14,23.4912,240.34191666666663,4.260555555555555,0.1725555555555555,1064.0,598.0,7575.0,2026,7,14,1,195,29,3,0,2,23.035233333333338,18.4929,19.89286666666667,13.913133333333333,23.068933333333337,24.0344,20.299733333333332,20.473666666666663,2.3261974352527597,18.977814285714288,2.75748364400965,19.789088095238096,2.9730879888032113,21.14567055555556,3.7434753973605743,19.96956486217063,21.050409712924584,1,0.2065256548551272,1
2026-07-15,27.26355,240.36691666666667,4.791944444444444,0.1335583333333333,1108.0,2179.0,8203.5,2026,7,15,2,196,29,3,0,2,23.4912,23.035233333333338,18.4929,20.210866666666668,22.483366666666665,18.263,20.39943333333333,21.67311111111111,2.7635635389298914,20.346109523809528,2.130584064219432,19.819250000000004,3.010823933509239,21.25205277777778,3.76389845928916,20.84997364662797,21.207880054026223,1,0.1716572809623185,1
2026-07-16,13.6676,241.15434722222224,2.4870833333333335,0.1366166666666666,0.0,568.0,3854.0,2026,7,16,3,197,29,3,0,2,27.26355,23.4912,23.035233333333338,18.05796666666667,19.01546666666667,18.323966666666667,29.468200000000003,24.596661111111104,2.320818532228815,21.353635714285712,3.3655920645060737,20.16069166666667,3.557589081794873,21.480856666666668,3.915845877228256,22.45336773497098,21.598568437637436,1,0.2116189272695695,1
2026-07-17,13.4392,241.18420833333337,2.424166666666667,0.1259375,0.0,541.0,6094.0,2026,7,17,4,198,29,3,0,2,13.6676,27.26355,23.4912,19.241733333333332,18.6679,16.360333333333333,17.133633333333332,21.474116666666664,7.018827037392524,20.726440476190476,4.347860645018668,19.778701190476195,3.9549344634294705,20.95417,3.8667859769799455,20.25692580122823,21.08689305456405,1,0.2131639418739338,1
2026-07-18,13.533966666666666,241.45020138888887,2.417638888888889,0.1180069444444444,0.0,498.0,3943.0,2026,7,18,5,199,29,3,1,2,13.4392,13.6676,27.26355,19.89286666666667,25.6348,18.9994,22.205266666666667,18.123449999999995,7.916382548077008,19.897507142857144,5.156112202861961,19.405222619047617,4.299751107136195,20.83102222222222,4.04727363485211,18.552494350921172,20.593493502656692,1,0.2118174720097957,1
2026-07-19,13.352633333333332,241.84955555555555,2.395,0.1336791666666666,0.0,549.0,6105.0,2026,7,19,6,200,29,3,1,2,13.533966666666666,13.4392,13.6676,18.4929,18.5665,24.522333333333332,23.603666666666665,13.546922222222216,0.1147498357818491,18.989092857142857,5.68962606486106,18.540877380952384,4.16530439397053,20.541978888888888,4.250291604264452,17.297862429857545,20.13804015839927,1,0.2028472240105244,1
2026-07-20,14.263733333333333,241.6489861111111,2.5684722222222223,0.1517083333333333,9.0,550.0,5178.0,2026,7,20,0,201,30,3,0,2,13.352633333333332,13.533966666666666,13.4392,23.035233333333338,16.765566666666665,22.80905,27.875833333333333,13.44193333333333,0.0906975621221435,18.25476904761905,6.082487388110039,18.168458333333337,4.389869154771879,20.200277777777774,4.404912425861261,16.31155515572649,19.700271976136953,1,0.1993538275028955,1
2026-07-21,17.7361,241.72080555555556,3.204861111111111,0.1696152777777778,2030.0,585.0,6178.0,2026,7,21,1,202,30,3,0,2,14.263733333333333,13.352633333333332,13.533966666666666,23.4912,13.913133333333333,23.068933333333337,27.681500000000003,13.716777777777772,0.4822766107292003,17.001697619047622,5.831868314258377,17.989755952380953,4.500889264886682,19.74654111111111,4.286492211425822,15.7995997001282,19.34952754756898,1,0.2080385787901169,1
2026-07-22,19.407433333333337,241.1897847222222,3.5011111111111113,0.2161694444444444,0.0,2151.0,5604.0,2026,7,22,2,203,30,3,0,2,17.7361,14.263733333333333,13.352633333333332,27.26355,20.210866666666668,22.483366666666665,25.343133333333338,15.117488888888886,2.3130864480004703,16.179540476190475,5.127673893378446,18.262825000000003,4.347904975337497,19.415027777777777,4.028466453607413,16.28372477509615,19.24543544772582,1,0.2132747263861852,1
2026-07-23,19.602633333333333,239.8829166666667,3.5233333333333334,0.1981111111111111,897.0,2106.0,8295.0,2026,7,23,3,204,30,3,0,2,19.407433333333337,17.7361,14.263733333333333,13.6676,18.05796666666667,19.01546666666667,24.0344,17.13575555555555,2.6238754756046343,15.057238095238096,2.4666213083981297,18.205436904761907,4.325459194496938,19.21717111111111,3.8699145559881183,17.064651914655446,19.25588692421663,1,0.170771168985425,1
2026-07-24,15.361133333333331,240.2968680555555,2.786111111111111,0.1985097222222222,0.0,2096.0,3892.0,2026,7,24,4,205,30,3,0,2,19.602633333333333,19.407433333333337,17.7361,13.4392,19.241733333333332,18.6679,18.263,18.915388888888884,1.02594711003587,15.9051,2.8925985791959734,18.315770238095237,4.341080566730803,19.069445555555554,3.762790248686525,17.699147269324918,19.278257660288677,1,0.1936801525661306,1
2026-07-25,18.84016666666667,240.27947916666668,3.368611111111111,0.1792819444444444,0.0,3732.0,7549.0,2026,7,25,5,206,30,3,1,2,15.361133333333331,19.602633333333333,19.407433333333337,13.533966666666666,19.89286666666667,25.6348,18.323966666666667,18.123733333333327,2.3944717225304997,16.179661904761904,2.704635110627022,18.03858452380953,4.400887769105433,18.972716666666663,3.8210833180356456,17.114643785327022,19.02553996177543,1,0.1995092222589822,1
2026-07-26,14.735833333333334,240.93763194444443,2.658333333333333,0.1235138888888889,0.0,2246.0,4147.0,2026,7,26,6,207,30,3,1,2,18.84016666666667,15.361133333333331,19.602633333333333,13.352633333333332,18.4929,18.5665,16.360333333333333,17.93464444444444,2.261096732495503,16.937690476190475,2.5802660579658285,17.963391666666666,4.375689723013502,18.989923333333333,3.8192229975092618,17.546024505661933,19.01358039434906,1,0.1835372879093738,1
2026-07-27,15.872666666666667,239.63009722222225,2.8269444444444445,0.1213402777777777,907.0,523.0,4042.0,2026,7,27,0,208,31,3,0,2,14.735833333333334,18.84016666666667,15.361133333333331,14.263733333333333,23.035233333333338,16.765566666666665,18.9994,16.312377777777773,2.211342922884269,17.135290476190477,2.2974209242591734,17.69502976190476,4.455205143598753,18.93577333333333,3.8689838117031288,16.843476712579783,18.73759671299321,1,0.1777569029163685,1
2026-07-28,14.377566666666668,240.30625694444444,2.583472222222222,0.1269902777777778,801.0,544.0,7232.0,2026,7,28,1,209,31,3,0,2,15.872666666666667,14.735833333333334,18.84016666666667,17.7361,23.4912,13.913133333333333,24.522333333333332,16.482888888888883,2.1191192505722607,17.365138095238095,2.026796585055382,17.183417857142857,4.198661563489426,18.83154888888889,3.9091172315740224,16.600774201101505,18.55276251645601,1,0.1510620661468141,1
2026-07-29,9.151733333333334,240.3845347222222,1.689722222222222,0.1231013888888888,0.0,537.0,4158.0,2026,7,29,2,210,31,3,0,2,14.377566666666668,15.872666666666667,14.735833333333334,19.407433333333337,27.26355,20.210866666666668,22.80905,14.99535555555555,0.7806054319358772,16.885347619047618,2.303041625831758,16.532444047619048,3.836322505424579,18.49339,3.838000176969787,16.044972317492796,18.28339504227605,1,0.1370425972143517,1
2026-07-30,9.187666666666669,240.04908333333333,1.695138888888889,0.1200375,0.0,534.0,4087.0,2026,7,30,3,211,31,3,0,2,9.151733333333334,14.377566666666668,15.872666666666667,19.602633333333333,13.6676,18.05796666666667,23.068933333333337,13.133988888888885,3.5288242354659416,15.420247619047618,3.421652911529785,15.238742857142856,2.8717830384161127,18.03814611111111,4.1088690174965175,14.32166257145293,17.69425557718297,1,0.1627155760499833,1
2026-07-31,9.2436,239.68085416666665,1.7159722222222222,0.1262013888888888,0.0,548.0,4272.0,2026,7,31,4,212,31,3,0,2,9.187666666666669,9.151733333333334,14.377566666666668,15.361133333333331,13.4392,19.241733333333332,22.483366666666665,10.905655555555551,3.006816900594403,13.932395238095236,3.5614377713282517,14.91874761904762,3.2807863446283143,17.575437222222224,4.29996196587388,13.038163595256364,17.145443389407728,1,0.1590539030085329,1
2026-08-01,9.261066666666666,239.80130555555556,1.7205555555555554,0.1281180555555555,0.0,558.0,4263.0,2026,8,1,5,213,31,3,1,2,9.2436,9.187666666666669,9.151733333333334,18.84016666666667,13.533966666666666,19.89286666666667,19.01546666666667,9.19433333333333,0.0462947560794776,13.058461904761904,3.888020617582568,14.619061904761905,3.6022124127604487,17.13411166666667,4.455485603849784,12.089522696442272,16.635647041704004,1,0.1588096522850202,1
2026-08-02,9.158033333333332,240.89735416666667,1.7008333333333332,0.1272527777777777,0.0,536.0,4191.0,2026,8,2,6,214,31,3,1,2,9.261066666666666,9.2436,9.187666666666669,14.735833333333334,13.352633333333332,18.4929,18.6679,9.230777777777773,0.0383431484500168,11.690019047619046,3.124736671681331,14.313854761904762,3.8721263007988016,16.808965,4.6644766765191195,11.38240868899837,16.15986766266934,1,0.1323683265121008,1
2026-08-03,10.253533333333332,241.5017013888889,1.8530555555555557,0.1229972222222222,0.0,527.0,4096.0,2026,8,3,0,215,32,3,0,2,9.158033333333332,9.261066666666666,9.2436,15.872666666666667,14.263733333333333,23.035233333333338,25.6348,9.220899999999997,0.0551401345706109,10.893190476190474,2.9232770478999393,14.014240476190478,4.107361993066245,16.491969444444447,4.8531165524364726,10.826314850082108,15.7081364156154,1,0.1216641108872983,1
2026-08-04,9.055933333333334,241.39795138888888,1.6722222222222225,0.1246055555555555,0.0,532.0,4116.0,2026,8,4,1,216,32,3,0,2,10.253533333333332,9.158033333333332,9.261066666666666,14.377566666666668,17.7361,23.4912,18.5665,9.55754444444444,0.6049416228307828,10.090457142857144,1.9311742839720007,13.72779761904762,4.226723330192934,15.979260555555555,4.662654602325021,10.683119470894914,15.35622653933914,1,0.0861026715365803,1
2026-08-05,8.891266666666667,241.8593888888889,1.6345833333333335,0.1206111111111111,0.0,517.0,4013.0,2026,8,5,2,217,32,3,0,2,9.055933333333334,10.253533333333332,9.158033333333332,9.151733333333334,19.407433333333337,27.26355,16.765566666666665,9.489166666666662,0.6639265044637245,9.33022380952381,0.4126849254179999,13.107785714285711,4.230161778032926,15.662241666666668,4.801916689458858,10.27632293650452,14.94975600991941,1,0.0494561412134081,1
2026-08-06,8.745766666666666,240.9532361111111,1.6036111111111109,0.1142944444444444,0.0,507.0,3947.0,2026,8,6,3,218,32,3,0,2,8.891266666666667,9.055933333333334,10.253533333333332,9.187666666666669,19.602633333333333,13.6676,13.913133333333333,9.40024444444444,0.7435423482894356,9.293014285714284,0.4421511371584783,12.356630952380952,3.949875331765953,15.399765,4.9523789799179765,9.930058869045055,14.558885729709557,1,0.0500713899208609,1
2026-08-07,8.791266666666667,241.32504861111113,1.6180555555555556,0.1166847222222222,0.0,520.0,3968.0,2026,8,7,4,219,32,3,0,2,8.745766666666666,8.891266666666667,9.055933333333334,9.2436,15.361133333333331,13.4392,20.210866666666668,8.897655555555552,0.1551820018547411,9.229885714285714,0.4887860964578749,11.581140476190477,3.4522466537495293,15.227519444444448,5.093712261300189,9.63398581845046,14.183845790158404,1,0.0515969968296941,1
2026-08-08,8.807666666666668,240.7344652777778,1.6234722222222224,0.1167305555555555,0.0,526.0,3958.0,2026,8,8,5,220,32,3,1,2,8.791266666666667,8.745766666666666,8.891266666666667,9.261066666666666,18.84016666666667,13.533966666666666,18.05796666666667,8.80943333333333,0.0744317360354621,9.165266666666666,0.5158230198169308,11.111864285714288,3.343720386841921,14.846866111111114,5.134991269856481,9.423306030504513,13.835937459610548,1,0.0518659670478424,1
2026-08-09,8.917733333333333,241.06926388888888,1.6384722222222223,0.1190916666666666,0.0,515.0,4042.0,2026,8,9,6,221,32,3,1,2,8.807666666666668,8.791266666666667,8.745766666666666,9.158033333333332,14.735833333333334,13.352633333333332,19.241733333333332,8.781566666666663,0.0320697676310962,9.100495238095238,0.5300586572767216,10.395257142857144,2.5380090038248384,14.53852277777778,5.212665013410959,9.26939618954505,13.511532892323846,1,0.0512313853014838,1
2026-08-10,9.0793,241.95466666666664,1.6648611111111111,0.1262555555555555,0.0,525.0,4141.0,2026,8,10,0,222,33,3,0,2,8.917733333333333,8.807666666666668,8.791266666666667,10.253533333333332,15.872666666666667,14.263733333333333,19.89286666666667,8.838888888888883,0.068771904225064,9.066166666666666,0.5334815221164747,9.979678571428574,2.230280482557512,14.194389444444443,5.232210160134669,9.18148047549212,13.215158727227683,1,0.0492634507053417,1
2026-08-11,9.033366666666666,240.54286805555552,1.6716666666666666,0.1222666666666666,0.0,542.0,4118.0,2026,8,11,1,223,33,3,0,2,9.0793,8.917733333333333,8.807666666666668,9.055933333333334,14.377566666666668,17.7361,18.4929,8.934899999999995,0.1366279172560577,8.898419047619047,0.1297261500870467,9.494438095238095,1.4531377140095991,13.833937222222222,5.198469253712432,9.155935356619093,12.948329131922671,1,0.033262283490635,1
2026-08-12,8.8283,240.79493055555557,1.6237499999999998,0.1174291666666666,0.0,514.0,3982.0,2026,8,12,2,224,33,3,0,2,9.033366666666666,9.0793,8.917733333333333,8.891266666666667,9.151733333333334,19.407433333333337,23.035233333333338,9.010133333333329,0.0832513529844829,8.895195238095239,0.1253665313830196,9.112709523809524,0.3698781703913447,13.518619444444443,5.193016462243002,9.125293184130983,12.695750908357768,1,0.0348594566297035,1
2026-08-13,8.9049,240.99115972222225,1.6345833333333335,0.1149569444444444,0.0,508.0,4097.0,2026,8,13,3,225,33,3,0,2,8.8283,9.033366666666666,9.0793,8.745766666666666,9.187666666666669,19.602633333333333,23.4912,8.980322222222219,0.1336433118819515,8.8862,0.1279281974349083,9.089607142857142,0.377279944171344,13.045055,4.936704322361154,9.051044888098238,12.446237946528235,1,0.0345828137664725,1
2026-08-14,9.237833333333333,241.165875,1.683472222222222,0.1114652777777777,0.0,512.0,4471.0,2026,8,14,4,226,33,3,0,2,8.9049,8.8283,9.033366666666666,8.791266666666667,9.2436,15.361133333333331,27.26355,8.922188888888885,0.1036207686694674,8.908933333333334,0.1119555566370469,9.069409523809524,0.3791906235209979,12.558845,4.577634423594189,9.014508666073676,12.217764530623189,1,0.0337970305659729,1
2026-08-15,17.599766666666667,241.686625,3.161388888888889,0.1435902777777777,0.0,4361.0,5282.0,2026,8,15,5,227,33,3,1,2,9.237833333333333,8.9049,8.8283,8.807666666666668,9.261066666666666,18.84016666666667,13.6676,8.990344444444439,0.217726784270003,8.97272857142857,0.1533216763875214,9.06899761904762,0.3789899287136339,11.95798777777778,3.674972474090553,9.07033983288859,12.025510904991584,1,0.0268004993372326,1
2026-08-16,18.828833333333332,241.07695833333335,3.4175,0.1284833333333333,1530.0,463.0,7328.0,2026,8,16,6,228,33,3,1,2,17.599766666666667,9.237833333333333,8.9049,8.917733333333333,9.158033333333332,14.735833333333334,13.4392,11.91416666666666,4.9266871903042295,10.228742857142858,3.2531160160057806,9.664619047619048,2.31446380860075,12.08906,3.805842854367055,11.20269654133311,12.38514030897062,1,0.132330861701644,1
2026-08-17,17.20830315483603,240.9138349633152,3.315542195837722,0.1046945060410751,940.0,741.5064342050644,5548.0,2026,8,17,0,229,34,3,0,2,18.828833333333332,17.599766666666667,9.237833333333333,9.0793,10.253533333333332,15.872666666666667,13.533966666666666,15.22214444444444,5.2188730415388696,11.644614285714283,4.503823371925045,10.355390476190475,3.359069667841156,12.268714444444443,3.9943155734757574,13.109230739333167,12.800862439574669,1,0.1612076368385088,1
2026-08-22,2.210696845163968,242.77759518159107,2.7342132882194914,0.1720653915740501,0.0,173.49356579493565,360.0,2026,8,22,5,234,34,3,1,2,17.20830315483603,18.828833333333332,17.599766666666667,9.033366666666666,9.055933333333334,14.377566666666668,13.352633333333332,17.87896771827867,0.8455734357636612,12.80590045069086,4.7721456973798855,10.852159749154954,3.824824367914088,12.391192327383424,4.089645455514625,14.133998843208884,13.085213453462496,1,0.0699571764023085,1
2026-08-23,12.760966666666668,242.0454236111111,2.3279166666666664,0.1436083333333333,0.0,565.0,6106.0,2026,8,23,6,235,34,3,1,2,2.210696845163968,17.20830315483603,18.828833333333332,8.8283,8.891266666666667,9.151733333333334,14.263733333333333,12.74927777777777,9.162575815227424,11.831233333333332,6.164640347788442,10.363214285714283,4.457337625906223,12.019794444444443,4.486035137664875,11.153173343697652,12.383631736798074,1,0.1267574069738946,1
2026-08-24,12.049133333333334,241.6081597222222,2.254861111111111,0.1218458333333333,0.0,541.0,5712.0,2026,8,24,0,236,35,3,0,2,12.760966666666668,2.210696845163968,17.20830315483603,8.9049,8.745766666666666,9.187666666666669,17.7361,10.726655555555547,7.702977672794321,12.393042857142856,6.022930205816944,10.639621428571427,4.478969122582177,11.969702222222224,4.46847047826506,11.555121674439906,12.407975925821855,1,0.1327614824593934,1
2026-08-25,16.340133333333334,241.11630555555556,2.9448611111111114,0.1118972222222222,969.0,522.0,8959.0,2026,8,25,1,237,35,3,0,2,12.049133333333334,12.760966666666668,2.210696845163968,9.237833333333333,8.791266666666667,9.2436,19.407433333333337,9.006932281721317,5.8964640892186875,12.842219047619048,5.833708768912912,10.87557619047619,4.458490000236692,11.780136666666666,4.334013577516901,11.67862458916326,12.384824790822597,1,0.1635895320245491,1
2026-08-26,12.620866666666666,241.8138125,2.3005555555555555,0.1236763888888888,0.0,538.0,5078.0,2026,8,26,2,238,35,3,0,2,16.340133333333334,12.049133333333334,12.760966666666668,17.599766666666667,8.807666666666668,9.261066666666666,19.602633333333333,13.71674444444444,2.2996311922496355,13.85683333333333,5.718838182334734,11.414780952380951,4.639814185533343,11.677893333333332,4.181366057902764,12.84400177520578,12.640005987113613,1,0.1639009514843766,1
2026-08-27,33.844166666666666,240.85945833333332,5.994027777777777,0.2113319444444444,930.0,7583.0,12707.0,2026,8,27,3,239,35,3,0,2,12.620866666666666,16.340133333333334,12.049133333333334,18.828833333333332,8.917733333333333,9.158033333333332,15.361133333333331,13.670044444444438,2.3299679733923675,13.145561904761903,5.48037978127423,11.687152380952382,4.5866140931359505,11.445167777777778,3.910612000383574,12.788217998071003,12.638771192246068,1,0.1157087308731025,0
2026-08-28,24.0476,242.56586111111113,4.281805555555556,0.1649333333333333,2086.0,549.0,12983.0,2026,8,28,4,240,35,3,0,2,33.844166666666666,12.620866666666666,16.340133333333334,17.20830315483603,9.0793,10.253533333333332,18.84016666666667,20.93505555555555,11.333229830622097,15.290609523809524,9.52305479021705,13.467611904761904,7.402517604399013,12.061268888888888,5.627784055630794,18.05220516521992,14.006861222853848,1,0.1419242057178029,1
2026-08-29,27.808,241.00794444444443,4.937777777777778,0.1331208333333333,3005.0,534.0,13095.0,2026,8,29,5,241,35,3,1,2,24.0476,33.844166666666666,12.620866666666666,2.210696845163968,9.033366666666666,9.055933333333334,14.735833333333334,23.504211111111104,10.622079332029363,16.26765193026152,10.08676100568156,14.536776190476193,7.790723104726398,12.234849999999998,5.916958137092782,19.551053873914935,14.654650821379406,1,0.1334400508473376,1
2026-08-30,24.913366666666665,241.37439583333332,4.3825,0.1254555555555555,940.0,1470.0,11790.0,2026,8,30,6,242,35,3,1,2,27.808,24.0476,33.844166666666666,12.760966666666668,8.8283,8.891266666666667,15.872666666666667,28.566588888888884,4.94214249494802,19.924409523809523,8.683653226368321,15.877821428571426,8.365221027084937,12.67058888888889,6.554475823218004,21.6152904054362,15.503253994193637,1,0.204814874712301,1
2026-08-31,22.751766666666665,241.19238888888887,4.103472222222222,0.1169861111111111,2099.0,1723.0,7958.0,2026,8,31,0,243,36,3,0,2,24.913366666666665,27.808,24.0476,12.049133333333334,8.9049,8.745766666666666,14.377566666666668,25.58965555555555,1.9693087710986097,21.660466666666668,8.214950995164855,17.026754761904762,8.426901305349638,12.971945555555555,6.905223601468644,22.439809470743818,16.110358037578994,1,0.2208221205880438,1
2026-09-01,26.5553,241.26284027777777,4.691666666666666,0.125125,1947.0,1194.0,13990.0,2026,9,1,1,244,36,3,0,3,22.751766666666665,24.913366666666665,27.808,16.340133333333334,9.237833333333333,8.791266666666667,9.151733333333334,25.1577111111111,2.5369572396723243,23.18941428571429,7.0399095710430055,18.015816666666662,8.210127335034343,13.251085555555555,7.1296196945328285,22.517798769724525,16.538836013649167,1,0.2402891206992729,0
2026-09-02,23.2082,240.94371527777776,4.08875,0.1182722222222222,929.0,500.0,11785.0,2026,9,2,2,245,36,3,0,3,26.5553,22.751766666666665,24.913366666666665,12.620866666666666,17.599766666666667,8.807666666666668,9.187666666666669,24.74014444444444,1.9076742143636432,24.64872380952381,6.414455129936273,19.25277857142857,8.089543197113565,13.831204444444444,7.4838081036973,23.52717407729339,17.185059496639543,1,0.2558357204972368,1
2026-09-03,22.44023333333333,240.5336736111111,3.9734722222222225,0.1170805555555555,940.0,523.0,9747.0,2026,9,3,3,246,36,3,0,3,23.2082,26.5553,22.751766666666665,33.844166666666666,18.828833333333332,8.917733333333333,9.2436,24.17175555555555,2.0767874074939874,26.1612,3.835450418862599,19.653380952380953,8.14009722757627,14.298555555555556,7.620361153038821,23.44743055797004,17.573649206533766,1,0.2496746128326653,1
2026-09-04,29.064,241.10194444444443,5.173472222222222,0.1514055555555555,2605.0,734.0,13241.0,2026,9,4,4,247,36,3,0,3,22.44023333333333,23.2082,26.5553,24.0476,17.20830315483603,9.0793,9.261066666666666,24.0679111111111,2.1880975329503376,24.53206666666667,2.0208565717787126,19.911338095238097,8.169127899780138,14.738443333333333,7.698984533660852,23.195631251810862,17.887622376004707,1,0.1776277364898643,0
2026-09-05,22.0503,242.14060416666663,3.96375,0.1298680555555555,1609.0,2732.0,7471.0,2026,9,5,5,248,36,3,1,3,29.064,22.44023333333333,23.2082,27.808,2.210696845163968,9.033366666666666,9.158033333333332,24.904144444444437,3.622946574625745,25.24869523809524,2.6208136116849996,20.758173584178376,8.476099681674182,15.398541111111111,8.053922944348171,24.66272343885815,18.60867899690763,1,0.2206872522264876,1
2026-09-06,23.7146,241.84175,4.206944444444445,0.1119472222222222,3164.0,532.0,10174.0,2026,9,6,6,249,36,3,1,3,22.0503,29.064,22.44023333333333,24.913366666666665,12.760966666666668,8.8283,10.253533333333332,24.518177777777776,3.9416223510310937,24.426166666666663,2.587012511315165,22.175288095238095,6.583903234074869,15.828283333333331,8.053412591450845,24.009617579143615,18.83071906162327,1,0.2193479830991772,1
2026-09-07,24.197566666666667,241.2751597222222,4.307083333333333,0.1166402777777777,1929.0,922.0,11829.0,2026,9,7,0,250,37,3,0,3,23.7146,22.0503,29.064,22.751766666666665,12.049133333333334,8.9049,9.055933333333334,24.942966666666663,3.664650109264615,24.25491428571428,2.5890627016176184,22.95769047619047,6.004428159048066,16.276985555555555,8.106919818052546,23.93586318435771,19.14580815442177,1,0.2205162060464023,1
2026-09-08,21.7302,240.9840069444444,3.8720833333333338,0.1188763888888888,1.0,495.0,7478.0,2026,9,8,1,251,37,3,0,3,24.197566666666667,23.7146,22.0503,26.5553,16.340133333333334,9.237833333333333,8.891266666666667,23.32082222222222,1.1264920053633865,24.461457142857142,2.505483664529667,23.82543571428571,5.119269603676295,16.78170666666667,8.113190679583747,24.00128905493495,19.471728058437566,1,0.2165007636218542,1
2026-09-09,20.645233333333337,240.6032152777778,3.701666666666666,0.1166347222222222,1813.0,2128.0,7016.0,2026,9,9,2,252,37,3,0,3,21.7302,24.197566666666667,23.7146,23.2082,12.620866666666666,17.599766666666667,8.745766666666666,23.214122222222215,1.3076058547899418,23.772157142857143,2.49714292073126,24.210440476190477,4.698404280727726,17.20967111111111,8.0207187806727,23.43351679120121,19.617435925635142,1,0.2107160386342694,1
2026-09-10,22.135133333333332,241.8182013888889,3.921527777777778,0.138925,966.0,654.0,10773.0,2026,9,10,3,253,37,3,0,3,20.645233333333337,21.7302,24.197566666666667,22.44023333333333,33.844166666666666,18.828833333333332,8.791266666666667,22.190999999999992,1.820445140007525,23.406019047619047,2.76693397455994,24.783609523809524,3.516643925590323,17.606319999999997,7.880730453862868,22.73644592673424,19.68374543580922,1,0.2256877063832489,1
2026-09-11,24.3885,241.67075,4.311944444444444,0.1636319444444444,930.0,1427.0,8996.0,2026,9,11,4,254,37,3,0,3,22.135133333333332,20.645233333333337,21.7302,29.064,24.0476,17.20830315483603,8.807666666666668,21.503522222222216,0.7703814728449802,23.362433333333335,2.7870131015381845,23.94725,2.4162266727226345,18.051115555555555,7.741382649510703,22.58611777838401,19.841899493714003,1,0.2258395337663739,1
2026-09-12,26.8682,241.61972222222224,4.755694444444444,0.1398319444444444,1805.0,2080.0,8891.0,2026,9,12,5,255,37,3,1,3,24.3885,22.135133333333332,20.645233333333337,22.0503,27.808,2.210696845163968,8.917733333333333,22.389622222222215,1.88456487825961,22.694504761904764,1.41578614693734,23.9716,2.4190318767049668,18.570476666666664,7.621589502471576,23.036713333788004,20.13522855863568,1,0.1456658766538044,0
2026-09-13,17.938666666666666,241.15527083333336,3.241111111111111,0.1318041666666666,1301.0,798.0,6710.0,2026,9,13,6,256,37,3,1,3,26.8682,24.3885,22.135133333333332,23.7146,24.913366666666665,12.760966666666668,9.0793,24.46394444444444,2.367435092230757,23.382776190476193,2.070242004077562,23.90447142857143,2.315192914960176,19.168825555555554,7.541851704057049,23.994585000341,20.56961381291725,1,0.1810473213685959,1
2026-09-14,23.844633333333334,240.94131944444445,4.237361111111111,0.1368083333333333,1874.0,2705.0,10270.0,2026,9,14,0,257,38,3,0,3,17.938666666666666,26.8682,24.3885,24.197566666666667,22.751766666666665,12.049133333333334,9.033366666666666,23.065122222222215,4.609516020670094,22.55764285714286,2.9005090953975645,23.40627857142857,2.78429314562773,19.464137777777776,7.302821307317129,22.480605416922415,20.399875287352696,1,0.2286493925091945,1
2026-09-15,16.434900000000003,241.29677777777775,2.9531944444444447,0.1524708333333333,0.0,898.0,6018.0,2026,9,15,1,258,38,3,0,3,23.844633333333334,17.938666666666666,26.8682,21.7302,26.5553,16.340133333333334,8.8283,22.883833333333328,4.541639997597474,22.50722380952381,2.8701602132147657,23.48434047619048,2.779847892634842,19.95784666666667,7.070287692733052,22.821612396025145,20.622117741932097,1,0.2111081602202641,1
2026-09-16,22.328966666666663,240.41177083333335,3.9340277777777777,0.1189930555555555,1038.0,739.0,10310.0,2026,9,16,2,259,38,3,0,3,16.434900000000003,23.844633333333334,17.938666666666666,20.645233333333337,23.2082,12.620866666666666,8.9049,19.406066666666664,3.916756832862677,21.75075238095238,3.689862806585859,22.76145476190476,3.2034372408404255,20.2114,6.788163478990963,21.22493429701886,20.351974661807443,1,0.2495894381215738,1
2026-09-17,24.96013333333333,240.814875,4.427777777777778,0.1365569444444444,1954.0,5496.0,9727.0,2026,9,17,3,260,38,3,0,3,22.328966666666663,16.434900000000003,23.844633333333334,22.135133333333332,22.44023333333333,33.844166666666666,9.237833333333333,20.869499999999995,3.914533079577958,21.991285714285716,3.6605484696740618,22.698652380952375,3.2026236687352148,20.65886888888889,6.451238943425086,21.500942389430808,20.479522533088684,1,0.2482470203209185,1
2026-09-18,20.7991,241.55907638888888,3.662361111111111,0.1124847222222222,982.0,754.0,11779.0,2026,9,18,4,261,38,3,0,3,24.96013333333333,22.328966666666663,16.434900000000003,24.3885,29.064,24.0476,17.599766666666667,21.24133333333333,4.365445057239504,22.394857142857145,3.830817261692858,22.87864523809524,3.257327011985724,21.182945555555552,6.121632544631381,22.365740125406436,20.76859419762059,1,0.2463134646112595,1
2026-09-19,15.326666666666666,241.7113055555556,2.7115277777777775,0.1023652777777777,0.0,1307.0,5156.0,2026,9,19,5,262,38,3,1,3,20.7991,24.96013333333333,22.328966666666663,26.8682,22.0503,27.808,18.828833333333332,22.696066666666663,2.104666578766602,21.882085714285715,3.7590391637210505,22.288295238095237,2.7612572606140797,21.28959,6.084814735705845,21.974080094054823,20.770562313903135,1,0.2270767455136118,1
2026-09-20,28.0472,241.4937361111111,4.985972222222222,0.1355652777777777,3323.0,766.0,13262.0,2026,9,20,6,263,38,3,1,3,15.326666666666666,20.7991,24.96013333333333,17.938666666666666,23.7146,24.913366666666665,17.20830315483603,20.36196666666666,4.831587127205373,20.23329523809524,3.738646492724741,21.808035714285715,3.3316383502722293,21.17285111111111,6.166697078633896,20.312226737207784,20.41934323988788,1,0.2252763803954146,0
2026-09-21,18.522933333333334,240.91864583333333,3.311527777777778,0.1248013888888888,0.0,679.0,7969.0,2026,9,21,0,264,39,3,0,3,28.0472,15.326666666666666,20.7991,23.844633333333334,24.197566666666667,22.751766666666665,2.210696845163968,21.390988888888884,6.380888763620849,21.67737142857143,4.5654346384066455,22.117507142857143,3.7028985627499456,21.53414767261658,6.243450109755618,22.245970052905836,20.91146303086285,1,0.2472955181481884,1
2026-09-22,25.173233333333332,240.65502777777775,4.468055555555556,0.1307847222222222,2472.0,1167.0,11768.0,2026,9,22,1,265,39,3,0,3,18.522933333333334,28.0472,15.326666666666666,16.434900000000003,21.7302,26.5553,12.760966666666668,20.632266666666663,6.617398084175033,20.917128571428577,4.5874254171117705,21.71217619047619,3.76770854329989,22.07788888888889,5.109968059570676,21.315210873012703,20.757364340699656,1,0.2473577166594764,1
2026-09-23,24.16436666666667,240.7245,4.227777777777778,0.1145402777777777,1021.0,755.0,12002.0,2026,9,23,2,266,39,3,0,3,25.173233333333332,18.522933333333334,28.0472,22.328966666666663,20.645233333333337,23.2082,12.049133333333334,23.914455555555552,4.885315241088783,22.165461904761905,4.347078209276122,21.95810714285714,3.879680824461059,22.49163111111111,4.824084949023566,22.279716488092863,21.042259114417956,1,0.2536663366723795,1
2026-09-24,22.1332,240.58872222222223,3.923611111111111,0.12865,1739.0,773.0,8666.0,2026,9,24,3,267,39,3,0,3,24.16436666666667,25.173233333333332,18.522933333333334,24.96013333333333,22.135133333333332,22.44023333333333,16.340133333333334,22.620177777777773,3.583993863823603,22.4276619047619,4.413429851135812,22.20947380952381,3.9020148003414823,22.89547222222222,4.409010082717752,22.75087903273631,21.243685408111425,1,0.2540778799254842,1
2026-09-25,1.925530316914853,241.0956645692084,1.681129067211541,0.1060379400018575,0.0,150.0,961.9392898052693,2026,9,25,4,268,39,3,0,3,22.1332,24.16436666666667,25.173233333333332,20.7991,24.3885,29.064,12.620866666666666,23.823599999999995,1.5483998539709658,22.023814285714288,4.270086343512897,22.20933571428571,3.902017667898796,23.08857444444444,4.235448371499417,22.59645927455223,21.301073446297785,1,0.103424331245818,1
2026-09-28,10.165669683085149,239.332314949609,7.352696818747504,0.0745151866266575,944.0,181.0,1976.0607101947307,2026,9,28,0,271,40,3,0,3,1.925530316914853,22.1332,24.16436666666667,15.326666666666666,26.8682,22.0503,33.844166666666666,16.074365661193838,12.29526598763042,19.327590045273553,8.765039851706472,20.60483787977963,6.613371435374303,22.73206323278605,5.428914248543583,17.428727035142888,20.05103840569243,1,0.1336941317203055,1
2026-09-29,28.073766666666664,241.22340972222224,4.879166666666666,0.0968125,1579.0,648.0,13047.0,2026,9,29,1,272,40,3,0,3,10.165669683085149,1.925530316914853,22.1332,28.0472,17.938666666666666,23.7146,24.0476,11.40813333333333,10.160967741647845,18.590304761904765,9.35489008781066,19.411800000000003,6.8970263318138825,21.942780000000003,5.478694002120096,15.612962697128452,19.41327268165325,1,0.1704634414904537,1
2026-09-30,20.804633333333335,242.30779166666665,3.6041666666666665,0.1064138888888888,0.0,771.0,7988.0,2026,9,30,2,273,40,3,0,3,28.073766666666664,10.165669683085149,1.925530316914853,18.522933333333334,23.844633333333334,24.197566666666667,27.808,13.388322222222216,13.368682922847086,18.5941,9.359370461895798,20.135735714285715,7.253216913583141,22.076985555555556,5.580399650245428,18.728163689513007,19.97201422907347,1,0.185133002362058,1
2026-10-01,25.080333333333332,240.80197916666663,4.372638888888889,0.1095722222222222,1752.0,724.0,11307.0,2026,10,1,3,274,40,4,0,3,20.804633333333335,28.073766666666664,10.165669683085149,25.173233333333332,16.434900000000003,21.7302,24.913366666666665,19.681356561028377,9.006736224834116,18.920057142857143,9.39613882727476,19.91859285714286,7.178763611845425,21.84354,5.477931890872257,19.24728110046809,20.025731590638625,1,0.18498494239471,1
2026-10-02,32.05423333333333,240.70345833333332,5.584305555555555,0.1153375,3972.0,741.0,13532.0,2026,10,2,4,275,40,4,0,3,25.080333333333332,20.804633333333335,28.073766666666664,24.16436666666667,22.328966666666663,20.645233333333337,22.751766666666665,24.652911111111106,3.6533672374237383,18.90678571428571,9.385894616627454,20.536123809523808,7.227719275722099,21.849105555555557,5.481242189589364,20.7055441586844,20.351834928876993,1,0.1593629137290572,0
2026-10-03,30.5114,241.93284027777776,5.398472222222223,0.1408430555555555,5000.0,2564.0,7738.0,2026,10,3,5,276,40,4,1,3,32.05423333333333,25.080333333333332,20.804633333333335,22.1332,24.96013333333333,22.135133333333332,26.5553,25.979733333333325,5.678473853950539,20.033909523809523,10.526874111667812,21.230785714285712,7.853543180273476,22.159187777777777,5.788579030655547,23.54271645234663,21.10682837432579,1,0.1530491510059615,0
2026-10-04,29.599333333333337,240.62145833333335,5.197916666666667,0.1302666666666666,1709.0,722.0,8252.0,2026,10,4,6,277,40,4,1,3,30.5114,32.05423333333333,25.080333333333332,1.925530316914853,20.7991,24.3885,23.2082,29.215322222222213,3.6631521272037704,21.230795238095236,11.256357534457452,21.62730476190476,8.1892819783977,22.291057777777777,5.935381125542315,25.284887339259974,21.713574930820897,1,0.1474913178594981,0
2026-10-05,30.9104,239.919,5.422083333333333,0.1476680555555555,0.0,3012.0,12037.0,2026,10,5,0,278,41,4,0,3,29.599333333333337,30.5114,32.05423333333333,10.165669683085149,15.326666666666666,26.8682,22.44023333333333,30.721655555555547,1.2408823681083607,25.18419566901216,7.617600902575346,22.255892857142857,8.454275230227065,22.50409555555556,6.082314421549857,26.363498837778316,22.2223335374346,1,0.2287325649714947,0
2026-10-06,21.924266666666664,241.27625,3.815555555555555,0.0976166666666666,1016.0,527.0,8055.0,2026,10,6,1,279,41,4,0,3,30.9104,29.599333333333337,30.5114,28.073766666666664,28.0472,17.938666666666666,29.064,30.340377777777775,0.672056843936697,28.14772857142857,3.9564854662909608,23.36901666666667,8.497563901413976,22.78643444444445,6.272854301476724,27.500224128333738,22.782853954374303,1,0.2480640201264917,1
2026-10-07,30.1659,241.60523611111108,5.287638888888889,0.1250666666666666,2159.0,543.0,12666.0,2026,10,7,2,280,41,4,0,3,21.924266666666664,30.9104,29.599333333333337,20.804633333333335,18.522933333333334,23.844633333333334,22.0503,27.47799999999999,4.854141469348069,27.269228571428577,4.605184314742381,22.931664285714284,8.395217150957295,22.548443333333335,6.160913060529819,26.106234762916973,22.7274612261351,1,0.2571979380746583,0
2026-10-08,25.174266666666664,240.98219444444445,4.433472222222222,0.1393166666666666,964.0,710.0,9927.0,2026,10,8,3,281,41,4,0,3,30.1659,21.924266666666664,30.9104,25.080333333333332,25.173233333333332,16.434900000000003,23.7146,27.666855555555554,4.987140004310367,28.606552380952383,3.681643754460776,23.76330476190476,8.500905918099305,22.818963333333333,6.314544539828337,27.12115107218773,23.20736050186832,1,0.2452241174944339,0
2026-10-09,26.863,240.1984375,4.740972222222222,0.1764027777777778,959.0,1585.0,13132.0,2026,10,9,4,282,41,4,0,3,25.174266666666664,30.1659,21.924266666666664,32.05423333333333,24.16436666666667,22.328966666666663,24.197566666666667,25.754811111111103,4.151373735194068,28.619971428571425,3.666790339551873,23.76337857142857,8.500919106022387,22.86761888888889,6.327294397753769,26.634429970807464,23.334257673790795,1,0.242667574360643,0
2026-10-10,33.31506666666667,240.3423472222222,5.9181944444444445,0.2273930555555555,3325.0,773.0,10297.0,2026,10,10,5,283,41,4,1,3,26.863,25.174266666666664,30.1659,30.5114,22.1332,24.96013333333333,21.7302,27.401055555555548,2.538942431261376,27.878366666666665,3.3693485714487825,23.956138095238096,8.541211442108379,22.956466666666664,6.365213837680192,26.6915724781056,23.561918469030097,1,0.2199616419132656,0
2026-10-11,27.043166666666664,239.92619444444443,4.820416666666667,0.1864791666666666,1007.0,5006.0,8734.0,2026,10,11,6,284,41,4,1,3,33.31506666666667,26.863,25.174266666666664,29.599333333333337,1.925530316914853,20.7991,20.645233333333337,28.450777777777773,4.296386256344284,28.278890476190472,3.864732976483873,24.754842857142854,8.873969011565057,23.34262888888889,6.633992127667146,28.347446025245866,24.191153836619556,1,0.2483348649340463,0
2026-10-12,26.3282,240.26067361111112,4.681388888888889,0.1182416666666666,1104.0,780.0,9812.0,2026,10,12,0,285,42,4,0,3,27.043166666666664,33.31506666666667,26.863,30.9104,10.165669683085149,15.326666666666666,22.135133333333332,29.07374444444444,3.674197279880591,27.91372380952381,3.839856399451772,26.548959739267985,5.965994517780751,23.555893333333337,6.647113141373126,28.021376185601067,24.37515466436453,1,0.2510423967026186,0
2026-10-13,34.564766666666664,240.79931944444445,6.015833333333333,0.1198916666666666,1988.0,611.0,16593.0,2026,10,13,1,286,42,4,0,3,26.3282,27.043166666666664,33.31506666666667,21.924266666666664,28.073766666666664,28.0472,24.3885,28.89547777777777,3.8441343360637297,27.259123809523807,3.6286198581660902,27.70342619047619,3.676198082053464,23.69566222222222,6.660279442516039,27.5980821392008,24.501157589244237,1,0.2183789557637952,0
2026-10-14,35.585366666666665,240.90321527777775,6.261111111111111,0.1499611111111111,2583.0,2441.0,14239.0,2026,10,14,2,287,42,4,0,3,34.564766666666664,26.3282,27.043166666666664,30.1659,20.804633333333335,18.522933333333334,26.8682,29.31204444444444,4.56301571238605,29.06490952380952,3.6762067168587738,28.167069047619044,4.110202649660645,24.034871111111112,6.949636240662949,29.339753271067263,25.15042269101343,1,0.2170607592789684,0
2026-10-15,26.6054,240.7949444444444,4.6883333333333335,0.1399583333333333,712.0,827.0,10786.0,2026,10,15,3,288,42,4,0,3,35.585366666666665,34.564766666666664,26.3282,25.174266666666664,25.080333333333332,25.173233333333332,17.938666666666666,32.15944444444444,5.07572309313157,29.839119047619047,4.438380965441097,29.22283571428571,3.969495511756936,24.325443333333332,7.248017804996925,30.90115661996712,25.823644882991054,1,0.2551939692564704,0
2026-10-16,16.666900000000002,241.91749305555555,2.936111111111111,0.1166236111111111,0.0,645.0,7656.0,2026,10,16,4,289,42,4,0,3,26.6054,35.585366666666665,34.564766666666664,26.863,32.05423333333333,24.16436666666667,23.844633333333334,32.25184444444444,4.916518812955881,30.043566666666667,4.215029713352302,29.331769047619048,3.8666636699915866,24.614334444444445,7.156821305904117,29.82721746497534,25.874080696991633,1,0.2005702753581476,1
2026-10-17,17.456366666666668,242.2758263888889,3.0640277777777776,0.1288152777777777,995.0,666.0,4681.0,2026,10,17,5,290,42,4,1,3,16.666900000000002,26.6054,35.585366666666665,33.31506666666667,30.5114,22.1332,16.434900000000003,26.285888888888888,9.46327959890423,28.58698095238095,6.5899742803649195,28.23267380952381,5.041665587051157,24.375076666666665,7.301947285995211,26.537138098731507,25.28006903912121,1,0.2119729420230597,1
2026-10-18,45.2314,241.81618055555555,7.903333333333332,0.1813777777777778,2234.0,10218.0,16382.0,2026,10,18,6,291,42,4,1,3,17.456366666666668,16.666900000000002,26.6054,27.043166666666664,29.599333333333337,1.925530316914853,22.328966666666663,20.242888888888885,5.524217151208186,26.321452380952383,7.3730817617785025,27.300171428571428,5.7459112386435525,24.409125555555555,7.265938375018237,24.266945240715295,24.775314047349948,1,0.1376125074876847,0
2026-10-19,32.09963333333334,241.9127847222222,5.6530555555555555,0.1524791666666666,1025.0,4110.0,9461.0,2026,10,19,0,292,43,4,0,3,45.2314,17.456366666666668,16.666900000000002,26.3282,30.9104,10.165669683085149,24.96013333333333,26.451555555555547,16.26861187755712,28.91977142857143,10.295471677130744,28.41674761904762,7.483262691754094,25.17254,8.184885054349424,29.50805893053648,26.09506152816608,1,0.2010795859712224,0
2026-10-20,28.7994,242.248125,5.033611111111111,0.1128916666666666,2154.0,690.0,10330.0,2026,10,20,1,293,43,4,0,3,32.09963333333334,45.2314,17.456366666666668,34.564766666666664,21.924266666666664,28.073766666666664,20.7991,31.595799999999997,13.894369549849271,29.744261904761903,10.28443167911476,28.501692857142853,7.520403998754082,25.410523333333337,8.281717256294126,30.15595253123569,26.48245325753171,1,0.2102465854777016,0
2026-10-21,22.586633333333335,243.47242361111108,3.9468055555555552,0.1259958333333333,755.0,691.0,6757.0,2026,10,21,2,294,43,4,0,3,28.7994,32.09963333333334,45.2314,35.585366666666665,30.1659,20.804633333333335,15.326666666666666,35.3768111111111,8.6923861304231,28.920638095238093,10.062506433757752,28.992773809523808,7.278440445721338,25.677199999999996,8.256876230001042,29.81681439842677,26.63193369252966,1,0.1944584768818257,0
2026-10-22,27.814866666666667,242.79820138888888,4.783194444444445,0.1031402777777777,1106.0,478.0,12697.0,2026,10,22,3,295,43,4,0,3,22.586633333333335,28.7994,32.09963333333334,26.6054,25.174266666666664,25.080333333333332,28.0472,27.828555555555553,4.830237722046587,27.06367619047619,9.824179958647544,28.45139761904762,7.463981281472124,25.91919888888889,8.04677126387175,28.009269132153413,26.37094657258151,1,0.2193409178484738,0
2026-10-23,38.2206,242.24353472222225,6.689722222222223,0.1479944444444444,3737.0,3883.0,13465.0,2026,10,23,4,296,43,4,0,3,27.814866666666667,22.586633333333335,28.7994,16.666900000000002,26.863,32.05423333333333,18.522933333333334,26.4003,3.3392164581596875,27.236457142857144,9.825412361334385,28.640011904761906,7.407951782238356,25.91145444444444,8.044764143734806,27.960668515781727,26.464102707683775,1,0.1765927838446911,0
2026-10-24,39.87173333333333,243.02140972222224,6.971180555555556,0.1871659722222222,1982.0,7563.0,13237.5,2026,10,24,5,297,43,4,1,3,38.2206,27.814866666666667,22.586633333333335,17.456366666666668,33.31506666666667,30.5114,25.173233333333332,29.5407,7.958586806364871,30.31555714285714,9.325611926853002,29.451269047619046,7.809396252241598,26.568043333333332,8.222803080981702,30.525651386836294,27.222586403962243,1,0.1779155133921001,0
2026-10-25,19.3882,242.40615277777775,3.3922222222222222,0.1106444444444444,0.0,541.0,6748.0,2026,10,25,6,298,43,4,1,3,39.87173333333333,38.2206,27.814866666666667,45.2314,27.043166666666664,29.599333333333337,24.16436666666667,35.30239999999999,6.5367367152460645,33.51775238095238,7.916076154908843,29.919602380952377,8.24347362394201,27.057993333333332,8.567503493764745,32.862171873460554,28.03866039940554,1,0.1790690957414137,0
2026-10-26,15.765066666666666,244.89095833333332,2.7504166666666667,0.1203236111111111,0.0,2488.0,4989.0,2026,10,26,0,299,44,4,0,3,19.3882,39.87173333333333,38.2206,32.09963333333334,26.3282,30.9104,22.1332,32.493511111111104,11.379518654599211,29.825866666666663,7.560975898137792,29.37281904761905,8.69068507325611,26.89878777777778,8.66692808319086,29.493678905095415,27.48056618008905,1,0.179402611144995,1
2026-10-27,21.004633333333334,246.1087083333333,3.622916666666667,0.1068277777777777,0.0,2058.0,8269.0,2026,10,27,1,300,44,4,0,3,15.765066666666666,19.3882,39.87173333333333,28.7994,34.564766666666664,21.924266666666664,1.925530316914853,25.00833333333333,12.9989333584636,27.492357142857145,9.105212372545273,28.61830952380953,9.404562422109638,26.686516666666662,8.863428887658499,26.06152584548823,26.724727501803734,1,0.2101104988246486,0
2026-10-28,24.388766666666665,246.25389583333333,4.200138888888889,0.1300277777777778,1103.0,2627.0,9087.0,2026,10,28,2,301,44,4,0,3,21.004633333333334,15.765066666666666,19.3882,22.586633333333335,35.585366666666665,30.1659,10.165669683085149,18.719299999999993,2.68306450185422,26.37881904761905,9.39088018297838,27.64972857142857,9.443226926829675,27.32248676721395,7.623227644526925,24.797302717449508,26.355689168354033,1,0.2182231470156986,0
2026-10-29,20.0737,245.74310416666668,3.5119444444444445,0.1359166666666666,1075.0,726.0,3911.0,2026,10,29,3,302,44,4,0,3,24.388766666666665,21.004633333333334,15.765066666666666,27.814866666666667,26.6054,25.174266666666664,28.073766666666664,20.386155555555547,4.344989815143766,26.636266666666668,9.293792414991897,26.84997142857143,9.190186706192538,27.79659,6.930197580897532,24.6951687047538,26.228790942438717,1,0.2008371152958164,0
2026-10-30,35.87833333333333,243.26736805555555,6.229027777777778,0.1356388888888889,2353.0,614.0,15303.0,2026,10,30,4,303,44,4,0,3,20.0737,24.388766666666665,21.004633333333334,38.2206,16.666900000000002,26.863,20.804633333333335,21.822366666666657,2.270785313008989,25.53038571428571,9.586143117771051,26.383421428571427,9.36763900426855,27.529921111111108,7.071639206539619,23.53980152856535,25.831688300991058,1,0.1864626222146861,0
2026-10-31,24.607166666666668,245.49527777777777,4.235138888888889,0.1445013888888889,1430.0,678.0,5589.0,2026,10,31,5,304,44,4,1,3,35.87833333333333,20.0737,24.388766666666665,39.87173333333333,17.456366666666668,33.31506666666667,25.080333333333332,26.78026666666666,8.169214337240641,25.195776190476188,9.09779804697794,27.755666666666663,9.241063675808288,28.03237777777778,7.112705874454456,26.624434479757348,26.479858948238945,1,0.2218444202394423,0
2026-11-01,23.053,246.37959722222223,3.937638888888889,0.1299208333333333,0.0,634.0,8746.0,2026,11,1,6,305,44,4,1,3,24.607166666666668,35.87833333333333,20.0737,19.3882,45.2314,27.043166666666664,32.05423333333333,26.85306666666666,8.138160652615433,23.015123809523807,6.432930971289297,28.266438095238097,8.815848489261715,28.016605555555554,7.119998553618503,26.12011752648468,26.359040091363315,1,0.2451645874667846,0
2026-11-02,19.851366666666667,245.78691666666663,3.4218055555555553,0.1295277777777778,0.0,574.0,5784.0,2026,11,2,0,306,45,4,0,3,23.053,24.607166666666668,35.87833333333333,15.765066666666666,32.09963333333334,26.3282,30.5114,27.846166666666655,6.999331005730347,23.538666666666668,6.234631554351546,26.682266666666667,7.414046006084904,27.716564444444444,7.133628966432243,25.35333814486351,26.145747182243102,1,0.2398140376071655,1
2026-11-03,21.554966666666665,244.27853472222225,3.7595833333333335,0.1224055555555555,1021.0,1108.0,6529.0,2026,11,3,1,307,45,4,0,3,19.851366666666667,23.053,24.607166666666668,21.004633333333334,28.7994,34.564766666666664,29.599333333333337,22.50384444444444,2.4249922222860483,24.12242380952381,5.53783503468397,25.807390476190477,7.448193548010282,27.36123,7.254091729950659,23.977845275314294,25.73965811672204,1,0.2595929673570971,1
2026-11-04,42.58576666666667,243.15222916666667,7.4961111111111105,0.1753041666666666,6029.0,11193.0,10286.0,2026,11,4,2,308,45,4,0,3,21.554966666666665,19.851366666666667,23.053,24.388766666666665,22.586633333333335,35.585366666666665,30.9104,21.48644444444443,1.6019161874083827,24.201042857142856,5.489894553824687,25.289930952380953,7.475935335946978,27.093084444444443,7.316914942896842,23.37212562315239,25.46967802317008,1,0.1628373946012484,0
2026-11-05,28.9348,243.77503472222224,5.053333333333334,0.1253458333333333,0.0,790.0,12610.0,2026,11,5,3,309,45,4,0,3,42.58576666666667,21.554966666666665,19.851366666666667,20.0737,27.814866666666667,26.6054,21.924266666666664,27.99736666666666,12.662607320769313,26.80061428571429,8.864649657589233,26.718440476190477,8.72588581140662,27.482263333333332,7.82014988463687,28.17553588403096,26.573941806621473,1,0.2265667701244531,0
2026-11-06,30.09013333333333,238.43022222222223,5.345138888888889,0.1346930555555555,3255.0,680.0,9803.0,2026,11,6,4,310,45,4,0,3,28.9348,42.58576666666667,21.554966666666665,35.87833333333333,38.2206,16.666900000000002,30.1659,31.02517777777777,10.670093560994273,28.066485714285715,8.362400381576876,26.798435714285716,8.741829553853586,27.715947777777775,7.752792301334847,28.36535191302322,26.726255238452342,1,0.2328149585544336,0
2026-11-07,27.896933333333333,238.4364861111111,4.965972222222222,0.1215111111111111,1026.0,621.0,6943.0,2026,11,7,5,311,45,4,1,3,30.09013333333333,28.9348,42.58576666666667,24.607166666666668,39.87173333333333,17.456366666666668,25.174266666666664,33.870233333333324,7.569946482050754,27.2396,7.722936050300758,26.217688095238092,8.176430848289344,27.713422222222224,7.75197898063407,28.796547268100745,26.943279631670475,1,0.2457297285723898,0
2026-11-08,30.425666666666665,237.7430625,5.373194444444445,0.10115,1087.0,555.0,13038.0,2026,11,8,6,312,45,4,1,3,27.896933333333333,30.09013333333333,28.9348,23.053,19.3882,45.2314,26.863,28.973955555555545,1.097124162594597,27.709566666666667,7.635648287303804,25.362345238095237,7.207083225118245,27.804177777777777,7.737150490432168,28.571643784408895,27.004805676939046,1,0.2391840946047599,0
2026-11-09,33.701633333333334,237.78809027777777,5.985972222222221,0.1074097222222222,2097.0,583.0,12500.0,2026,11,9,0,313,46,4,0,3,30.425666666666665,27.896933333333333,30.09013333333333,19.851366666666667,15.765066666666666,32.09963333333334,33.31506666666667,29.470911111111104,1.3733900349678394,28.76280476190476,7.3908407426185,26.150735714285712,7.106289797621075,27.922933333333333,7.749537773895966,29.03514950497334,27.22550638595373,1,0.2302390467011359,0
2026-11-10,32.442233333333334,239.08477083333335,5.716666666666667,0.1065777777777777,1026.0,5858.0,13308.0,2026,11,10,1,314,46,4,0,3,33.701633333333334,30.425666666666665,27.896933333333333,21.554966666666665,21.004633333333334,28.7994,27.043166666666664,30.67474444444444,2.91035484555372,30.741414285714285,6.394283781827191,27.43191904761905,6.694805758985918,27.93581888888889,7.759128164323327,30.20177046206334,27.643321027720155,1,0.2461748001516622,0
2026-11-11,29.559866666666668,238.72870833333337,5.2555555555555555,0.1056861111111111,3424.0,2216.0,6259.0,2026,11,11,2,315,46,4,0,3,32.442233333333334,33.701633333333334,30.425666666666665,42.58576666666667,24.388766666666665,22.586633333333335,26.3282,32.18984444444444,1.6525025003626734,32.2967380952381,4.947894013334821,28.248890476190475,6.546370510174702,28.115787777777776,7.800215084054194,30.76188617988084,27.952928273243582,1,0.2413484208660637,0
2026-11-12,30.6137,238.8378958333333,5.434861111111111,0.1049611111111111,2054.0,489.0,10308.0,2026,11,12,3,316,46,4,0,3,29.559866666666668,32.442233333333334,33.701633333333334,28.9348,20.0737,27.814866666666667,34.564766666666664,31.90124444444444,2.123219139350632,30.43589523809524,2.0115141188984005,28.61825476190476,6.457093012420171,28.22351,7.796991189857946,30.461381301577298,28.05660171798056,1,0.1616447838947857,0
2026-11-13,33.719566666666665,239.33274305555557,5.919583333333334,0.112625,1051.0,589.0,13853.0,2026,11,13,4,317,46,4,0,3,30.6137,29.559866666666668,32.442233333333334,30.09013333333333,35.87833333333333,38.2206,35.585366666666665,30.871933333333327,1.4584316031655722,30.675738095238096,1.89968373463552,29.371111904761904,5.981123663126304,28.091807777777777,7.719165991868055,30.499460976182977,28.221575800691493,1,0.1431117890449852,0
2026-11-14,33.9732,239.2797986111111,6.032361111111111,0.1414541666666666,5344.0,549.0,8758.0,2026,11,14,5,318,46,4,1,3,33.719566666666665,30.6137,29.559866666666668,27.896933333333333,24.607166666666668,39.87173333333333,26.6054,31.297711111111106,2.1625631603709627,31.19422857142857,2.1868136091739645,29.216914285714285,5.826281139884873,28.029614444444448,7.6640279084404,31.304487398803897,28.57628488881892,1,0.1610105770821052,0
2026-11-15,29.123033333333336,239.5492430555555,5.125694444444444,0.0879972222222222,1075.0,4222.0,8918.0,2026,11,15,6,319,46,4,1,3,33.9732,33.719566666666665,30.6137,30.425666666666665,23.053,19.3882,16.666900000000002,32.76882222222221,1.8706940721247745,32.062266666666666,1.8379797758123035,29.88591666666667,5.793887741253638,28.27520777777778,7.734541266673441,31.971665549102923,28.924472960508027,1,0.1519392252018908,0
2026-11-16,25.162466666666667,241.19761111111112,4.403611111111111,0.0927763888888889,0.0,478.0,7949.0,2026,11,16,0,320,47,4,0,3,29.123033333333336,33.9732,33.719566666666665,33.701633333333334,19.851366666666667,15.765066666666666,17.456366666666668,32.27193333333333,2.729974519010322,31.87617619047619,2.0811552604361467,30.319490476190474,5.460770517537131,28.69041222222222,7.417744071873924,31.259507495160527,28.93728330714192,1,0.1671029021797918,0
2026-11-17,26.3672,241.45224305555556,4.63125,0.0985527777777777,1153.0,491.0,8915.0,2026,11,17,1,321,47,4,0,3,25.162466666666667,29.123033333333336,33.9732,32.442233333333334,21.554966666666665,21.004633333333334,45.2314,29.419566666666658,4.412845395106411,30.656295238095236,3.0906331156160305,30.69885476190476,4.825083715577093,28.94728222222222,7.143668623696689,29.735247288037066,28.6937467496919,1,0.2221800616045816,0
2026-11-18,27.535866666666667,241.01675,4.876944444444445,0.1431916666666666,2175.0,489.0,9449.0,2026,11,18,2,322,47,4,0,3,26.3672,25.162466666666667,29.123033333333336,29.559866666666668,42.58576666666667,24.388766666666665,32.09963333333334,26.884233333333327,2.0302745334342025,29.788433333333337,3.3477990633978165,31.04258571428571,4.262150568953541,28.318475555555555,6.458222341357924,28.8932354660278,28.5436469593892,1,0.2362029469186686,0
2026-11-19,26.173333333333336,240.04675694444447,4.5784722222222225,0.0853666666666666,0.0,483.0,11914.0,2026,11,19,3,323,47,4,0,3,27.535866666666667,26.3672,25.162466666666667,30.6137,28.9348,20.0737,28.7994,26.35517777777777,1.186745672151636,29.49929047619047,3.456470746709063,29.967592857142854,2.7600247228604773,28.16635,6.419720413653622,28.553893266187515,28.478628875987745,1,0.2390522325764397,0
2026-11-20,36.61676666666666,240.60833333333332,6.472361111111112,0.1067833333333333,4367.0,2947.0,11433.0,2026,11,20,4,324,47,4,0,3,26.173333333333336,27.535866666666667,26.3672,33.719566666666665,30.09013333333333,35.87833333333333,22.586633333333335,26.692133333333327,0.7370960076168936,28.86495238095238,3.621383914403568,29.77034523809524,2.9327805871874792,28.078814444444447,6.428688353433218,27.95875328297397,28.329900131300366,1,0.2046492497680726,0
2026-11-21,15.015166666666666,241.1801944444444,2.6379166666666665,0.0830722222222222,0.0,506.0,4778.0,2026,11,21,5,325,47,4,1,3,36.61676666666666,26.173333333333336,27.535866666666667,33.9732,27.896933333333333,24.607166666666668,27.814866666666667,30.108655555555547,5.677213836648914,29.278838095238093,4.359104722660379,30.236533333333337,3.4590373141998496,28.546485555555556,6.524976076500297,30.123256628897146,28.86453668196916,1,0.1925417499385383,1
2026-11-22,34.025600000000004,240.1971180555555,6.014166666666666,0.0988569444444444,4855.0,2110.0,10136.0,2026,11,22,6,326,47,4,1,3,15.015166666666666,36.61676666666666,26.173333333333336,29.123033333333336,30.425666666666665,23.053,38.2206,25.935088888888885,10.802770522022657,26.57054761904762,6.378116123434808,29.316407142857145,5.334269706954047,28.11982888888889,6.977264354997458,26.34623413833953,27.97102893904642,1,0.2354536041776905,0
2026-11-23,26.292266666666663,240.57552777777775,4.674444444444444,0.0954513888888888,1871.0,458.0,7611.0,2026,11,23,0,327,48,4,0,3,34.025600000000004,15.015166666666666,36.61676666666666,25.162466666666667,33.701633333333334,19.851366666666667,39.87173333333333,28.5525111111111,11.79505435041568,27.270914285714287,6.948755525401434,29.57354523809524,5.476719917131368,27.97999555555555,6.807830868909081,28.266075603754643,28.361646426849877,1,0.2547095283737208,0
2026-11-24,29.93746666666667,240.0309652777778,5.249583333333333,0.0919861111111111,1096.0,2848.0,12224.0,2026,11,24,1,328,48,4,0,3,26.292266666666663,34.025600000000004,15.015166666666666,26.3672,32.442233333333334,21.554966666666665,19.3882,25.111011111111107,9.560108126790514,27.432314285714288,6.904600763147978,29.04430476190476,5.404644261099596,27.52734666666667,6.430902076421271,27.77262336948265,28.228138055225152,1,0.2470035790407905,0
2026-11-25,23.852733333333333,241.5362569444445,4.169444444444444,0.0806444444444444,1076.0,426.0,5072.0,2026,11,25,2,329,48,4,0,3,29.93746666666667,26.292266666666663,34.025600000000004,27.535866666666667,29.559866666666668,42.58576666666667,15.765066666666666,30.085111111111104,3.868780204740704,27.942352380952386,6.944559239562801,28.865392857142854,5.324370830968948,27.878988888888887,6.256560546692567,28.313834193778657,28.338417320479447,1,0.2502483116279169,0
2026-11-26,24.801733333333335,240.2910292953286,4.9562945368171025,0.0956658749010292,1080.0,385.0,9989.0,2026,11,26,3,330,48,4,0,3,23.852733333333333,29.93746666666667,26.292266666666663,26.173333333333336,30.6137,28.9348,21.004633333333334,26.69415555555555,3.0622101403568016,27.41619047619048,7.117856033237271,28.457740476190477,5.483218852739741,28.14857777777778,5.8794652099069875,27.198558978667325,28.04901835356679,1,0.247858731078148,0
