datetime,energy_kwh,avg_voltage,avg_intensity,avg_reactive_power,sub_metering_1,sub_metering_2,sub_metering_3,year,month,day,day_of_week,quarter,is_weekend,season,energy_kwh_lag7,energy_kwh_lag14,energy_kwh_lag30,energy_kwh_ma7,energy_kwh_ma30
2023-01-15T00:00:00.000+05:30,35.811299999999996,241.2409097222222,6.261527777777778,0.1214305555555555,1099.0,2239.0,15163.0,2023,1,15,1,1,1,winter,37.356,45.81673333333333,20.152933333333333,38.302059523809525,41.05940166666666
2023-01-16T00:00:00.000+05:30,28.106733333333334,241.9447569444445,4.975972222222222,0.1287694444444444,2063.0,644.0,6583.0,2023,1,16,2,1,0,winter,31.1509,21.153933333333335,56.507666666666665,37.86717857142857,40.11270388888888
2023-01-17T00:00:00.000+05:30,47.46146666666667,241.00525,8.283888888888889,0.1394111111111111,3500.0,5737.0,16064.0,2023,1,17,3,1,0,winter,35.913333333333334,16.9009,36.73043333333333,39.516911904761905,40.470405
2023-01-18T00:00:00.000+05:30,30.3577,240.89359722222224,5.3425,0.1234111111111111,0.0,336.0,13491.0,2023,1,18,4,1,0,winter,37.58656666666666,54.32353333333333,27.7699,38.48421666666667,40.556664999999995
2023-01-19T00:00:00.000+05:30,24.674,240.16094444444445,4.37625,0.1180916666666666,2103.0,330.0,7172.0,2023,1,19,5,1,0,winter,24.354933333333335,45.22273333333333,37.0958,38.52979761904761,40.142604999999996
2023-01-20T00:00:00.000+05:30,52.22886666666667,238.8674722222222,9.348055555555556,0.1655291666666666,4324.0,5222.0,11440.0,2023,1,20,6,1,0,winter,53.113566666666664,25.139633333333332,28.618566666666663,38.4034119047619,40.92961499999999
2023-01-21T00:00:00.000+05:30,56.7877,238.9681180555556,10.190694444444444,0.1595388888888888,10346.0,5567.0,11599.0,2023,1,21,7,1,1,winter,50.183816666666665,40.79366666666667,39.0223,39.34682380952381,41.52179499999999
2023-01-22T00:00:00.000+05:30,36.34156666666667,241.60313194444444,6.355277777777778,0.1171125,1054.0,2983.0,11361.0,2023,1,22,1,1,1,winter,35.811299999999996,37.356,79.55643333333335,39.4225761904762,40.08129944444443
2023-01-23T00:00:00.000+05:30,29.627333333333336,242.76255555555556,5.260833333333333,0.0960277777777777,0.0,1064.0,5061.0,2023,1,23,2,1,0,winter,28.106733333333334,31.1509,42.5002,39.63980476190476,39.65220388888888
2023-01-24T00:00:00.000+05:30,49.79756666666666,241.45769444444448,8.733611111111111,0.1236527777777777,3464.0,2480.0,11744.0,2023,1,24,3,1,0,winter,47.46146666666667,35.913333333333334,45.718666666666664,39.97353333333333,39.788167222222214
2023-01-25T00:00:00.000+05:30,26.605733333333333,243.42436111111112,4.629305555555556,0.1001111111111111,1158.0,262.0,11239.0,2023,1,25,4,1,0,winter,30.3577,37.58656666666666,65.5685,39.43753809523809,38.48940833333332
2023-01-26T00:00:00.000+05:30,26.9662,242.77179166666667,4.721388888888889,0.0992374999999999,1163.0,261.0,8238.0,2023,1,26,5,1,0,winter,24.674,24.354933333333335,25.479333333333333,39.76499523809524,38.53897055555555
2023-01-27T00:00:00.000+05:30,34.06786666666667,241.6165694444444,5.949861111111111,0.1029458333333333,1170.0,3896.0,12374.0,2023,1,27,6,1,0,winter,52.22886666666667,53.113566666666664,34.54396666666666,37.170566666666666,38.52310055555556
2023-01-28T00:00:00.000+05:30,51.54041666666667,240.30152083333337,9.133888888888889,0.1066861111111111,3466.0,3997.5,12061.0,2023,1,28,7,1,1,winter,56.7877,50.183816666666665,52.90653333333333,36.420954761904774,38.477563333333336
2023-01-29T00:00:00.000+05:30,33.0444,240.9295972222222,5.788888888888889,0.1150666666666666,1123.0,294.0,15254.0,2023,1,29,1,1,1,winter,36.34156666666667,35.811299999999996,46.7056,35.94993095238095,38.02219
2023-01-30T00:00:00.000+05:30,28.4633,241.840875,5.028194444444445,0.1256486111111111,1123.0,1424.0,8149.0,2023,1,30,2,1,0,winter,29.627333333333336,28.106733333333334,58.2366,35.78364047619048,37.02974666666666
2023-01-31T00:00:00.000+05:30,39.39586666666666,239.92113194444445,6.923611111111111,0.1291583333333333,0.0,5950.0,15052.0,2023,1,31,3,1,0,winter,49.79756666666666,47.46146666666667,45.81673333333333,34.29768333333334,36.81571777777778
2023-02-01T00:00:00.000+05:30,30.412666666666667,240.3921388888889,5.3325000000000005,0.10435,1170.0,386.0,13145.0,2023,2,1,4,1,0,winter,26.605733333333333,30.3577,21.153933333333335,34.84153095238095,37.124342222222225
2023-02-02T00:00:00.000+05:30,27.7956,240.3343888888889,4.870833333333334,0.0969041666666666,0.0,356.0,11338.0,2023,2,2,5,1,0,winter,26.9662,24.674,16.9009,34.96001666666667,37.48749888888889
2023-02-03T00:00:00.000+05:30,67.16203333333334,238.91019444444444,11.81597222222222,0.1707111111111111,4746.0,4573.0,17834.0,2023,2,3,6,1,0,winter,34.06786666666667,52.22886666666667,54.32353333333333,39.68775476190477,37.91544888888889
2023-02-04T00:00:00.000+05:30,59.93233333333333,239.63333333333333,10.565416666666668,0.1295097222222222,3391.0,4597.0,14472.0,2023,2,4,7,1,1,winter,51.54041666666667,56.7877,45.22273333333333,40.8866,38.405768888888886
2023-02-05T00:00:00.000+05:30,27.421333333333333,240.8103125,4.820416666666667,0.1022416666666666,896.0,2564.0,7849.0,2023,2,5,1,1,1,winter,33.0444,36.34156666666667,25.139633333333332,40.083304761904756,38.48182555555556
2023-02-06T00:00:00.000+05:30,21.224666666666668,241.26415972222225,3.7719444444444448,0.0990041666666666,1185.0,405.0,4517.0,2023,2,6,2,1,0,winter,28.4633,29.627333333333336,40.79366666666667,39.049214285714285,37.829525555555556
2023-02-07T00:00:00.000+05:30,38.8003,241.14969444444444,6.791666666666667,0.1234083333333333,3299.0,3513.0,11986.0,2023,2,7,3,1,0,winter,39.39586666666666,49.79756666666666,37.356,38.964133333333336,37.8776688888889
2023-02-08T00:00:00.000+05:30,30.023566666666667,241.7973055555555,5.248333333333334,0.0964555555555555,2226.0,366.0,10157.0,2023,2,8,4,1,0,winter,30.412666666666667,26.605733333333333,31.1509,38.908547619047624,37.840091111111114
2023-02-09T00:00:00.000+05:30,27.003300000000003,241.74044444444445,4.727222222222222,0.1097680555555555,0.0,3045.0,9770.0,2023,2,9,5,1,0,winter,27.7956,26.9662,35.913333333333334,38.79536190476191,37.543090000000014
2023-02-10T00:00:00.000+05:30,47.15546666666667,240.0368263888889,8.303749999999999,0.1340097222222222,5071.0,2831.0,14405.0,2023,2,10,6,1,0,winter,67.16203333333334,34.06786666666667,37.58656666666666,35.93728095238095,37.86205333333333
2023-02-11T00:00:00.000+05:30,59.52046666666667,239.5061458333333,10.526805555555557,0.1418847222222222,2430.0,4765.0,13114.0,2023,2,11,7,1,1,winter,59.93233333333333,51.54041666666667,24.354933333333335,35.878442857142865,39.034237777777776
2023-02-12T00:00:00.000+05:30,31.2935,240.09850000000003,5.503472222222222,0.0949333333333333,2227.0,399.0,11517.0,2023,2,12,1,1,1,winter,27.421333333333333,33.0444,53.113566666666664,36.43160952380953,38.30690222222222
2023-02-13T00:00:00.000+05:30,23.575766666666667,241.16685416666667,4.14375,0.0935263888888888,0.0,2828.0,6256.0,2023,2,13,2,1,0,winter,21.224666666666668,28.4633,50.183816666666665,36.76748095238095,37.41996722222222
2023-02-14T00:00:00.000+05:30,41.644533333333335,240.3753888888889,7.315138888888888,0.1406291666666666,3295.0,3793.0,11579.0,2023,2,14,3,1,0,winter,38.8003,39.39586666666666,35.811299999999996,37.17380000000001,37.61440833333334
2023-02-15T00:00:00.000+05:30,33.0891,240.66922222222223,5.820277777777778,0.1152527777777777,0.0,2363.0,14028.0,2023,2,15,4,1,0,winter,30.023566666666667,30.412666666666667,28.106733333333334,37.61173333333333,37.78048722222221
2023-02-16T00:00:00.000+05:30,28.375466666666668,240.8209444444444,5.0465277777777775,0.1053375,1148.0,859.0,8689.0,2023,2,16,5,1,0,winter,27.003300000000003,27.7956,47.46146666666667,37.80775714285715,37.14428722222222
2023-02-17T00:00:00.000+05:30,34.615199999999994,239.31603472222224,6.129166666666666,0.16595,1765.0,2226.0,7157.0,2023,2,17,6,1,0,winter,47.15546666666667,67.16203333333334,30.3577,36.01629047619047,37.286203888888885
2023-02-18T00:00:00.000+05:30,63.82936666666667,239.17080555555555,11.238888888888887,0.1774458333333333,6107.0,8003.0,13129.0,2023,2,18,7,1,1,winter,59.52046666666667,59.93233333333333,24.674,36.63184761904762,38.591382777777774
2023-02-19T00:00:00.000+05:30,36.44356666666667,239.78958333333333,6.442222222222222,0.1226277777777777,1634.0,2900.0,13085.0,2023,2,19,1,1,1,winter,31.2935,27.421333333333333,52.22886666666667,37.367571428571424,38.06520611111111
2023-02-20T00:00:00.000+05:30,52.4988,239.86544444444445,9.168472222222222,0.1299708333333333,2058.0,5191.0,9713.0,2023,2,20,2,1,0,winter,23.575766666666667,21.224666666666668,56.7877,41.499433333333336,37.92224277777778
2023-02-21T00:00:00.000+05:30,34.5479,240.46096527777777,6.0744444444444445,0.1318541666666666,3527.0,2332.0,11548.0,2023,2,21,3,1,0,winter,41.644533333333335,38.8003,36.34156666666667,40.48562857142857,37.86245388888889
2023-02-22T00:00:00.000+05:30,56.290333333333336,238.62018055555555,9.880277777777778,0.0959333333333333,1409.0,4165.0,12285.0,2023,2,22,4,1,0,winter,33.0891,30.023566666666667,29.627333333333336,43.800090476190476,38.751220555555555
2023-02-23T00:00:00.000+05:30,21.891333333333332,240.68596527777777,3.825416666666667,0.1037111111111111,0.0,503.0,10786.0,2023,2,23,5,1,0,winter,28.375466666666668,27.003300000000003,49.79756666666666,42.87378571428571,37.82101277777778
2023-02-24T00:00:00.000+05:30,11.915366666666667,239.86310416666663,2.0858333333333334,0.0848625,0.0,363.0,3562.0,2023,2,24,6,1,0,winter,34.615199999999994,47.15546666666667,26.605733333333333,39.63095238095239,37.33133388888889
2023-02-25T00:00:00.000+05:30,8.362333333333334,241.6815486111111,1.462222222222222,0.0789833333333333,0.0,329.0,1660.0,2023,2,25,7,1,1,winter,63.82936666666667,59.52046666666667,26.9662,31.707090476190476,36.71120499999999
2023-02-26T00:00:00.000+05:30,9.474733333333337,241.27359027777777,1.658888888888889,0.0751944444444444,0.0,331.0,2830.0,2023,2,26,1,1,1,winter,36.44356666666667,31.2935,34.06786666666667,27.854400000000005,35.89143388888888
2023-02-27T00:00:00.000+05:30,8.6352,242.94427083333332,1.5245833333333334,0.0786138888888888,0.0,314.0,1924.0,2023,2,27,2,1,0,winter,52.4988,23.575766666666667,51.54041666666667,21.58817142857143,34.46126
2023-02-28T00:00:00.000+05:30,8.679566666666666,242.15959027777777,1.5284722222222222,0.0787305555555555,0.0,340.0,1973.0,2023,2,28,3,1,0,winter,34.5479,41.644533333333335,33.0444,17.89269523809524,33.6490988888889
2023-03-01T00:00:00.000+05:30,8.626066666666667,241.3214027777778,1.508888888888889,0.0747416666666666,0.0,316.0,1980.0,2023,3,1,4,1,0,spring,56.290333333333336,33.0891,28.4633,11.083514285714285,32.98785777777778
2023-03-02T00:00:00.000+05:30,8.5948,240.59159722222225,1.5068055555555555,0.0743111111111111,0.0,340.0,1969.0,2023,3,2,5,1,0,spring,21.891333333333332,28.375466666666668,39.39586666666666,9.184009523809525,31.96115555555556
2023-03-03T00:00:00.000+05:30,13.652033333333332,241.28808333333336,2.401111111111111,0.0937444444444444,0.0,347.0,4597.0,2023,3,3,6,1,0,spring,11.915366666666667,34.615199999999994,30.412666666666667,9.432104761904762,31.40246777777778
2023-03-04T00:00:00.000+05:30,34.845,240.0297986111111,6.158194444444444,0.1220013888888888,1476.0,8711.0,9408.0,2023,3,4,7,1,1,spring,8.362333333333334,63.82936666666667,27.7956,13.215342857142858,31.63744777777778
2023-03-05T00:00:00.000+05:30,44.33886666666667,240.03090972222225,7.840277777777778,0.1430249999999999,5727.0,12109.0,10026.0,2023,3,5,1,1,1,spring,9.474733333333337,36.44356666666667,67.16203333333334,18.195933333333333,30.876675555555565
2023-03-06T00:00:00.000+05:30,20.775,240.98806944444445,3.695694444444445,0.1292694444444444,0.0,1740.0,4700.0,2023,3,6,2,1,0,spring,8.6352,52.4988,59.93233333333333,19.93019047619048,29.571431111111117
2023-03-07T00:00:00.000+05:30,39.58676666666667,240.3235625,6.935,0.1188888888888888,1076.0,4761.0,15513.0,2023,3,7,3,1,0,spring,8.679566666666666,34.5479,27.421333333333333,24.345504761904767,29.976945555555563
2023-03-08T00:00:00.000+05:30,26.2022,240.66542361111112,4.665138888888889,0.1301416666666666,2180.0,3385.0,6655.0,2023,3,8,4,1,0,spring,8.626066666666667,56.290333333333336,21.224666666666668,26.856380952380956,30.142863333333334
2023-03-09T00:00:00.000+05:30,21.2102,240.88846527777775,3.73125,0.0828041666666666,1093.0,345.0,8631.0,2023,3,9,5,1,0,spring,8.5948,21.891333333333332,38.8003,28.658580952380955,29.55652666666667
2023-03-10T00:00:00.000+05:30,41.41186666666667,239.80283333333335,7.341944444444445,0.1691166666666666,4130.0,5422.0,10979.0,2023,3,10,6,1,0,spring,13.652033333333332,11.915366666666667,30.023566666666667,32.624271428571426,29.936136666666673
2023-03-11T00:00:00.000+05:30,58.0106,240.00729166666667,10.12152777777778,0.1203986111111111,4810.0,3420.0,9500.0,2023,3,11,7,1,1,spring,34.845,8.362333333333334,27.003300000000003,35.93364285714286,30.96971333333334
2023-03-12T00:00:00.000+05:30,32.51113333333333,240.55871527777776,5.728472222222222,0.0933486111111111,1403.0,2841.0,12353.0,2023,3,12,1,1,1,spring,44.33886666666667,9.474733333333337,47.15546666666667,34.24396666666667,30.48156888888889
2023-03-13T00:00:00.000+05:30,21.5024,240.8979652777778,3.805694444444444,0.0879986111111111,1350.0,3859.0,5323.0,2023,3,13,2,1,0,spring,20.775,8.6352,59.52046666666667,34.34788095238095,29.214299999999994
2023-03-14T00:00:00.000+05:30,29.8894,240.77729166666663,5.2675,0.1093902777777777,3485.0,480.0,8607.0,2023,3,14,3,1,0,spring,39.58676666666667,8.679566666666666,31.2935,32.96254285714286,29.16749666666666
2023-03-15T00:00:00.000+05:30,31.413566666666668,240.28049305555552,5.523194444444444,0.1106430555555555,0.0,3263.0,11036.0,2023,3,15,4,1,0,spring,26.2022,8.626066666666667,23.575766666666667,33.70702380952381,29.428756666666665
2023-03-16T00:00:00.000+05:30,28.36756666666667,239.52713194444445,4.992361111111111,0.0904222222222222,1106.0,4604.0,5370.0,2023,3,16,5,1,0,spring,21.2102,8.5948,41.644533333333335,34.729504761904764,28.986191111111108
2023-03-17T00:00:00.000+05:30,33.8015,238.22465277777775,5.946111111111111,0.0882416666666666,2208.0,359.0,12275.0,2023,3,17,6,1,0,spring,41.41186666666667,13.652033333333332,33.0891,33.64230952380952,29.009937777777772
2023-03-18T00:00:00.000+05:30,39.51743333333333,241.04781944444443,7.007916666666667,0.1676736111111111,6564.0,7369.0,5856.0,2023,3,18,7,1,1,spring,58.0106,34.845,28.375466666666668,31.000428571428568,29.38133666666666
2023-03-19T00:00:00.000+05:30,35.8753,240.49709027777777,6.281944444444444,0.1005305555555555,1648.0,2686.0,14118.0,2023,3,19,1,1,1,spring,32.51113333333333,44.33886666666667,34.615199999999994,31.481023809523812,29.423340000000003
2023-03-20T00:00:00.000+05:30,34.77046666666667,240.8156388888889,6.151249999999999,0.1144930555555555,3745.0,2837.0,11255.0,2023,3,20,2,1,0,spring,21.5024,20.775,63.82936666666667,33.376461904761904,28.45471
2023-03-21T00:00:00.000+05:30,35.70153333333334,240.98664583333337,6.237222222222223,0.0991875,1865.0,4133.0,12335.0,2023,3,21,3,1,0,spring,29.8894,39.58676666666667,36.44356666666667,34.20676666666667,28.42997555555556
2023-03-22T00:00:00.000+05:30,24.249633333333335,241.76352777777777,4.223055555555556,0.0790458333333333,353.0,736.0,10462.0,2023,3,22,4,1,0,spring,31.413566666666668,26.2022,52.4988,33.183347619047616,27.488336666666676
2023-03-23T00:00:00.000+05:30,21.8168,241.64547916666663,3.80375,0.0829777777777777,1127.0,777.0,8369.0,2023,3,23,5,1,0,spring,28.36756666666667,21.2102,34.5479,32.247523809523805,27.063966666666676
2023-03-24T00:00:00.000+05:30,49.47383333333333,239.70447222222225,8.703333333333333,0.1326555555555555,3707.0,5797.0,16382.0,2023,3,24,6,1,0,spring,33.8015,41.41186666666667,56.290333333333336,34.486428571428576,26.83675000000001
2023-03-25T00:00:00.000+05:30,55.61088333333333,240.0345381944444,9.71715277777778,0.1640277777777777,4630.0,3600.0,9358.0,2023,3,25,7,1,1,spring,39.51743333333333,58.0106,21.891333333333332,36.78549285714286,27.96073500000001
2023-03-26T00:00:00.000+05:30,23.601366666666667,241.3368125,4.183055555555556,0.1117819444444444,1088.0,344.0,9096.0,2023,3,26,1,1,1,spring,35.8753,32.51113333333333,11.915366666666667,35.032073809523816,28.35026833333334
2023-03-27T00:00:00.000+05:30,18.419,240.60197916666664,3.296527777777778,0.1053652777777777,0.0,3019.0,3697.0,2023,3,27,2,1,0,spring,34.77046666666667,21.5024,8.362333333333334,32.69615,28.685490555555564
2023-03-28T00:00:00.000+05:30,38.8983,240.4446111111111,6.854583333333333,0.1364708333333333,1122.0,8527.0,13888.0,2023,3,28,3,1,0,spring,35.70153333333334,29.8894,9.474733333333337,33.15283095238096,29.66627611111112
2023-03-29T00:00:00.000+05:30,26.506766666666667,240.5366875,4.676805555555556,0.1379833333333333,1162.0,460.0,10724.0,2023,3,29,4,1,0,spring,24.249633333333335,31.413566666666668,8.6352,33.475278571428575,30.261995000000002
2023-03-30T00:00:00.000+05:30,23.373233333333335,241.03922916666667,4.189583333333333,0.1257833333333333,1094.0,468.0,8217.0,2023,3,30,5,1,0,spring,21.8168,28.36756666666667,8.679566666666666,33.69762619047619,30.75178388888889
2023-03-31T00:00:00.000+05:30,58.49183333333334,239.26077083333337,10.264722222222222,0.1607666666666666,2620.0,7707.0,17682.0,2023,3,31,6,1,0,spring,49.47383333333333,33.8015,8.626066666666667,34.985911904761906,32.41397611111111
2023-04-01T00:00:00.000+05:30,46.43253333333333,240.02448611111112,8.149444444444445,0.1406611111111111,4629.0,5401.0,19509.0,2023,4,1,7,2,1,spring,55.61088333333333,39.51743333333333,8.5948,33.67471904761905,33.6752338888889
2023-04-02T00:00:00.000+05:30,32.679633333333335,240.46011805555557,5.71263888888889,0.1210666666666666,1755.0,970.0,16641.0,2023,4,2,1,2,1,spring,23.601366666666667,35.8753,13.652033333333332,34.97161428571429,34.309487222222224
2023-04-03T00:00:00.000+05:30,27.380333333333333,240.50495833333335,4.84625,0.1171944444444444,3630.0,1042.0,7637.0,2023,4,3,2,2,0,spring,18.419,34.77046666666667,34.845,36.251804761904765,34.060665
2023-04-04T00:00:00.000+05:30,34.1978,240.33178472222224,5.98625,0.1196652777777777,3434.0,420.0,14748.0,2023,4,4,3,2,0,spring,38.8983,35.70153333333334,44.33886666666667,35.58030476190476,33.72262944444444
2023-04-05T00:00:00.000+05:30,30.73463333333333,241.1731041666667,5.491527777777778,0.1698180555555555,1086.0,4277.0,10523.0,2023,4,5,4,2,0,spring,26.506766666666667,24.249633333333335,20.775,36.184285714285714,34.05461722222222
2023-04-06T00:00:00.000+05:30,26.68566666666667,241.18445138888887,4.688611111111111,0.0994541666666666,0.0,5466.0,9166.0,2023,4,6,5,2,0,spring,23.373233333333335,21.8168,39.58676666666667,36.65749047619048,33.624580555555546
2023-04-07T00:00:00.000+05:30,25.898733333333332,240.37859027777776,4.564583333333333,0.0963402777777777,1127.0,3111.0,5923.0,2023,4,7,6,2,0,spring,58.49183333333334,49.47383333333333,26.2022,32.001333333333335,33.61446499999999
2023-04-08T00:00:00.000+05:30,26.8136,240.34918055555556,4.719861111111111,0.0943625,0.0,485.0,3545.0,2023,4,8,7,2,1,spring,46.43253333333333,55.61088333333333,21.2102,29.19862857142857,33.80124499999999
2023-04-09T00:00:00.000+05:30,16.682,240.55048611111113,2.974583333333333,0.1111875,2667.0,514.0,3801.0,2023,4,9,1,2,1,spring,32.679633333333335,23.601366666666667,41.41186666666667,26.91325238095238,32.9769161111111
2023-04-10T00:00:00.000+05:30,12.956066666666668,240.8137013888889,2.347361111111111,0.1034305555555555,209.0,742.0,2572.0,2023,4,10,2,2,0,spring,27.380333333333333,18.419,58.0106,24.852642857142854,31.47509833333333
2023-04-11T00:00:00.000+05:30,14.791366666666669,241.1548263888889,2.61875,0.1336430555555555,0.0,1112.0,6421.0,2023,4,11,3,2,0,spring,34.1978,38.8983,32.51113333333333,22.08029523809524,30.884439444444446
2023-04-12T00:00:00.000+05:30,8.961766666666668,240.2560625,1.5979166666666669,0.1026472222222222,0.0,541.0,1818.0,2023,4,12,4,2,0,spring,30.73463333333333,26.506766666666667,21.5024,18.969885714285716,30.466418333333333
2023-04-13T00:00:00.000+05:30,9.1837,240.05048611111113,1.643333333333333,0.1053055555555555,0.0,558.0,1988.0,2023,4,13,5,2,0,spring,26.68566666666667,23.373233333333335,29.8894,16.469604761904765,29.776228333333336
2023-04-14T00:00:00.000+05:30,9.2378,240.31314583333332,1.6513888888888888,0.1080625,0.0,578.0,2008.0,2023,4,14,6,2,0,spring,25.898733333333332,58.49183333333334,31.413566666666668,14.089471428571427,29.03703611111111
2023-04-15T00:00:00.000+05:30,12.102733333333331,240.2366875,2.1865277777777776,0.1191277777777777,0.0,1026.0,2893.0,2023,4,15,7,2,1,spring,26.8136,46.43253333333333,28.36756666666667,11.987919047619048,28.494874999999997
2023-04-16T00:00:00.000+05:30,15.873166666666666,240.6571388888889,2.8724999999999996,0.1292180555555555,952.0,1305.0,4656.0,2023,4,16,1,2,1,spring,16.682,32.679633333333335,33.8015,11.872371428571428,27.897263888888883
2023-04-17T00:00:00.000+05:30,20.395566666666664,240.19566666666668,3.6908333333333334,0.1516347222222222,1532.0,389.0,6199.0,2023,4,17,2,2,0,spring,12.956066666666668,27.380333333333333,39.51743333333333,12.935157142857145,27.25986833333333
2023-04-18T00:00:00.000+05:30,16.637433333333334,240.14677777777777,2.9954166666666664,0.1147388888888888,1579.0,355.0,3430.0,2023,4,18,3,2,0,spring,14.791366666666669,34.1978,35.8753,13.198880952380952,26.61860611111111
2023-04-19T00:00:00.000+05:30,17.144299999999998,240.42984027777777,3.055833333333333,0.1039305555555555,733.0,1605.0,5748.0,2023,4,19,4,2,0,spring,8.961766666666668,30.73463333333333,34.77046666666667,14.367814285714287,26.031067222222227
2023-04-20T00:00:00.000+05:30,13.709666666666667,240.13289583333332,2.494861111111111,0.1011430555555555,1069.0,360.0,3499.0,2023,4,20,5,2,0,spring,9.1837,26.68566666666667,35.70153333333334,15.014380952380952,25.298005
2023-04-21T00:00:00.000+05:30,27.894266666666667,239.21323611111112,5.035694444444444,0.1476791666666666,6575.0,463.0,11129.0,2023,4,21,6,2,0,spring,9.2378,25.898733333333332,24.249633333333335,17.679590476190477,25.41949277777778
2023-04-22T00:00:00.000+05:30,37.228566666666666,239.6088819444444,6.688472222222222,0.1855513888888889,4264.0,2287.0,11102.0,2023,4,22,7,2,1,spring,12.102733333333331,26.8136,21.8168,21.26899523809524,25.933218333333333
2023-04-23T00:00:00.000+05:30,17.5761,237.23564583333336,3.264166666666666,0.0941944444444444,1402.0,506.0,6005.0,2023,4,23,1,2,1,spring,15.873166666666666,16.682,49.47383333333333,21.512271428571427,24.869960555555554
2023-04-24T00:00:00.000+05:30,17.201666666666664,235.3449236111111,3.1448611111111116,0.0939333333333333,1125.0,527.0,6680.0,2023,4,24,2,2,0,spring,20.395566666666664,12.956066666666668,55.61088333333333,21.056,23.589653333333334
2023-04-25T00:00:00.000+05:30,21.069366666666667,234.94111111111113,3.858055555555556,0.1143999999999999,0.0,1469.0,8812.0,2023,4,25,3,2,0,spring,16.637433333333334,14.791366666666669,23.601366666666667,21.68913333333333,23.505253333333332
2023-04-26T00:00:00.000+05:30,21.257766666666665,234.7872986111111,3.92375,0.1136152777777777,1324.0,1845.0,7163.0,2023,4,26,4,2,0,spring,17.144299999999998,8.961766666666668,18.419,22.27677142857143,23.59987888888889
2023-04-27T00:00:00.000+05:30,18.23886666666667,235.21616666666668,3.3125,0.11245,1772.0,545.0,4756.0,2023,4,27,5,2,0,spring,13.709666666666667,9.1837,38.8983,22.9238,22.911231111111114
2023-04-28T00:00:00.000+05:30,0.8688372359470103,235.6455475328533,2.824818660407633,0.1885940380050655,0.0,18.0,0.0,2023,4,28,6,2,0,spring,27.894266666666667,9.2378,26.506766666666667,19.06302436704005,22.056633463420457
2023-04-30T00:00:00.000+05:30,7.247829430719657,234.84301988968377,3.028914604570726,0.1202230863547007,1214.0,500.0,1131.0,2023,4,30,1,2,1,spring,37.228566666666666,12.102733333333331,23.373233333333335,14.780061904761906,21.519120000000004
2023-05-01T00:00:00.000+05:30,27.730966666666667,234.6787013888889,5.073333333333333,0.1261166666666666,4005.0,995.0,8546.0,2023,5,1,2,2,0,spring,17.5761,15.873166666666666,58.49183333333334,16.230757142857147,20.493757777777777
2023-05-02T00:00:00.000+05:30,16.724766666666667,235.58207638888888,3.1415277777777777,0.111175,7.0,1490.0,3754.0,2023,5,2,3,2,0,spring,17.201666666666664,20.395566666666664,46.43253333333333,16.162628571428574,19.50349888888889
2023-05-03T00:00:00.000+05:30,18.170633333333335,235.1348888888889,3.307638888888889,0.1048208333333333,1906.0,1725.0,7836.0,2023,5,3,4,2,0,spring,21.069366666666667,16.637433333333334,32.679633333333335,15.748523809523808,19.019865555555555
2023-05-04T00:00:00.000+05:30,16.635466666666666,235.71019444444445,3.0780555555555553,0.1213472222222222,2259.0,538.0,3990.0,2023,5,4,5,2,0,spring,21.257766666666665,17.144299999999998,27.380333333333333,15.088195238095238,18.66170333333333
2023-05-05T00:00:00.000+05:30,26.050866666666664,235.03502083333333,4.736111111111111,0.1209041666666666,2913.0,2493.0,11303.0,2023,5,5,6,2,0,spring,18.23886666666667,13.709666666666667,34.1978,16.204195238095238,18.39013888888889
2023-05-06T00:00:00.000+05:30,35.035066666666665,234.4096527777778,6.409027777777778,0.1266222222222222,3215.0,949.0,10095.0,2023,5,6,7,2,1,spring,0.8688372359470103,27.894266666666667,30.73463333333333,21.085085156769473,18.53348666666667
2023-05-07T00:00:00.000+05:30,27.3944,234.5369722222222,4.980972222222222,0.1173041666666666,946.0,4935.0,9433.0,2023,5,7,1,2,1,spring,7.247829430719657,37.228566666666666,26.68566666666667,23.963166666666663,18.557111111111112
2023-05-08T00:00:00.000+05:30,29.82153333333333,234.9062361111111,5.356388888888889,0.1261194444444444,4581.0,2011.0,8777.0,2023,5,8,2,2,0,spring,27.730966666666667,17.5761,25.898733333333332,24.261819047619046,18.687871111111114
2023-05-09T00:00:00.000+05:30,27.76226666666667,234.8737222222222,5.056111111111111,0.1274194444444444,3018.0,5631.0,9474.0,2023,5,9,3,2,0,spring,16.724766666666667,17.201666666666664,26.8136,25.838604761904765,18.719493333333332
2023-05-10T00:00:00.000+05:30,11.798066666666667,235.7962569444444,2.2068055555555555,0.1168847222222222,946.0,534.0,3261.0,2023,5,10,4,2,0,spring,18.170633333333335,21.069366666666667,16.682,24.928238095238097,18.556695555555557
2023-05-11T00:00:00.000+05:30,16.319233333333333,235.22975694444443,3.027638888888889,0.0917333333333333,926.0,491.0,6471.0,2023,5,11,5,2,0,spring,16.635466666666666,21.257766666666665,12.956066666666668,24.883061904761906,18.668801111111115
2023-05-12T00:00:00.000+05:30,24.0261,234.72290277777776,4.360555555555555,0.1452583333333333,2247.0,1075.0,10408.0,2023,5,12,6,2,0,spring,26.050866666666664,18.23886666666667,14.791366666666669,24.59380952380953,18.97662555555556
2023-05-13T00:00:00.000+05:30,27.245633333333338,235.7087083333333,4.969166666666667,0.1532430555555555,3612.0,2414.0,8958.0,2023,5,13,7,2,1,spring,35.035066666666665,0.8688372359470103,8.961766666666668,23.481033333333333,19.58608777777778
2023-05-14T00:00:00.000+05:30,24.463033333333332,235.69006944444445,4.574166666666667,0.2073277777777778,3176.0,2417.0,5517.0,2023,5,14,1,2,1,spring,27.3944,7.247829430719657,9.1837,23.062266666666666,20.09539888888889
2023-05-15T00:00:00.000+05:30,15.073200000000002,235.61199305555556,2.7333333333333334,0.0772097222222222,0.0,408.0,5318.0,2023,5,15,2,2,0,spring,29.82153333333333,27.730966666666667,9.2378,20.955361904761904,20.289912222222224
2023-05-16T00:00:00.000+05:30,28.215733333333333,235.2608125,5.071805555555556,0.0943708333333333,2213.0,5756.0,9077.0,2023,5,16,3,2,0,spring,27.76226666666667,16.724766666666667,12.102733333333331,21.02014285714286,20.827012222222223
2023-05-17T00:00:00.000+05:30,20.530266666666662,235.86845833333336,3.720972222222222,0.0911027777777777,1014.0,2073.0,7687.0,2023,5,17,4,2,0,spring,11.798066666666667,18.170633333333335,15.873166666666666,22.267599999999998,20.98224888888889
2023-05-18T00:00:00.000+05:30,27.192166666666665,235.9945972222222,4.876666666666666,0.1189291666666666,3270.0,3913.0,8116.0,2023,5,18,5,2,0,spring,16.319233333333333,16.635466666666666,20.395566666666664,23.820876190476188,21.208802222222225
2023-05-19T00:00:00.000+05:30,23.824033333333333,234.94472222222225,4.319305555555555,0.1165680555555555,4683.0,530.0,7022.0,2023,5,19,6,2,0,spring,24.0261,26.050866666666664,16.637433333333334,23.792009523809522,21.44835555555556
2023-05-20T00:00:00.000+05:30,32.80546666666667,235.34811805555557,5.941527777777777,0.1302305555555555,5420.0,1733.0,7611.0,2023,5,20,7,2,1,spring,27.245633333333338,35.035066666666665,17.144299999999998,24.586271428571425,21.970394444444445
2023-05-21T00:00:00.000+05:30,18.6677,234.6919097222222,3.338611111111111,0.0814444444444444,0.0,468.0,9060.0,2023,5,21,1,2,1,spring,24.463033333333332,27.3944,13.709666666666667,23.758366666666664,22.13566222222222
2023-05-22T00:00:00.000+05:30,18.88086666666667,235.48057638888892,3.399861111111111,0.089525,931.0,3966.0,3984.0,2023,5,22,2,2,0,spring,15.073200000000002,29.82153333333333,27.894266666666667,24.302319047619047,21.835215555555557
2023-05-23T00:00:00.000+05:30,24.4156,234.8124930555555,4.3975,0.1151930555555555,956.0,3792.0,8119.0,2023,5,23,3,2,0,spring,28.215733333333333,27.76226666666667,37.228566666666666,23.759442857142858,21.408116666666665
2023-05-24T00:00:00.000+05:30,19.2398,235.5460625,3.462083333333333,0.0941388888888889,955.0,4116.0,4746.0,2023,5,24,4,2,0,spring,20.530266666666662,11.798066666666667,17.5761,23.575090476190475,21.46357333333333
2023-05-25T00:00:00.000+05:30,26.903666666666663,234.44720138888889,4.863472222222222,0.1212416666666666,8060.0,586.0,6539.0,2023,5,25,5,2,0,spring,27.192166666666665,16.319233333333333,17.201666666666664,23.533876190476185,21.78697333333333
2023-05-26T00:00:00.000+05:30,25.204133333333335,235.0698888888889,4.562777777777778,0.121,2373.0,2754.0,8628.0,2023,5,26,6,2,0,spring,23.824033333333333,24.0261,21.069366666666667,23.731033333333336,21.92479888888888
2023-05-27T00:00:00.000+05:30,35.8968,234.9084375,6.5065277777777775,0.1527041666666666,4366.0,5534.0,10444.0,2023,5,27,7,2,1,spring,32.80546666666667,27.245633333333338,21.257766666666665,24.172652380952382,22.41276666666666
2023-05-28T00:00:00.000+05:30,27.291133333333335,234.90657638888888,4.921944444444445,0.1049305555555555,4554.0,473.0,9586.0,2023,5,28,1,2,1,spring,18.6677,24.463033333333332,18.23886666666667,25.404571428571426,22.714508888888886
2023-05-29T00:00:00.000+05:30,17.689,235.6943472222222,3.2072222222222218,0.0786416666666666,0.0,1907.0,4332.0,2023,5,29,2,2,0,spring,18.88086666666667,15.073200000000002,0.8688372359470103,25.23430476190476,23.275180981023986
2023-05-30T00:00:00.000+05:30,26.8311,234.83139583333335,4.8284722222222225,0.1021236111111111,2250.0,5948.0,7804.0,2023,5,30,3,2,0,spring,24.4156,28.215733333333333,7.247829430719657,25.579376190476186,23.92795666666666
2023-05-31T00:00:00.000+05:30,15.6425,235.09652777777777,2.791805555555555,0.0899902777777777,935.0,477.0,3552.0,2023,5,31,4,2,0,spring,19.2398,20.530266666666662,27.730966666666667,25.065476190476193,23.525007777777777
2023-06-01T00:00:00.000+05:30,17.422833333333333,235.32296527777777,3.1349305555555556,0.0995451388888888,0.0,483.0,7664.0,2023,6,1,5,2,0,summer,26.903666666666663,27.192166666666665,16.724766666666667,23.711071428571426,23.548276666666663
2023-06-02T00:00:00.000+05:30,24.73936666666667,234.4690277777778,4.474027777777778,0.1153527777777777,3971.0,1250.0,7633.0,2023,6,2,6,2,0,summer,25.204133333333335,23.824033333333333,18.170633333333335,23.644676190476194,23.76723444444444
2023-06-03T00:00:00.000+05:30,35.133766666666666,234.762375,6.352916666666667,0.1267069444444444,4985.0,7529.0,8334.0,2023,6,3,7,2,1,summer,35.8968,32.80546666666667,16.635466666666666,23.535671428571426,24.383844444444442
2023-06-04T00:00:00.000+05:30,15.193633333333334,234.7480694444444,2.8222222222222224,0.1549944444444444,1585.0,836.0,4533.0,2023,6,4,1,2,1,summer,27.291133333333335,18.6677,26.050866666666664,21.807457142857142,24.02193666666667
2023-06-05T00:00:00.000+05:30,24.314866666666667,234.6927638888889,4.465138888888889,0.1775638888888888,4484.0,1027.0,6448.0,2023,6,5,2,2,0,summer,17.689,18.88086666666667,35.035066666666665,22.754009523809522,23.664596666666668
2023-06-06T00:00:00.000+05:30,28.26355,234.62111458333337,5.111736111111111,0.1605909722222222,3330.0,829.0,11679.0,2023,6,6,3,2,0,summer,26.8311,24.4156,27.3944,22.95864523809524,23.69356833333334
2023-06-07T00:00:00.000+05:30,16.4167,234.4788055555555,2.9823611111111115,0.1196763888888888,985.0,699.0,3959.0,2023,6,7,4,2,0,summer,15.6425,19.2398,29.82153333333333,23.069245238095238,23.24674055555556
2023-06-08T00:00:00.000+05:30,35.80076666666666,236.19744444444444,6.448194444444444,0.1595361111111111,2799.0,11440.0,11380.0,2023,6,8,5,2,0,summer,17.422833333333333,26.903666666666663,27.76226666666667,25.694664285714282,23.514690555555553
2023-06-09T00:00:00.000+05:30,18.421,240.697375,3.3024305555555555,0.1619388888888888,852.0,620.0,6920.0,2023,6,9,6,2,0,summer,24.73936666666667,25.204133333333335,11.798066666666667,24.792040476190476,23.735455
2023-06-10T00:00:00.000+05:30,22.346866666666664,240.84428472222223,4.005694444444444,0.1660361111111111,4202.0,1924.0,5983.0,2023,6,10,7,2,1,summer,35.133766666666666,35.8968,16.319233333333333,22.965340476190477,23.93637611111111
2023-06-11T00:00:00.000+05:30,13.244233333333334,240.85675,2.4179166666666667,0.1351625,0.0,487.0,5328.0,2023,6,11,1,2,1,summer,15.193633333333334,27.291133333333335,24.0261,22.686854761904762,23.576980555555558
2023-06-12T00:00:00.000+05:30,15.312766666666668,240.2248958333333,2.8586111111111108,0.1502888888888889,1882.0,475.0,3898.0,2023,6,12,2,2,0,summer,24.314866666666667,17.689,27.245633333333338,21.400840476190478,23.179218333333335
2023-06-13T00:00:00.000+05:30,15.454533333333334,240.39760416666667,2.8175,0.144625,957.0,857.0,5216.0,2023,6,13,3,2,0,summer,28.26355,26.8311,24.463033333333332,19.570980952380953,22.878935
2023-06-14T00:00:00.000+05:30,20.984733333333335,239.84778472222223,3.783333333333333,0.1609,3322.0,2147.0,7054.0,2023,6,14,4,2,0,summer,16.4167,15.6425,15.073200000000002,20.223557142857143,23.075986111111106
2023-06-15T00:00:00.000+05:30,16.4934,240.46438194444443,3.0662499999999997,0.1748347222222222,2269.0,4011.0,4547.0,2023,6,15,5,2,0,summer,35.80076666666666,17.422833333333333,28.215733333333333,17.465361904761902,22.685241666666666
2023-06-16T00:00:00.000+05:30,33.62936666666666,239.50169444444444,5.975,0.2135819444444444,3289.0,4498.0,11108.0,2023,6,16,6,2,0,summer,18.421,24.73936666666667,20.530266666666662,19.637985714285715,23.12187833333333
2023-06-17T00:00:00.000+05:30,32.451499999999996,240.2191805555555,5.7693055555555555,0.1665375,4124.0,5038.0,8734.0,2023,6,17,7,2,1,summer,22.346866666666664,35.133766666666666,27.192166666666665,21.081504761904764,23.29718944444444
2023-06-18T00:00:00.000+05:30,11.3079,240.7762013888889,2.07875,0.1255625,0.0,529.0,4241.0,2023,6,18,1,2,1,summer,13.244233333333334,15.193633333333334,23.824033333333333,20.804885714285714,22.879984999999998
2023-06-19T00:00:00.000+05:30,14.088433333333334,240.26706944444445,2.5656944444444445,0.1306708333333333,973.0,537.0,4386.0,2023,6,19,2,2,0,summer,15.312766666666668,24.314866666666667,32.80546666666667,20.62998095238095,22.256083888888888
2023-06-20T00:00:00.000+05:30,17.904766666666667,240.15616666666668,3.3068055555555556,0.1578486111111111,1761.0,2588.0,5106.0,2023,6,20,3,2,0,summer,15.454533333333334,28.26355,18.6677,20.980014285714283,22.230652777777774
2023-06-21T00:00:00.000+05:30,13.4491,240.57494444444444,2.500833333333333,0.1545458333333333,932.0,2400.0,3711.0,2023,6,21,4,2,0,summer,20.984733333333335,16.4167,18.88086666666667,19.903495238095235,22.049593888888886
2023-06-22T00:00:00.000+05:30,9.438233333333333,240.83563194444443,1.807361111111111,0.1448097222222222,0.0,951.0,3482.0,2023,6,22,5,2,0,summer,16.4934,35.80076666666666,24.4156,18.895614285714284,21.550348333333332
2023-06-23T00:00:00.000+05:30,7.959433333333334,240.31896527777775,1.5356944444444445,0.1341111111111111,0.0,786.0,2402.0,2023,6,23,6,2,0,summer,33.62936666666666,18.421,19.2398,15.228480952380952,21.174336111111113
2023-06-24T00:00:00.000+05:30,11.910933333333332,241.1322152777778,2.207638888888889,0.1245569444444444,0.0,791.0,3449.0,2023,6,24,7,2,1,summer,32.451499999999996,22.346866666666664,26.903666666666663,12.294114285714286,20.674578333333333
2023-06-25T00:00:00.000+05:30,17.870033333333332,240.4222638888889,3.25,0.1369930555555555,1985.0,3621.0,4816.0,2023,6,25,1,2,1,summer,11.3079,13.244233333333334,25.204133333333335,13.231561904761906,20.430108333333337
2023-06-26T00:00:00.000+05:30,15.748466666666667,240.09450694444448,2.877083333333333,0.1266805555555555,971.0,1334.0,5231.0,2023,6,26,2,2,0,summer,14.088433333333334,15.312766666666668,35.8968,13.468709523809524,19.758497222222225
2023-06-27T00:00:00.000+05:30,24.680433333333333,239.7584097222222,4.429166666666666,0.1437486111111111,2603.0,6451.0,7270.0,2023,6,27,3,2,0,summer,17.904766666666667,15.454533333333334,27.291133333333335,14.436661904761905,19.671473888888894
2023-06-28T00:00:00.000+05:30,21.590633333333336,239.4236666666667,3.8895833333333334,0.1510041666666666,0.0,4368.0,9541.0,2023,6,28,4,2,0,summer,13.4491,20.984733333333335,17.689,15.599738095238093,19.801528333333337
2023-06-29T00:00:00.000+05:30,21.741366666666668,240.17944444444447,3.940694444444445,0.1432520833333333,4363.0,667.0,6797.0,2023,6,29,5,2,0,summer,9.438233333333333,16.4934,26.8311,17.35732857142857,19.631870555555555
2023-06-30T00:00:00.000+05:30,22.255233333333333,240.01161111111108,3.9715277777777778,0.1308013888888889,3049.0,792.0,8376.0,2023,6,30,6,2,0,summer,7.959433333333334,33.62936666666666,15.6425,19.399585714285713,19.852295
2023-07-01T00:00:00.000+05:30,17.111066666666666,240.06715277777775,3.080694444444444,0.1197555555555555,969.0,736.0,4690.0,2023,7,1,7,3,1,summer,11.910933333333332,32.451499999999996,17.422833333333333,20.142461904761905,19.84190277777778
2023-07-02T00:00:00.000+05:30,16.1172,240.6718125,2.9277777777777776,0.1228638888888889,1018.0,5281.0,3445.0,2023,7,2,1,3,1,summer,17.870033333333332,11.3079,24.73936666666667,19.892057142857144,19.554497222222224
2023-07-03T00:00:00.000+05:30,17.665200000000002,240.1869375,3.2306944444444445,0.1252347222222222,467.0,3214.0,4695.0,2023,7,3,2,3,0,summer,15.748466666666667,14.088433333333334,35.133766666666666,20.16587619047619,18.972211666666674
2023-07-04T00:00:00.000+05:30,16.723499999999998,240.65963194444444,3.0954166666666665,0.1759263888888889,2329.0,2218.0,5632.0,2023,7,4,3,3,0,summer,24.680433333333333,17.904766666666667,15.193633333333334,19.02917142857143,19.023207222222222
2023-07-05T00:00:00.000+05:30,17.6215,240.44444444444449,3.2331944444444445,0.1713305555555555,2922.0,770.0,3973.0,2023,7,5,4,3,0,summer,21.590633333333336,13.4491,24.314866666666667,18.462152380952382,18.800095
2023-07-06T00:00:00.000+05:30,17.825400000000002,240.5994513888889,3.2686111111111114,0.1523263888888889,2826.0,3563.0,4005.0,2023,7,6,5,3,0,summer,21.741366666666668,9.438233333333333,28.26355,17.90272857142857,18.452156666666664
2023-07-07T00:00:00.000+05:30,22.636766666666663,239.91013888888887,4.034861111111111,0.1486416666666666,997.0,3047.0,10177.0,2023,7,7,6,3,0,summer,22.255233333333333,7.959433333333334,16.4167,17.95723333333333,18.659492222222227
2023-07-08T00:00:00.000+05:30,18.151333333333337,240.33889583333337,3.289305555555556,0.1367499999999999,1825.0,2831.0,5277.0,2023,7,8,7,3,1,summer,17.111066666666666,11.910933333333332,35.80076666666666,18.105842857142857,18.07117777777778
2023-07-09T00:00:00.000+05:30,19.6693,240.6176458333333,3.51625,0.1197375,923.0,594.0,9386.0,2023,7,9,1,3,1,summer,16.1172,17.870033333333332,18.421,18.613285714285716,18.11278777777778
2023-07-10T00:00:00.000+05:30,15.138733333333333,239.98305555555555,2.786111111111111,0.1223916666666666,67.0,2227.0,4631.0,2023,7,10,2,3,0,summer,17.665200000000002,15.748466666666667,22.346866666666664,18.252361904761905,17.87251666666667
2023-07-11T00:00:00.000+05:30,12.0392,241.0300347222222,2.1994444444444445,0.1068444444444444,1015.0,647.0,5284.0,2023,7,11,3,3,0,summer,16.723499999999998,24.680433333333333,13.244233333333334,17.58317619047619,17.832348888888895
2023-07-12T00:00:00.000+05:30,17.82636666666667,240.76461805555556,3.2336111111111108,0.1452069444444444,1029.0,2550.0,6419.0,2023,7,12,4,3,0,summer,17.6215,21.590633333333336,15.312766666666668,17.61244285714286,17.916135555555563
2023-07-13T00:00:00.000+05:30,13.2397,240.85480555555552,2.450833333333333,0.1435374999999999,0.0,633.0,4427.0,2023,7,13,5,3,0,summer,17.825400000000002,21.741366666666668,15.454533333333334,16.957342857142855,17.84230777777778
2023-07-14T00:00:00.000+05:30,21.4695,241.29188194444444,3.8940277777777776,0.1794791666666666,3775.0,1968.0,6604.0,2023,7,14,6,3,0,summer,22.636766666666663,22.255233333333333,20.984733333333335,16.790590476190477,17.858466666666672
2023-07-15T00:00:00.000+05:30,17.441683333333334,240.54533333333336,3.224375,0.1920097222222222,862.0,715.0,5585.0,2023,7,15,7,3,1,summer,18.151333333333337,17.111066666666666,16.4934,16.689211904761905,17.890076111111117
2023-07-16T00:00:00.000+05:30,14.2279,236.5072361111111,2.6605555555555553,0.1624722222222222,830.0,695.0,4176.0,2023,7,16,1,3,1,summer,19.6693,16.1172,33.62936666666666,15.911869047619048,17.24336055555556
2023-07-17T00:00:00.000+05:30,11.993866666666666,234.7412569444444,2.27625,0.1222833333333333,848.0,694.0,3335.0,2023,7,17,2,3,0,summer,15.138733333333333,17.665200000000002,32.451499999999996,15.46260238095238,16.56143944444445
2023-07-18T00:00:00.000+05:30,12.618033333333331,231.08822916666665,2.3868055555555556,0.1086902777777777,909.0,671.0,4628.0,2023,7,18,3,3,0,summer,12.0392,16.723499999999998,11.3079,15.545292857142856,16.60511055555556
2023-07-19T00:00:00.000+05:30,11.2981,234.26186111111113,2.1438888888888887,0.1298694444444444,1068.0,703.0,3130.0,2023,7,19,4,3,0,summer,17.82636666666667,17.6215,14.088433333333334,14.612683333333333,16.51209944444445
2023-07-20T00:00:00.000+05:30,18.507033333333332,235.56890277777777,3.451666666666666,0.1549430555555555,2111.0,2418.0,4765.0,2023,7,20,5,3,0,summer,13.2397,17.825400000000002,17.904766666666667,15.365159523809524,16.532175
2023-07-21T00:00:00.000+05:30,17.6708,234.256625,3.291527777777778,0.1639986111111111,428.0,512.0,7756.0,2023,7,21,6,3,0,summer,21.4695,22.636766666666663,13.4491,14.822488095238095,16.672898333333332
2023-07-22T00:00:00.000+05:30,22.95575,235.9622673611111,4.228541666666667,0.1518881944444444,7091.0,2136.0,5574.0,2023,7,22,7,3,1,summer,17.441683333333334,18.151333333333337,9.438233333333333,15.610211904761902,17.12348222222222
2023-07-23T00:00:00.000+05:30,16.51696666666667,234.50086805555551,3.075972222222222,0.0998402777777777,1747.0,1288.0,3847.0,2023,7,23,1,3,1,summer,14.2279,19.6693,7.959433333333334,15.937221428571425,17.40873333333333
2023-07-24T00:00:00.000+05:30,13.754733333333332,235.36304166666667,2.550972222222222,0.0783402777777777,0.0,1607.0,5599.0,2023,7,24,2,3,0,summer,11.993866666666666,15.138733333333333,11.910933333333332,16.188773809523806,17.470193333333334
2023-07-25T00:00:00.000+05:30,7.876,235.6410486111111,1.4793055555555554,0.0751625,0.0,151.0,2333.0,2023,7,25,3,3,0,summer,12.618033333333331,12.0392,17.870033333333332,15.511340476190474,17.137058888888888
2023-07-26T00:00:00.000+05:30,15.408333333333331,234.94372222222225,2.8381944444444445,0.079925,975.0,3633.0,4346.0,2023,7,26,4,3,0,summer,11.2981,17.82636666666667,15.748466666666667,16.09851666666667,17.12572111111111
2023-07-27T00:00:00.000+05:30,20.0419,235.55368055555556,3.6233333333333335,0.08365,1837.0,49.0,7157.0,2023,7,27,5,3,0,summer,18.507033333333332,13.2397,24.680433333333333,16.31778333333333,16.971103333333332
2023-07-28T00:00:00.000+05:30,27.031033333333333,235.5072361111111,4.941666666666666,0.1241180555555555,907.0,10265.0,6559.0,2023,7,28,6,3,0,summer,17.6708,21.4695,21.590633333333336,17.654959523809527,17.152449999999998
2023-07-29T00:00:00.000+05:30,5.351933333333333,235.71203472222223,1.0334722222222223,0.0823444444444444,0.0,0.0,1288.0,2023,7,29,7,3,1,summer,22.95575,17.441683333333334,21.741366666666668,15.140128571428571,16.606135555555554
2023-07-30T00:00:00.000+05:30,7.780266666666666,235.5302291666667,1.4672222222222224,0.0899249999999999,0.0,0.0,2528.0,2023,7,30,1,3,1,summer,16.51696666666667,14.2279,22.255233333333333,13.89202857142857,16.123636666666663
2023-07-31T00:00:00.000+05:30,13.538866666666667,234.9148125,2.5025,0.1012402777777777,3277.0,0.0,3575.0,2023,7,31,2,3,0,summer,13.754733333333332,11.993866666666666,17.111066666666666,13.861190476190476,16.004563333333333
2023-08-01T00:00:00.000+05:30,18.06955,234.972,3.278888888888889,0.1005284722222222,1583.0,0.0,9990.5,2023,8,1,3,3,0,summer,7.876,12.618033333333331,16.1172,15.317411904761903,16.069641666666666
2023-08-02T00:00:00.000+05:30,16.990266666666667,234.85659027777777,3.087083333333333,0.1006625,482.0,0.0,6869.0,2023,8,2,4,3,0,summer,15.408333333333331,11.2981,17.665200000000002,15.543402380952381,16.047143888888886
2023-08-03T00:00:00.000+05:30,17.722733333333334,234.4856041666667,3.2072222222222218,0.087075,958.0,0.0,9139.0,2023,8,3,5,3,0,summer,20.0419,18.507033333333332,16.723499999999998,15.212092857142858,16.080451666666665
2023-08-04T00:00:00.000+05:30,19.083166666666667,235.25722222222225,3.4523611111111108,0.0966847222222222,552.0,398.0,7966.0,2023,8,4,6,3,0,summer,27.031033333333333,17.6708,17.6215,14.076683333333335,16.12917388888889
2023-08-05T00:00:00.000+05:30,13.1183,235.11527083333337,2.436805555555555,0.1050374999999999,169.0,0.0,6647.0,2023,8,5,7,3,1,summer,5.351933333333333,22.95575,17.825400000000002,15.186164285714288,15.972270555555554
2023-08-06T00:00:00.000+05:30,18.162,234.70274305555557,3.3170833333333336,0.1072458333333333,1096.0,0.0,7985.0,2023,8,6,1,3,1,summer,7.780266666666666,16.51696666666667,22.636766666666663,16.66926904761905,15.82311166666666
2023-08-07T00:00:00.000+05:30,24.726333333333333,234.55388194444447,4.425972222222222,0.0910986111111111,437.0,2168.0,9042.0,2023,8,7,2,3,0,summer,13.538866666666667,13.754733333333332,18.151333333333337,18.267478571428573,16.04227833333333
2023-08-08T00:00:00.000+05:30,18.758033333333337,234.512375,3.3805555555555555,0.0827055555555555,1055.0,1111.0,9660.0,2023,8,8,3,3,0,summer,18.06955,7.876,19.6693,18.365833333333335,16.011902777777774
2023-08-09T00:00:00.000+05:30,17.861333333333334,234.2143888888889,3.272361111111111,0.0760236111111111,182.0,4515.0,6646.0,2023,8,9,4,3,0,summer,16.990266666666667,15.408333333333331,15.138733333333333,18.490271428571425,16.102656111111106
2023-08-10T00:00:00.000+05:30,17.1335,234.4888125,3.1297222222222225,0.0817055555555555,336.0,2651.0,8287.0,2023,8,10,5,3,0,summer,17.722733333333334,20.0419,12.0392,18.40609523809524,16.272466111111108
2023-08-11T00:00:00.000+05:30,18.194166666666668,234.98018055555556,3.2856944444444443,0.0803958333333333,1180.0,910.0,10339.0,2023,8,11,6,3,0,summer,19.083166666666667,27.031033333333333,17.82636666666667,18.279095238095238,16.28472611111111
2023-08-12T00:00:00.000+05:30,20.6984,235.6648541666667,3.742777777777778,0.0887333333333333,1123.0,1156.0,8582.0,2023,8,12,7,3,1,summer,13.1183,5.351933333333333,13.2397,19.361966666666664,16.533349444444443
2023-08-13T00:00:00.000+05:30,19.216866666666665,235.21656944444445,3.44875,0.0909305555555555,93.0,476.0,11101.0,2023,8,13,1,3,1,summer,18.162,7.780266666666666,21.4695,19.512661904761906,16.45826166666667
2023-08-14T00:00:00.000+05:30,15.6865,237.07638888888889,2.8541666666666665,0.0916736111111111,951.0,685.0,6256.0,2023,8,14,2,3,0,summer,24.726333333333333,13.538866666666667,17.441683333333334,18.22125714285714,16.399755555555554
2023-08-15T00:00:00.000+05:30,19.86433333333333,239.99340972222225,3.5420833333333337,0.1109472222222222,338.0,508.0,9787.0,2023,8,15,3,3,0,summer,18.758033333333337,18.06955,14.2279,18.379299999999997,16.587636666666665
2023-08-16T00:00:00.000+05:30,15.974933333333333,239.73765972222225,2.843888888888889,0.0913416666666666,962.0,0.0,7476.0,2023,8,16,4,3,0,summer,17.861333333333334,16.990266666666667,11.993866666666666,18.109814285714286,16.72033888888889
2023-08-17T00:00:00.000+05:30,16.831533333333333,240.4940486111111,2.9815277777777776,0.0884638888888889,244.0,0.0,7769.0,2023,8,17,5,3,0,summer,17.1335,17.722733333333334,12.618033333333331,18.06667619047619,16.860788888888887
2023-08-18T00:00:00.000+05:30,5.799333333333333,241.27963194444445,1.0788888888888888,0.0828055555555555,0.0,0.0,1830.0,2023,8,18,6,3,0,summer,18.194166666666668,19.083166666666667,11.2981,16.295985714285717,16.677496666666666
2023-08-19T00:00:00.000+05:30,23.7049,239.9536666666667,4.2619444444444445,0.1111236111111111,1025.0,8912.0,5989.0,2023,8,19,7,3,1,summer,20.6984,13.1183,18.507033333333332,16.725485714285714,16.85075888888889
2023-08-20T00:00:00.000+05:30,22.314033333333334,241.30069444444445,3.963333333333334,0.10825,1032.0,6965.0,7383.0,2023,8,20,1,3,1,summer,19.216866666666665,18.162,17.6708,17.167938095238096,17.005533333333336
2023-08-21T00:00:00.000+05:30,10.709266666666668,240.57305555555556,1.961111111111111,0.1092416666666666,0.0,38.0,3296.0,2023,8,21,2,3,0,summer,15.6865,24.726333333333333,22.95575,16.45690476190476,16.597317222222223
2023-08-22T00:00:00.000+05:30,20.163466666666668,240.81731944444445,3.57125,0.1071444444444444,3048.0,1836.0,7241.0,2023,8,22,3,3,0,summer,19.86433333333333,18.758033333333337,16.51696666666667,16.499638095238094,16.718867222222222
2023-08-23T00:00:00.000+05:30,18.53853333333333,240.64730555555556,3.330277777777778,0.1096902777777777,2502.0,259.0,5342.0,2023,8,23,4,3,0,summer,15.974933333333333,17.861333333333334,13.754733333333332,16.865866666666665,16.87832722222222
2023-08-24T00:00:00.000+05:30,27.608566666666665,240.49481944444443,4.936180555555556,0.1825215277777778,1891.0,3783.5,9944.0,2023,8,24,5,3,0,summer,16.831533333333333,17.1335,7.876,18.405442857142855,17.536079444444447
2023-08-25T00:00:00.000+05:30,19.181333333333335,239.8598263888889,3.55375,0.1892694444444444,4149.0,2191.0,5678.0,2023,8,25,6,3,0,summer,5.799333333333333,18.194166666666668,15.408333333333331,20.317157142857145,17.661846111111114
2023-08-26T00:00:00.000+05:30,21.9151,239.95091666666667,4.012638888888889,0.2079083333333333,1541.0,3645.0,5658.0,2023,8,26,7,3,1,summer,23.7049,20.6984,20.0419,20.061471428571426,17.724286111111113
2023-08-27T00:00:00.000+05:30,20.1955,239.92358333333337,3.69125,0.2076972222222222,2305.0,1229.0,6344.0,2023,8,27,1,3,1,summer,22.314033333333334,19.216866666666665,27.031033333333333,19.75882380952381,17.496435
2023-08-28T00:00:00.000+05:30,16.616733333333332,239.549875,2.996111111111111,0.1257736111111111,1038.0,2468.0,5483.0,2023,8,28,2,3,0,summer,10.709266666666668,15.6865,5.351933333333333,20.602747619047616,17.871928333333333
2023-08-29T00:00:00.000+05:30,12.466533333333333,240.7449930555555,2.279583333333333,0.1218236111111111,957.0,562.0,4932.0,2023,8,29,3,3,0,summer,20.163466666666668,19.86433333333333,7.780266666666666,19.50318571428571,18.02813722222222
2023-08-30T00:00:00.000+05:30,20.04096666666667,240.57317361111112,3.604305555555555,0.1326722222222222,3822.0,2580.0,4221.0,2023,8,30,4,3,0,summer,18.53853333333333,15.974933333333333,13.538866666666667,19.71781904761905,18.24487388888889
2023-08-31T00:00:00.000+05:30,21.330366666666663,239.98570138888888,3.788472222222222,0.1300388888888889,1200.0,666.0,8738.0,2023,8,31,5,3,0,summer,27.608566666666665,16.831533333333333,18.06955,18.820933333333333,18.353567777777776
2023-09-01T00:00:00.000+05:30,28.3581,239.35574305555556,5.065416666666667,0.2012819444444444,2497.0,569.0,9733.0,2023,9,1,6,3,0,fall,19.181333333333335,5.799333333333333,16.990266666666667,20.1319,18.732495555555555
2023-09-02T00:00:00.000+05:30,27.7078,240.04533333333336,5.017222222222222,0.1608319444444444,3613.0,1617.0,8806.0,2023,9,2,7,3,1,fall,21.9151,23.7049,17.722733333333334,20.959428571428568,19.065331111111114
2023-09-03T00:00:00.000+05:30,17.315366666666666,239.62034722222225,3.1306944444444444,0.1308486111111111,621.0,2515.0,5323.0,2023,9,3,1,3,1,fall,20.1955,22.314033333333334,19.083166666666667,20.547980952380954,19.00640444444445
2023-09-04T00:00:00.000+05:30,26.415733333333332,239.65966666666665,4.755972222222223,0.1247402777777777,2928.0,3501.0,9821.0,2023,9,4,2,3,0,fall,16.616733333333332,10.709266666666668,13.1183,21.947838095238094,19.44965222222223
2023-09-05T00:00:00.000+05:30,20.60953333333333,239.1481597222222,3.697638888888889,0.1033777777777777,0.0,4144.0,6705.0,2023,9,5,3,3,0,fall,12.466533333333333,20.163466666666668,18.162,23.111123809523807,19.53123666666667
2023-09-06T00:00:00.000+05:30,15.024566666666669,239.3400486111111,2.752222222222222,0.1194625,0.0,3888.0,3461.0,2023,9,6,4,3,0,fall,20.04096666666667,18.53853333333333,24.726333333333333,22.394495238095235,19.207844444444444
2023-09-07T00:00:00.000+05:30,22.274933333333333,239.0317013888889,4.007222222222222,0.1262069444444444,3632.0,551.0,9388.0,2023,9,7,5,3,0,fall,21.330366666666663,27.608566666666665,18.758033333333337,22.529433333333333,19.325074444444446
2023-09-08T00:00:00.000+05:30,24.495866666666664,239.7304444444445,4.391944444444444,0.1293958333333333,3339.0,1801.0,9164.0,2023,9,8,6,3,0,fall,28.3581,19.181333333333335,17.861333333333334,21.977685714285716,19.54622555555556
2023-09-09T00:00:00.000+05:30,27.9917,238.92214583333333,5.054027777777778,0.1452444444444444,2184.0,4438.0,9233.0,2023,9,9,7,3,1,fall,27.7078,21.9151,17.1335,22.01824285714286,19.90816555555556
2023-09-10T00:00:00.000+05:30,18.622933333333332,239.3886597222222,3.36375,0.1232625,935.0,595.0,5613.0,2023,9,10,1,3,1,fall,17.315366666666666,20.1955,18.194166666666668,22.2050380952381,19.922457777777776
2023-09-11T00:00:00.000+05:30,16.392866666666666,240.0719930555555,2.9520833333333334,0.1053916666666666,943.0,550.0,5792.0,2023,9,11,2,3,0,fall,26.415733333333332,16.616733333333332,20.6984,20.7732,19.77894
2023-09-12T00:00:00.000+05:30,21.462733333333333,240.01505555555556,3.86,0.1193013888888889,0.0,3217.0,7755.0,2023,9,12,3,3,0,fall,20.60953333333333,12.466533333333333,19.216866666666665,20.895085714285717,19.85380222222222
2023-09-13T00:00:00.000+05:30,19.106366666666663,239.3098333333333,3.4644444444444447,0.1152486111111111,1175.0,2523.0,3853.0,2023,9,13,4,3,0,fall,15.024566666666669,20.04096666666667,15.6865,21.478199999999998,19.967797777777776
2023-09-14T00:00:00.000+05:30,18.9245,239.30189583333333,3.444722222222222,0.1271708333333333,901.0,676.0,5804.0,2023,9,14,5,3,0,fall,22.274933333333333,21.330366666666663,19.86433333333333,20.999566666666663,19.936469999999993
2023-09-15T00:00:00.000+05:30,18.2552,240.00197222222224,3.278194444444445,0.1281013888888889,0.0,1449.0,6464.0,2023,9,15,6,3,0,fall,24.495866666666664,28.3581,15.974933333333333,20.108042857142856,20.01247888888888
2023-09-16T00:00:00.000+05:30,27.537066666666664,239.56046527777775,4.96625,0.1335777777777777,3118.0,3064.0,9310.0,2023,9,16,7,3,1,fall,27.9917,27.7078,16.831533333333333,20.043095238095237,20.36932999999999
2023-09-17T00:00:00.000+05:30,24.3531,239.21479861111112,4.413472222222222,0.1404958333333333,6651.0,926.0,6279.0,2023,9,17,1,3,1,fall,18.622933333333332,17.315366666666666,5.799333333333333,20.86169047619047,20.987788888888883
2023-09-18T00:00:00.000+05:30,19.458666666666662,238.26067361111112,3.5127777777777776,0.102175,1888.0,2029.0,5425.0,2023,9,18,2,3,0,fall,16.392866666666666,26.415733333333332,23.7049,21.2996619047619,20.846247777777773
2023-09-19T00:00:00.000+05:30,21.64473333333333,240.30520833333333,3.8833333333333337,0.1054125,0.0,2743.0,7937.0,2023,9,19,3,3,0,fall,21.462733333333333,20.60953333333333,22.314033333333334,21.325661904761898,20.823937777777772
2023-09-20T00:00:00.000+05:30,20.92553333333333,239.71498611111113,3.720972222222222,0.0922972222222222,1056.0,489.0,9996.0,2023,9,20,4,3,0,fall,19.106366666666663,15.024566666666669,10.709266666666668,21.585542857142855,21.164479999999994
2023-09-21T00:00:00.000+05:30,20.646333333333335,239.38146527777775,3.732638888888889,0.1061347222222222,3130.0,2745.0,6316.0,2023,9,21,5,3,0,fall,18.9245,22.274933333333333,20.163466666666668,21.831519047619047,21.180575555555553
2023-09-22T00:00:00.000+05:30,19.602866666666667,239.4830347222222,3.515138888888889,0.1273833333333333,944.0,1311.0,7688.0,2023,9,22,6,3,0,fall,18.2552,24.495866666666664,18.53853333333333,22.02404285714286,21.216053333333328
2023-09-23T00:00:00.000+05:30,23.632833333333338,239.5004305555555,4.28,0.1687319444444444,2831.0,1929.0,7382.0,2023,9,23,7,3,1,fall,27.537066666666664,27.9917,27.608566666666665,21.46629523809524,21.083528888888885
2023-09-24T00:00:00.000+05:30,22.5755,238.60060416666667,4.078749999999999,0.1372388888888888,929.0,3935.0,7955.0,2023,9,24,1,3,1,fall,24.3531,18.622933333333332,19.181333333333335,21.21235238095238,21.196667777777773
2023-09-25T00:00:00.000+05:30,29.405700000000003,238.0996111111111,5.206388888888889,0.0903319444444444,916.0,2253.0,9820.0,2023,9,25,2,3,0,fall,19.458666666666662,16.392866666666666,21.9151,22.633357142857143,21.446354444444445
2023-09-26T00:00:00.000+05:30,30.525,239.41785416666667,5.396944444444444,0.1176361111111111,1058.0,9452.0,5695.0,2023,9,26,3,3,0,fall,21.64473333333333,21.462733333333333,20.1955,23.90196666666667,21.79067111111111
2023-09-27T00:00:00.000+05:30,23.209999999999997,239.56705555555556,4.0777777777777775,0.1046597222222222,1066.0,643.0,7324.0,2023,9,27,4,3,0,fall,20.92553333333333,19.106366666666663,16.616733333333332,24.22831904761905,22.010446666666667
2023-09-28T00:00:00.000+05:30,28.0083,239.4624305555556,4.994166666666667,0.1546652777777777,996.0,3722.0,9952.0,2023,9,28,5,3,0,fall,20.646333333333335,18.9245,12.466533333333333,25.280028571428574,22.528505555555554
2023-09-29T00:00:00.000+05:30,38.27536666666666,239.1401111111111,6.7931944444444445,0.1264736111111111,4085.0,7457.0,8190.0,2023,9,29,6,3,0,fall,19.602866666666667,18.2552,20.04096666666667,27.94752857142857,23.136318888888887
2023-09-30T00:00:00.000+05:30,25.2715,240.0647847222222,4.452500000000001,0.1136027777777777,1405.0,582.0,10225.0,2023,9,30,7,3,1,fall,23.632833333333338,27.537066666666664,21.330366666666663,28.18162380952381,23.267689999999995
2023-10-01T00:00:00.000+05:30,28.682033333333333,239.23991666666663,5.0737499999999995,0.1018986111111111,1507.0,6622.0,5960.0,2023,10,1,1,4,1,fall,22.5755,24.3531,28.3581,29.053985714285712,23.278487777777773
2023-10-02T00:00:00.000+05:30,36.647733333333335,238.49379166666665,6.474027777777778,0.1123805555555555,508.0,8022.0,12815.0,2023,10,2,2,4,0,fall,29.405700000000003,19.458666666666662,27.7078,30.088561904761907,23.576485555555553
2023-10-03T00:00:00.000+05:30,21.3409,239.26106944444444,3.8,0.1095402777777777,979.0,5024.0,3692.0,2023,10,3,3,4,0,fall,30.525,21.64473333333333,17.315366666666666,28.776547619047616,23.710669999999997
2023-10-04T00:00:00.000+05:30,25.307633333333335,239.2050763888889,4.454583333333334,0.0961444444444444,2400.0,444.0,9710.0,2023,10,4,4,4,0,fall,23.209999999999997,20.92553333333333,26.415733333333332,29.076209523809524,23.673733333333335
2023-10-05T00:00:00.000+05:30,23.23486666666667,238.8271111111111,4.089722222222222,0.1046083333333333,0.0,351.0,9425.0,2023,10,5,5,4,0,fall,28.0083,20.646333333333335,20.60953333333333,28.39429047619048,23.761244444444444
2023-10-06T00:00:00.000+05:30,29.270666666666667,238.38071527777777,5.167638888888889,0.1293,4840.0,347.0,9666.0,2023,10,6,6,4,0,fall,38.27536666666666,19.602866666666667,15.024566666666669,27.107904761904766,24.236114444444446
2023-10-07T00:00:00.000+05:30,35.1019,238.8262777777778,6.207916666666667,0.1063736111111111,2498.0,8255.0,10886.0,2023,10,7,7,4,1,fall,25.2715,23.632833333333338,22.274933333333333,28.512247619047624,24.66368
2023-10-08T00:00:00.000+05:30,18.254033333333332,239.09654861111113,3.2311111111111113,0.08465,0.0,420.0,5082.0,2023,10,8,1,4,1,fall,28.682033333333333,22.5755,24.495866666666664,27.022533333333335,24.455618888888896
2023-10-09T00:00:00.000+05:30,28.130966666666662,238.87914583333333,4.9823611111111115,0.1109736111111111,2034.0,2147.0,9290.0,2023,10,9,2,4,0,fall,36.647733333333335,29.405700000000003,27.9917,25.80585238095238,24.460261111111112
2023-10-10T00:00:00.000+05:30,19.44953333333333,239.4211597222222,3.4886111111111116,0.0921888888888888,1863.0,2117.0,3345.0,2023,10,10,3,4,0,fall,21.3409,30.525,18.622933333333332,25.535657142857143,24.487814444444442
2023-10-11T00:00:00.000+05:30,28.8741,238.4441527777778,5.1090277777777775,0.106325,2630.0,414.0,7806.0,2023,10,11,4,4,0,fall,25.307633333333335,23.209999999999997,16.392866666666666,26.04515238095238,24.903855555555555
2023-10-12T00:00:00.000+05:30,31.908399999999997,238.48131250000003,5.667083333333333,0.0958222222222222,1020.0,5028.0,11659.0,2023,10,12,5,4,0,fall,23.23486666666667,28.0083,21.462733333333333,27.28422857142857,25.252044444444444
2023-10-13T00:00:00.000+05:30,32.11213333333333,238.76540972222224,5.700694444444444,0.0869472222222222,969.0,3799.0,8463.0,2023,10,13,6,4,0,fall,29.270666666666667,38.27536666666666,19.106366666666663,27.69015238095238,25.68557
2023-10-14T00:00:00.000+05:30,34.3542,239.1010347222222,6.078749999999999,0.1042013888888889,2930.0,7494.0,7126.0,2023,10,14,7,4,1,fall,35.1019,25.2715,18.9245,27.583338095238094,26.19989333333333
2023-10-15T00:00:00.000+05:30,21.1055,239.29270833333337,3.721944444444445,0.0820708333333333,1061.0,339.0,7654.0,2023,10,15,1,4,1,fall,18.254033333333332,28.682033333333333,18.2552,27.990690476190476,26.29490333333333
2023-10-16T00:00:00.000+05:30,32.7407,238.86261805555552,5.823194444444444,0.1287597222222222,0.0,7871.0,9876.0,2023,10,16,2,4,0,fall,28.130966666666662,36.647733333333335,27.537066666666664,28.64922380952381,26.468357777777776
2023-10-17T00:00:00.000+05:30,26.28216666666667,239.19213194444444,4.6369444444444445,0.0947222222222222,1065.0,453.0,8968.0,2023,10,17,3,4,0,fall,19.44953333333333,21.3409,24.3531,29.62531428571429,26.53266
2023-10-18T00:00:00.000+05:30,25.308833333333332,239.80028472222224,4.43375,0.0850694444444444,1162.0,317.0,9864.0,2023,10,18,4,4,0,fall,28.8741,25.307633333333335,19.458666666666662,29.11599047619048,26.727665555555554
2023-10-19T00:00:00.000+05:30,34.7608,239.65217361111112,6.103194444444445,0.0843597222222222,1299.0,3124.0,11648.0,2023,10,19,5,4,0,fall,31.908399999999997,23.23486666666667,21.64473333333333,29.52347619047619,27.164867777777776
2023-10-20T00:00:00.000+05:30,27.67076666666667,241.82481944444444,4.814722222222222,0.0969055555555555,2363.0,296.0,13225.0,2023,10,20,6,4,0,fall,32.11213333333333,29.270666666666667,20.92553333333333,28.888995238095244,27.389708888888887
2023-10-21T00:00:00.000+05:30,32.36566666666667,241.49074305555555,5.701666666666666,0.1069638888888888,3712.0,4357.0,7313.0,2023,10,21,7,4,1,fall,34.3542,35.1019,20.646333333333335,28.604919047619045,27.78035333333333
2023-10-22T00:00:00.000+05:30,27.548266666666667,240.54540277777775,4.805833333333333,0.0808402777777777,0.0,299.0,13027.0,2023,10,22,1,4,1,fall,21.1055,18.254033333333332,19.602866666666667,29.52531428571429,28.0452
2023-10-23T00:00:00.000+05:30,32.66153333333333,241.23120833333337,5.719166666666667,0.0889208333333333,1067.0,5214.0,10680.0,2023,10,23,2,4,0,fall,32.7407,28.130966666666662,23.632833333333338,29.514004761904765,28.346156666666662
2023-10-24T00:00:00.000+05:30,31.093933333333332,240.80827083333332,5.473194444444444,0.1019319444444444,4459.0,364.0,9115.0,2023,10,24,3,4,0,fall,26.28216666666667,19.44953333333333,22.5755,30.2014,28.630104444444438
2023-10-25T00:00:00.000+05:30,30.898633333333333,240.4726319444445,5.413611111111111,0.0918055555555555,1478.0,2433.0,7385.0,2023,10,25,4,4,0,fall,25.308833333333332,28.8741,29.405700000000003,30.999942857142855,28.679868888888887
2023-10-26T00:00:00.000+05:30,23.959466666666668,240.68085416666665,4.365833333333334,0.0761638888888888,0.0,348.0,5766.0,2023,10,26,5,4,0,fall,34.7608,31.908399999999997,30.525,29.456895238095232,28.461017777777773
2023-10-27T00:00:00.000+05:30,29.761466666666667,240.20120833333337,5.309166666666666,0.0758236111111111,1374.0,4856.0,8949.0,2023,10,27,6,4,0,fall,27.67076666666667,32.11213333333333,23.209999999999997,29.755566666666663,28.679399999999998
2023-10-28T00:00:00.000+05:30,8.535966666666667,240.86605555555556,1.485277777777778,0.0640958333333333,0.0,283.0,1765.0,2023,10,28,7,4,1,fall,32.36566666666667,34.3542,28.0083,26.351323809523812,28.030322222222228
2023-10-29T00:00:00.000+05:30,9.090466666666666,241.19330555555555,1.5744444444444443,0.0604152777777777,0.0,269.0,2749.0,2023,10,29,1,4,1,fall,27.548266666666667,21.1055,38.27536666666666,23.714495238095235,27.057492222222223
2023-10-30T00:00:00.000+05:30,13.5168,240.62592361111112,2.3513888888888888,0.0623888888888888,0.0,1935.0,4256.0,2023,10,30,2,4,0,fall,32.66153333333333,32.7407,25.2715,20.979533333333332,26.665668888888888
2023-10-31T00:00:00.000+05:30,21.386833333333335,240.33897916666663,3.7423611111111112,0.0744444444444444,0.0,4700.0,8915.0,2023,10,31,3,4,0,fall,31.093933333333332,26.28216666666667,28.682033333333333,19.592804761904766,26.42249555555556
2023-11-01T00:00:00.000+05:30,8.270266666666666,240.93840277777775,1.4359722222222224,0.0590597222222222,0.0,293.0,1991.0,2023,11,1,4,4,0,fall,30.898633333333333,25.308833333333332,36.647733333333335,16.360180952380954,25.476580000000006
2023-11-02T00:00:00.000+05:30,24.060033333333333,239.3489861111111,4.202638888888889,0.0648347222222222,1346.0,2115.0,12245.0,2023,11,2,5,4,0,fall,23.959466666666668,34.7608,21.3409,16.37454761904762,25.56721777777778
2023-11-03T00:00:00.000+05:30,8.209166666666667,240.19050694444445,1.4343055555555555,0.0611972222222222,0.0,282.0,1936.0,2023,11,3,6,4,0,fall,29.761466666666667,27.67076666666667,25.307633333333335,13.295647619047617,24.99726888888889
2023-11-04T00:00:00.000+05:30,24.761433333333333,240.20552083333337,4.384027777777778,0.0963902777777777,0.0,4387.0,7068.0,2023,11,4,7,4,1,fall,8.535966666666667,32.36566666666667,23.23486666666667,15.613571428571428,25.048154444444446
2023-11-05T00:00:00.000+05:30,25.009866666666667,239.65911111111112,4.39625,0.0912152777777777,1265.0,397.0,6583.0,2023,11,5,1,4,1,fall,9.090466666666666,27.548266666666667,29.270666666666667,17.887771428571426,24.906127777777783
2023-11-06T00:00:00.000+05:30,34.706300000000006,238.70195833333335,6.149861111111111,0.1392541666666666,1105.0,5515.0,10690.0,2023,11,6,2,4,0,fall,13.5168,32.66153333333333,35.1019,20.91484285714286,24.892941111111114
2023-11-07T00:00:00.000+05:30,30.745966666666668,239.5649097222222,5.481111111111111,0.1343888888888889,5042.0,301.0,6374.0,2023,11,7,3,4,0,fall,21.386833333333335,31.093933333333332,18.254033333333332,22.251861904761906,25.309338888888888
2023-11-08T00:00:00.000+05:30,25.017666666666667,240.75264583333333,4.435,0.0935402777777777,1715.0,314.0,6500.0,2023,11,8,4,4,0,fall,8.270266666666666,30.898633333333333,28.130966666666662,24.64434761904762,25.205562222222223
2023-11-09T00:00:00.000+05:30,36.1871,238.7154375,6.367222222222222,0.0786402777777777,0.0,4573.0,15375.0,2023,11,9,5,4,0,fall,24.060033333333333,23.959466666666668,19.44953333333333,26.376785714285713,25.763481111111112
2023-11-10T00:00:00.000+05:30,43.526666666666664,239.11040972222224,7.706944444444445,0.1650361111111111,3697.0,304.0,13767.0,2023,11,10,6,4,0,fall,8.209166666666667,29.761466666666667,28.8741,31.42214285714286,26.2519
2023-11-11T00:00:00.000+05:30,31.452066666666667,240.26026388888891,5.540555555555556,0.1288958333333333,3445.0,320.0,6024.0,2023,11,11,7,4,1,fall,24.761433333333333,8.535966666666667,31.908399999999997,32.37794761904762,26.23668888888889
2023-11-12T00:00:00.000+05:30,35.93576666666667,239.82559027777776,6.271944444444444,0.0954638888888888,1018.0,4165.0,13281.0,2023,11,12,1,4,1,fall,25.009866666666667,9.090466666666666,32.11213333333333,33.938790476190476,26.36414333333333
2023-11-13T00:00:00.000+05:30,36.90663333333334,241.12297916666668,6.4534722222222225,0.0978833333333333,978.0,4933.0,11076.0,2023,11,13,2,4,0,fall,34.706300000000006,13.5168,34.3542,34.25312380952381,26.449224444444443
2023-11-14T00:00:00.000+05:30,34.13323333333333,239.9460277777778,5.9406944444444445,0.0983263888888889,1055.0,295.0,16345.0,2023,11,14,3,4,0,fall,30.745966666666668,21.386833333333335,21.1055,34.73701904761905,26.883482222222224
2023-11-15T00:00:00.000+05:30,24.866466666666668,239.9849930555556,4.396388888888889,0.0924069444444444,1606.0,571.0,7503.0,2023,11,15,4,4,0,fall,25.017666666666667,8.270266666666666,32.7407,34.715419047619044,26.621007777777777
2023-11-16T00:00:00.000+05:30,38.4959,240.9835138888889,6.718055555555556,0.0860958333333333,1991.0,4660.0,13564.0,2023,11,16,5,4,0,fall,36.1871,24.060033333333333,26.28216666666667,35.04524761904762,27.028132222222222
2023-11-17T00:00:00.000+05:30,43.50156666666667,240.6034236111111,7.598888888888888,0.1166875,2588.0,2199.0,14990.0,2023,11,17,6,4,0,fall,43.526666666666664,8.209166666666667,25.308833333333332,35.0416619047619,27.634556666666672
2023-11-18T00:00:00.000+05:30,36.39763333333334,242.26045833333333,6.3476388888888895,0.1123347222222222,5201.0,2097.0,7066.0,2023,11,18,7,4,1,fall,31.452066666666667,24.761433333333333,34.7608,35.74817142857143,27.68911777777778
2023-11-19T00:00:00.000+05:30,28.727566666666668,242.76635416666664,5.00625,0.0777986111111111,1089.0,253.0,10750.0,2023,11,19,1,4,1,fall,35.93576666666667,25.009866666666667,27.67076666666667,34.71842857142857,27.72434444444445
2023-11-20T00:00:00.000+05:30,34.930933333333336,241.3388263888889,6.090416666666667,0.0866888888888888,1015.0,3954.0,11026.0,2023,11,20,2,4,0,fall,36.90663333333334,34.706300000000006,32.36566666666667,34.43618571428571,27.809853333333333
2023-11-21T00:00:00.000+05:30,29.251,241.4952048611111,5.120694444444444,0.0913875,1140.5,549.0,9470.5,2023,11,21,3,4,0,fall,34.13323333333333,30.745966666666668,27.548266666666667,33.73872380952381,27.866611111111112
2023-11-22T00:00:00.000+05:30,32.2063,241.5650486111111,5.65625,0.0993805555555555,2867.0,297.0,9001.0,2023,11,22,4,4,0,fall,24.866466666666668,25.017666666666667,32.66153333333333,34.78727142857143,27.851436666666668
2023-11-23T00:00:00.000+05:30,42.04363333333333,240.72236805555556,7.340694444444445,0.0964666666666666,2168.0,6181.0,13685.0,2023,11,23,5,4,0,fall,38.4959,36.1871,31.093933333333332,35.294090476190476,28.21642666666667
2023-11-24T00:00:00.000+05:30,31.6509,241.80274305555557,5.512638888888889,0.1045222222222222,1573.0,4131.0,13451.0,2023,11,24,6,4,0,fall,43.50156666666667,43.526666666666664,30.898633333333333,33.6011380952381,28.24150222222222
2023-11-25T00:00:00.000+05:30,23.259966666666667,242.66115972222224,4.086666666666667,0.0852611111111111,3556.0,279.0,5678.0,2023,11,25,7,4,1,fall,36.39763333333334,31.452066666666667,23.959466666666668,31.724328571428572,28.218185555555554
2023-11-26T00:00:00.000+05:30,26.16193333333333,241.11649305555557,4.601388888888889,0.0812847222222222,1088.0,288.0,8926.0,2023,11,26,1,4,1,fall,28.727566666666668,35.93576666666667,29.761466666666667,31.357809523809525,28.09820111111111
2023-11-27T00:00:00.000+05:30,46.68353333333334,241.32109722222225,8.15625,0.0972180555555555,1063.0,11020.0,15111.0,2023,11,27,2,4,0,fall,34.930933333333336,36.90663333333334,8.535966666666667,33.036752380952386,29.369786666666666
2023-11-28T00:00:00.000+05:30,27.415666666666667,242.89480555555556,4.775555555555556,0.0801680555555555,1182.0,769.0,7810.0,2023,11,28,3,4,0,fall,29.251,34.13323333333333,9.090466666666666,32.77456190476191,29.980626666666662
2023-11-29T00:00:00.000+05:30,28.657633333333333,242.73200347222223,5.015694444444445,0.0824375,2031.0,283.0,8818.0,2023,11,29,4,4,0,fall,32.2063,24.866466666666668,13.5168,32.267609523809526,30.485321111111112
2023-11-30T00:00:00.000+05:30,38.86213333333333,243.48775,6.757222222222222,0.1022777777777777,0.0,7941.0,13601.0,2023,11,30,5,4,0,fall,42.04363333333333,38.4959,21.386833333333335,31.813109523809526,31.067831111111108
2023-12-01T00:00:00.000+05:30,52.24903333333334,240.2660833333333,9.191527777777775,0.2006194444444444,9356.0,353.0,17847.0,2023,12,1,6,4,0,winter,31.6509,43.50156666666667,8.270266666666666,34.7557,32.533789999999996
2023-12-02T00:00:00.000+05:30,49.10313333333333,240.73000694444443,8.618611111111111,0.2257513888888888,2090.0,6915.0,10636.0,2023,12,2,7,4,1,winter,23.259966666666667,36.39763333333334,24.060033333333333,38.44758095238095,33.368559999999995
2023-12-03T00:00:00.000+05:30,29.367666666666665,241.07959027777775,5.165555555555556,0.0916069444444444,1141.0,299.0,10428.0,2023,12,3,1,4,1,winter,26.16193333333333,28.727566666666668,8.209166666666667,38.905542857142855,34.07384333333333
2023-12-04T00:00:00.000+05:30,34.4606,241.53597916666664,6.045138888888889,0.1007055555555555,1012.0,5828.0,8561.0,2023,12,4,2,4,0,winter,46.68353333333334,34.930933333333336,24.761433333333333,37.15940952380952,34.397148888888886
2023-12-05T00:00:00.000+05:30,35.88533333333333,241.22788194444445,6.348194444444444,0.1238875,3422.0,295.0,10919.0,2023,12,5,3,4,0,winter,27.415666666666667,29.251,25.009866666666667,38.3693619047619,34.75966444444445
2023-12-06T00:00:00.000+05:30,41.46556666666667,239.7100972222222,7.337916666666667,0.1124555555555555,4751.0,318.0,11908.0,2023,12,6,4,4,0,winter,28.657633333333333,32.2063,34.706300000000006,40.19906666666667,34.98497333333333
2023-12-07T00:00:00.000+05:30,29.483600000000003,240.6710486111111,5.157916666666666,0.1025277777777777,459.0,3710.0,10263.0,2023,12,7,5,4,0,winter,38.86213333333333,42.04363333333333,30.745966666666668,38.85927619047619,34.942894444444434
2023-12-08T00:00:00.000+05:30,36.89006666666667,239.55993055555555,6.508055555555556,0.1071805555555555,1133.0,2354.0,12283.0,2023,12,8,6,4,0,winter,52.24903333333334,31.6509,25.017666666666667,36.66513809523809,35.3386411111111
2023-12-09T00:00:00.000+05:30,37.90973333333333,239.9150763888889,6.701527777777779,0.1395388888888889,4176.0,2428.0,8728.0,2023,12,9,7,4,1,winter,49.10313333333333,23.259966666666667,36.1871,35.06608095238094,35.39606222222222
2023-12-10T00:00:00.000+05:30,29.312566666666665,241.90383333333335,5.174583333333333,0.0868138888888888,1102.0,278.0,8281.0,2023,12,10,1,4,1,winter,29.367666666666665,26.16193333333333,43.526666666666664,35.058209523809516,34.922258888888884
2023-12-11T00:00:00.000+05:30,38.4184,241.4602361111111,6.7122222222222225,0.0928458333333333,1050.0,3817.0,12740.0,2023,12,11,2,4,0,winter,34.4606,46.68353333333334,31.452066666666667,35.62360952380952,35.15446999999999
2023-12-12T00:00:00.000+05:30,26.467699999999997,242.47632638888888,4.591111111111111,0.0811708333333333,1152.0,254.0,7759.0,2023,12,12,3,4,0,winter,35.88533333333333,27.415666666666667,35.93576666666667,34.27823333333333,34.83886777777777
2023-12-13T00:00:00.000+05:30,30.79576666666667,241.82734027777775,5.419583333333334,0.0774236111111111,1103.0,1448.0,8911.0,2023,12,13,4,4,0,winter,41.46556666666667,28.657633333333333,36.90663333333334,32.753976190476195,34.63517222222222
2023-12-14T00:00:00.000+05:30,32.913466666666665,241.9859236111111,5.757777777777778,0.1246875,980.0,3849.0,12941.0,2023,12,14,5,4,0,winter,29.483600000000003,38.86213333333333,34.13323333333333,33.24395714285715,34.59451333333333
2023-12-15T00:00:00.000+05:30,45.6146,241.28064583333332,7.98,0.1094625,1706.0,3687.0,14313.0,2023,12,15,6,4,0,winter,36.89006666666667,52.24903333333334,24.866466666666668,34.490319047619046,35.286117777777775
2023-12-16T00:00:00.000+05:30,46.036966666666665,242.6849861111111,7.992222222222222,0.0881513888888888,3410.0,2281.0,12929.0,2023,12,16,7,4,1,winter,37.90973333333333,49.10313333333333,38.4959,35.65135238095238,35.53748666666666
2023-12-17T00:00:00.000+05:30,29.974933333333336,242.62617708333337,5.189930555555556,0.0730666666666666,1636.0,243.0,10567.0,2023,12,17,1,4,1,winter,29.312566666666665,29.367666666666665,43.50156666666667,35.745976190476185,35.08659888888888
2023-12-18T00:00:00.000+05:30,43.7199,242.93998611111112,7.602083333333334,0.1000555555555555,1123.0,5810.0,11093.0,2023,12,18,2,4,0,winter,38.4184,34.4606,36.39763333333334,36.50333333333333,35.33067444444443
2023-12-19T00:00:00.000+05:30,36.60086666666667,242.70109722222224,6.334444444444444,0.0759277777777777,1233.0,2658.0,11679.0,2023,12,19,3,4,0,winter,26.467699999999997,35.88533333333333,28.727566666666668,37.95092857142857,35.59311777777777
2023-12-20T00:00:00.000+05:30,32.49596666666667,243.1679375,5.613333333333333,0.0829402777777777,1859.0,276.0,13592.0,2023,12,20,4,4,0,winter,30.79576666666667,41.46556666666667,34.930933333333336,38.19381428571428,35.51195222222222
2023-12-21T00:00:00.000+05:30,33.04293333333333,242.88163194444445,5.713749999999999,0.0739375,1191.0,200.0,12251.0,2023,12,21,5,4,0,winter,32.913466666666665,29.483600000000003,29.251,38.21230952380953,35.638349999999996
2023-12-22T00:00:00.000+05:30,43.52106666666667,242.14553472222224,7.593472222222222,0.0981347222222222,3819.0,4550.0,12673.0,2023,12,22,6,4,0,winter,45.6146,36.89006666666667,32.2063,37.91323333333333,36.01550888888889
2023-12-23T00:00:00.000+05:30,40.1508,242.5579375,6.982777777777779,0.1224111111111111,1971.0,3091.0,11962.0,2023,12,23,7,4,1,winter,46.036966666666665,37.90973333333333,42.04363333333333,37.07235238095239,35.952414444444436
2023-12-24T00:00:00.000+05:30,37.6308,242.6504236111111,6.549722222222223,0.1039958333333333,2985.0,2316.0,14350.0,2023,12,24,1,4,1,winter,29.974933333333336,29.312566666666665,31.6509,38.166047619047625,36.15174444444444
2023-12-25T00:00:00.000+05:30,44.91613333333333,242.98086805555556,7.790972222222222,0.105425,4588.0,3368.0,9084.0,2023,12,25,2,4,0,winter,43.7199,38.4184,23.259966666666667,38.3369380952381,36.87361666666666
2023-12-26T00:00:00.000+05:30,43.00466666666667,242.39239583333332,7.426111111111111,0.0974402777777777,1109.0,2773.0,9480.0,2023,12,26,3,4,0,winter,36.60086666666667,26.467699999999997,26.16193333333333,39.25176666666666,37.43504111111111
2023-12-27T00:00:00.000+05:30,42.2033,242.1116111111111,7.395833333333333,0.1323486111111111,4122.0,1490.0,7960.0,2023,12,27,4,4,0,winter,32.49596666666667,30.79576666666667,46.68353333333334,40.63852857142857,37.2857
2023-12-28T00:00:00.000+05:30,51.8842,242.28447916666667,9.030555555555557,0.1436111111111111,1980.0,8554.0,15823.0,2023,12,28,5,4,0,winter,33.04293333333333,32.913466666666665,27.415666666666667,43.3301380952381,38.10131777777777
2023-12-29T00:00:00.000+05:30,54.982600000000005,240.55066666666667,9.56,0.1388138888888888,4836.0,2434.0,14906.0,2023,12,29,6,4,0,winter,43.52106666666667,45.6146,28.657633333333333,44.96750000000001,38.97881666666667
2023-12-30T00:00:00.000+05:30,42.6486,242.0991736111111,7.465694444444445,0.1239138888888888,3595.0,3597.0,13485.0,2023,12,30,7,4,1,winter,40.1508,46.036966666666665,38.86213333333333,45.32432857142857,39.10503222222222
2023-12-31T00:00:00.000+05:30,36.942366666666665,241.09479166666668,6.455,0.1010666666666666,0.0,3457.0,14071.0,2023,12,31,1,4,1,winter,37.6308,29.974933333333336,52.24903333333334,45.22598095238095,38.59481
2024-01-01T00:00:00.000+05:30,45.99563333333333,241.0366736111111,7.978611111111111,0.0989638888888888,2461.0,2739.0,12355.0,2024,1,1,2,1,0,winter,44.91613333333333,43.7199,49.10313333333333,45.38019523809523,38.491226666666655
2024-01-02T00:00:00.000+05:30,27.401766666666667,242.41745138888888,4.770416666666667,0.0775458333333333,0.0,3094.0,8987.0,2024,1,2,3,1,0,winter,43.00466666666667,36.60086666666667,29.367666666666665,43.15120952380953,38.42569666666666
2024-01-03T00:00:00.000+05:30,25.168466666666667,243.0774583333333,4.401666666666666,0.0841541666666666,1130.0,846.0,6671.0,2024,1,3,4,1,0,winter,42.2033,32.49596666666667,34.4606,40.717661904761904,38.11595888888889
2024-01-04T00:00:00.000+05:30,38.19753333333333,241.2733819444444,6.715138888888888,0.0949347222222222,1241.0,5326.0,11752.0,2024,1,4,5,1,0,winter,51.8842,33.04293333333333,35.88533333333333,38.76242380952381,38.19303222222222
2024-01-05T00:00:00.000+05:30,36.38746666666667,238.82294444444443,6.446805555555556,0.0899055555555555,2113.0,286.0,14591.0,2024,1,5,6,1,0,winter,54.982600000000005,43.52106666666667,41.46556666666667,36.10597619047619,38.02376222222222
2024-01-06T00:00:00.000+05:30,30.419733333333333,239.40729166666668,5.390138888888889,0.0812208333333333,1966.0,2445.0,7824.0,2024,1,6,7,1,1,winter,42.6486,40.1508,29.483600000000003,34.35899523809524,38.054966666666665
2024-01-07T00:00:00.000+05:30,28.26356666666667,240.7439375,4.915277777777778,0.080675,1288.0,282.0,10294.0,2024,1,7,1,1,1,winter,36.942366666666665,37.6308,36.89006666666667,33.119166666666665,37.76741666666667
2024-01-08T00:00:00.000+05:30,34.05916666666666,240.8218055555556,5.99,0.0885083333333333,2197.0,3511.0,9793.0,2024,1,8,2,1,0,winter,45.99563333333333,44.91613333333333,37.90973333333333,31.41395714285714,37.63906444444444
2024-01-09T00:00:00.000+05:30,29.807333333333336,241.2586388888889,5.231944444444444,0.0870388888888888,1162.0,284.0,8963.0,2024,1,9,3,1,0,winter,27.401766666666667,43.00466666666667,29.312566666666665,31.757609523809524,37.655556666666676
2024-01-10T00:00:00.000+05:30,31.567933333333333,240.80713888888891,5.5945833333333335,0.0836833333333333,1307.0,285.0,9992.0,2024,1,10,4,1,0,winter,25.168466666666667,42.2033,38.4184,32.67181904761905,37.427207777777774
2024-01-11T00:00:00.000+05:30,28.4303,240.41004861111108,4.963472222222222,0.0663083333333333,1261.0,290.0,7997.0,2024,1,11,5,1,0,winter,38.19753333333333,51.8842,26.467699999999997,31.2765,37.49262777777778
2024-01-12T00:00:00.000+05:30,47.8568,239.96018055555552,8.523888888888889,0.1130027777777777,5594.0,2621.0,11116.0,2024,1,12,6,1,0,winter,36.38746666666667,54.982600000000005,30.79576666666667,32.91497619047619,38.06132888888888
2024-01-13T00:00:00.000+05:30,48.10175,239.74699652777775,8.45673611111111,0.1005312499999999,6505.5,341.5,9378.5,2024,1,13,7,1,1,winter,30.419733333333333,42.6486,32.913466666666665,35.44097857142857,38.56760499999999
2024-01-14T00:00:00.000+05:30,33.748866666666665,240.29900694444444,6.014583333333333,0.0834097222222222,5918.0,339.0,9738.0,2024,1,14,1,1,1,winter,28.26356666666667,36.942366666666665,45.6146,36.22459285714286,38.17208055555555
2024-01-15T00:00:00.000+05:30,44.781866666666666,240.7094861111111,7.891249999999999,0.0785722222222222,782.0,6883.0,14512.0,2024,1,15,2,1,0,winter,34.05916666666666,45.99563333333333,46.036966666666665,37.75640714285714,38.130243888888884
2024-01-16T00:00:00.000+05:30,35.59753333333333,240.42214583333333,6.319583333333334,0.0895347222222222,1162.0,3430.0,9391.0,2024,1,16,3,1,0,winter,29.807333333333336,27.401766666666667,29.974933333333336,38.583578571428575,38.31766388888889
2024-01-17T00:00:00.000+05:30,26.2047,241.62799305555555,4.6450000000000005,0.0810541666666666,1007.0,350.0,8657.0,2024,1,17,4,1,0,winter,31.567933333333333,25.168466666666667,43.7199,37.81740238095238,37.733823888888885
2024-01-18T00:00:00.000+05:30,36.4498,239.93293055555552,6.432222222222222,0.0828402777777777,1034.0,846.0,14983.0,2024,1,18,5,1,0,winter,28.4303,38.19753333333333,36.60086666666667,38.96304523809523,37.728788333333334
2024-01-19T00:00:00.000+05:30,33.0051,239.6059236111111,5.828888888888889,0.0937375,2521.0,6054.0,8015.0,2024,1,19,6,1,0,winter,47.8568,36.38746666666667,32.49596666666667,36.841373809523816,37.74575944444445
2024-01-20T00:00:00.000+05:30,29.00613333333333,239.94454166666668,5.148888888888889,0.0962597222222222,1775.0,380.0,4940.0,2024,1,20,7,1,1,winter,48.10175,30.419733333333333,33.04293333333333,34.11342857142857,37.611199444444445
2024-01-21T00:00:00.000+05:30,30.9833,239.56475,5.519027777777778,0.085,0.0,376.0,10447.0,2024,1,21,1,1,1,winter,33.748866666666665,28.26356666666667,43.52106666666667,33.71834761904762,37.193273888888896
2024-01-22T00:00:00.000+05:30,38.7503,240.09477777777775,6.92875,0.0996263888888888,4670.0,7640.0,7552.0,2024,1,22,2,1,0,winter,44.781866666666666,34.05916666666666,40.1508,32.85669523809524,37.14659055555556
2024-01-23T00:00:00.000+05:30,31.3718,240.90704861111112,5.520277777777777,0.0749888888888888,1116.0,387.0,13359.0,2024,1,23,3,1,0,winter,35.59753333333333,29.807333333333336,37.6308,32.25301904761905,36.93795722222222
2024-01-24T00:00:00.000+05:30,27.417033333333332,240.77922916666668,4.887916666666667,0.0724347222222222,1107.0,320.0,5935.0,2024,1,24,4,1,0,winter,26.2047,31.567933333333333,44.91613333333333,32.42620952380953,36.35465388888888
2024-01-25T00:00:00.000+05:30,37.330933333333334,240.70544444444445,6.544027777777777,0.0830736111111111,0.0,2421.0,11409.0,2024,1,25,5,1,0,winter,36.4498,28.4303,43.00466666666667,32.55208571428572,36.16552944444445
2024-01-26T00:00:00.000+05:30,47.2498,239.76020833333337,8.366666666666667,0.1169597222222222,4925.0,311.0,15606.0,2024,1,26,6,1,0,winter,33.0051,47.8568,42.2033,34.58704285714286,36.33374611111112
2024-01-27T00:00:00.000+05:30,39.6961,241.3036736111111,6.984861111111112,0.0977486111111111,3725.0,3818.0,7367.0,2024,1,27,7,1,1,winter,29.00613333333333,48.10175,51.8842,36.11418095238095,35.92747611111111
2024-01-28T00:00:00.000+05:30,38.46993333333333,240.46677777777776,6.769583333333334,0.0748861111111111,1142.0,280.0,12792.0,2024,1,28,1,1,1,winter,30.9833,33.748866666666665,54.982600000000005,37.183699999999995,35.37705388888889
2024-01-29T00:00:00.000+05:30,44.6004,240.62310416666668,7.842222222222221,0.0813722222222222,1487.0,6199.0,11077.0,2024,1,29,2,1,0,winter,38.7503,44.781866666666666,42.6486,38.01942857142857,35.44211388888889
2024-01-30T00:00:00.000+05:30,27.3441,241.61465277777776,4.826388888888889,0.0808819444444444,0.0,261.0,7261.0,2024,1,30,3,1,0,winter,31.3718,35.59753333333333,36.942366666666665,37.44404285714286,35.12217166666666
2024-01-31T00:00:00.000+05:30,32.56536666666667,241.88574999999997,5.793333333333333,0.0955388888888888,1165.0,267.0,9437.0,2024,1,31,4,1,0,winter,27.417033333333332,26.2047,45.99563333333333,38.17951904761905,34.67449611111111
2024-02-01T00:00:00.000+05:30,25.577533333333335,240.36027083333332,4.5176388888888885,0.1244791666666666,336.0,280.0,7241.0,2024,2,1,5,1,0,winter,37.330933333333334,36.4498,27.401766666666667,36.500461904761906,34.613688333333336
2024-02-02T00:00:00.000+05:30,49.00745,240.28889930555556,8.656319444444446,0.1607097222222222,6283.5,2764.0,15205.0,2024,2,2,6,1,0,winter,47.2498,33.0051,25.168466666666667,36.751554761904764,35.408321111111114
2024-02-03T00:00:00.000+05:30,34.7428,240.34072222222224,6.135694444444444,0.1067416666666666,2319.0,4435.0,8452.0,2024,2,3,7,1,1,winter,39.6961,29.00613333333333,38.19753333333333,36.04394047619048,35.29316333333334
2024-02-04T00:00:00.000+05:30,27.13563333333333,240.25520833333337,4.777222222222222,0.0722458333333333,1161.0,252.0,9531.0,2024,2,4,1,1,1,winter,38.46993333333333,30.9833,36.38746666666667,34.42475476190476,34.98476888888889
2024-02-05T00:00:00.000+05:30,41.2076,240.97691666666668,7.2105555555555565,0.1061013888888888,1098.0,7803.0,13717.0,2024,2,5,2,1,0,winter,44.6004,38.7503,30.419733333333333,33.94006904761905,35.34436444444444
2024-02-06T00:00:00.000+05:30,27.825666666666667,238.41371527777775,4.9336111111111105,0.0793472222222222,2114.0,356.0,8428.0,2024,2,6,3,1,0,winter,27.3441,31.3718,28.26356666666667,34.00886428571429,35.329767777777775
2024-02-07T00:00:00.000+05:30,25.305166666666665,241.07054861111112,4.439305555555555,0.0754902777777777,0.0,295.0,8089.0,2024,2,7,4,1,0,winter,32.56536666666667,27.417033333333332,34.05916666666666,32.971692857142855,35.03796777777777
2024-02-08T00:00:00.000+05:30,32.5094,240.43311805555555,5.747222222222222,0.0827041666666666,940.0,1921.0,9563.0,2024,2,8,5,1,0,winter,25.577533333333335,37.330933333333334,29.807333333333336,33.96195952380952,35.12803666666666
2024-02-09T00:00:00.000+05:30,35.03793333333333,241.7645069444445,6.09,0.1003666666666666,2050.0,2838.0,10293.0,2024,2,9,6,1,0,winter,49.00745,47.2498,31.567933333333333,31.96631428571428,35.24370333333333
2024-02-10T00:00:00.000+05:30,36.4119,241.2752013888889,6.396805555555555,0.1053722222222222,2562.0,2955.0,10128.0,2024,2,10,7,1,1,winter,34.7428,39.6961,28.4303,32.20475714285714,35.50975666666667
2024-02-11T00:00:00.000+05:30,28.200266666666668,241.69219444444445,4.931805555555556,0.0710041666666666,1018.0,297.0,8930.0,2024,2,11,1,1,1,winter,27.13563333333333,38.46993333333333,47.8568,32.35684761904762,34.85453888888889
2024-02-12T00:00:00.000+05:30,33.12996666666667,239.5091527777778,5.847083333333333,0.0909347222222222,2009.0,1856.0,12138.0,2024,2,12,2,1,0,winter,41.2076,44.6004,48.10175,31.202899999999996,34.35547944444444
2024-02-13T00:00:00.000+05:30,31.674966666666663,241.20309722222223,5.5801388888888885,0.0892208333333333,2530.0,3615.0,7568.0,2024,2,13,3,1,0,winter,27.825666666666667,27.3441,33.748866666666665,31.752799999999997,34.28634944444445
2024-02-14T00:00:00.000+05:30,26.7437,240.76481944444447,4.68375,0.0789208333333333,1300.0,291.0,9299.0,2024,2,14,4,1,0,winter,25.305166666666665,32.56536666666667,44.781866666666666,31.95830476190476,33.68507722222221
2024-02-15T00:00:00.000+05:30,33.42013333333333,241.89060416666663,5.78125,0.0749666666666666,1109.0,1723.0,13417.0,2024,2,15,5,1,0,winter,32.5094,25.577533333333335,35.59753333333333,32.088409523809524,33.61249722222222
2024-02-16T00:00:00.000+05:30,39.1158,241.08755555555555,6.893888888888889,0.0965236111111111,1076.0,2360.0,11599.0,2024,2,16,6,1,0,winter,35.03793333333333,49.00745,26.2047,32.6709619047619,34.04286722222221
2024-02-17T00:00:00.000+05:30,32.2228,242.46983333333333,5.654444444444445,0.0833861111111111,3182.0,2257.0,6049.0,2024,2,17,7,1,1,winter,36.4119,34.7428,36.4498,32.07251904761905,33.90196722222222
2024-02-18T00:00:00.000+05:30,25.240066666666667,242.06393055555552,4.37625,0.0708138888888888,0.0,251.0,10345.0,2024,2,18,1,1,1,winter,28.200266666666668,27.13563333333333,33.0051,31.649633333333338,33.64313277777778
2024-02-19T00:00:00.000+05:30,35.448600000000006,241.01013194444445,6.219722222222222,0.0955333333333333,1881.0,4711.0,11200.0,2024,2,19,2,1,0,winter,33.12996666666667,41.2076,29.00613333333333,31.980866666666667,33.857881666666664
2024-02-20T00:00:00.000+05:30,37.56316666666667,241.6696875,6.608333333333333,0.1321305555555555,3655.0,5516.0,7704.0,2024,2,20,3,1,0,winter,31.674966666666663,27.825666666666667,30.9833,32.82203809523809,34.07721055555556
2024-02-21T00:00:00.000+05:30,27.230833333333333,240.7503888888889,4.788472222222222,0.0779680555555555,0.0,307.0,8523.0,2024,2,21,4,1,0,winter,26.7437,25.305166666666665,38.7503,32.89162857142857,33.69322833333334
2024-02-22T00:00:00.000+05:30,28.876066666666667,241.43576388888889,5.055277777777778,0.0845055555555555,1167.0,1985.0,10101.0,2024,2,22,5,1,0,winter,33.42013333333333,32.5094,31.3718,32.24247619047619,33.61003722222223
2024-02-23T00:00:00.000+05:30,30.6089,239.6676111111111,5.411527777777778,0.0920166666666666,1684.0,2250.0,10074.0,2024,2,23,6,1,0,winter,39.1158,35.03793333333333,27.417033333333332,31.027204761904763,33.71643277777778
2024-02-24T00:00:00.000+05:30,21.050133333333335,240.37779861111113,3.638888888888889,0.0745361111111111,754.0,332.0,11447.0,2024,2,24,7,1,1,winter,32.2228,36.4119,37.330933333333334,29.43110952380952,33.17373944444444
2024-02-25T00:00:00.000+05:30,8.408133333333334,239.77600694444445,1.4555555555555555,0.0636944444444444,0.0,321.0,1856.0,2024,2,25,1,1,1,winter,25.240066666666667,28.200266666666668,47.2498,27.026547619047623,31.879017222222224
2024-02-26T00:00:00.000+05:30,8.452,239.5333263888889,1.4590277777777778,0.0587430555555555,0.0,295.0,2013.0,2024,2,26,2,1,0,winter,35.448600000000006,33.12996666666667,39.6961,23.16989047619047,30.837547222222224
2024-02-27T00:00:00.000+05:30,9.445333333333334,239.5540208333333,1.6341666666666663,0.0598388888888888,0.0,326.0,2969.0,2024,2,27,3,1,0,winter,37.56316666666667,31.674966666666663,38.46993333333333,19.153057142857143,29.870060555555554
2024-02-28T00:00:00.000+05:30,8.4864,239.80427083333336,1.4669444444444446,0.0578111111111111,0.0,281.0,2028.0,2024,2,28,4,1,0,winter,27.230833333333333,26.7437,44.6004,16.475280952380952,28.666260555555557
2024-02-29T00:00:00.000+05:30,22.222466666666666,238.03849305555556,3.872638888888889,0.0617694444444444,0.0,3773.0,8062.0,2024,2,29,5,1,0,winter,28.876066666666667,33.42013333333333,27.3441,15.524766666666666,28.495539444444447
2024-03-01T00:00:00.000+05:30,19.031266666666667,239.4315138888889,3.277638888888889,0.0730263888888888,0.0,1287.0,2724.0,2024,3,1,6,1,0,spring,30.6089,39.1158,32.56536666666667,13.870819047619047,28.04440277777778
2024-03-02T00:00:00.000+05:30,19.370433333333335,239.74624305555557,3.425,0.1004930555555555,0.0,5244.0,2565.0,2024,3,2,7,1,1,spring,21.050133333333335,32.2228,25.577533333333335,13.630861904761904,27.837499444444443
2024-03-03T00:00:00.000+05:30,17.342499999999998,240.3519861111111,2.9775,0.0793986111111111,0.0,2207.0,1755.0,2024,3,3,1,1,1,spring,8.408133333333334,25.240066666666667,49.00745,14.907200000000001,26.78200111111111
2024-03-04T00:00:00.000+05:30,27.8165,241.02641666666665,4.867638888888889,0.0756652777777777,1249.0,2443.0,9415.0,2024,3,4,2,1,0,spring,8.452,35.448600000000006,34.7428,17.673557142857145,26.551124444444444
2024-03-05T00:00:00.000+05:30,33.95346666666667,241.06524305555556,5.970833333333333,0.0978458333333333,1145.0,9797.0,5529.0,2024,3,5,3,1,0,spring,9.445333333333334,37.56316666666667,27.13563333333333,21.17471904761905,26.778385555555555
2024-03-06T00:00:00.000+05:30,41.72013333333334,240.4292291666667,7.214583333333334,0.0737388888888888,1082.0,372.0,6965.0,2024,3,6,4,1,0,spring,8.4864,27.230833333333333,41.2076,25.92239523809524,26.795470000000005
2024-03-07T00:00:00.000+05:30,31.049266666666664,240.81606944444445,5.441666666666666,0.0898555555555555,1235.0,3471.0,9033.0,2024,3,7,5,1,0,spring,22.222466666666666,28.876066666666667,27.825666666666667,27.183366666666668,26.902923333333334
2024-03-08T00:00:00.000+05:30,37.477666666666664,241.59095138888887,6.588333333333334,0.1646388888888889,6286.0,346.0,8435.0,2024,3,8,6,1,0,spring,19.031266666666667,30.6089,25.305166666666665,29.818566666666666,27.308673333333335
2024-03-09T00:00:00.000+05:30,26.007633333333334,240.74638194444444,4.591111111111111,0.0941486111111111,2607.0,333.0,4155.0,2024,3,9,7,1,1,spring,19.370433333333335,21.050133333333335,32.5094,30.766738095238093,27.091947777777786
2024-03-10T00:00:00.000+05:30,26.9781,241.72734722222225,4.7125,0.0882805555555555,2009.0,368.0,8660.0,2024,3,10,1,1,1,spring,17.342499999999998,8.408133333333334,35.03793333333333,32.14325238095238,26.823286666666675
2024-03-11T00:00:00.000+05:30,36.667366666666666,240.4241527777778,6.466944444444445,0.1049305555555555,1271.0,3901.0,12936.0,2024,3,11,2,1,0,spring,27.8165,8.452,36.4119,33.4076619047619,26.831802222222233
2024-03-12T00:00:00.000+05:30,29.570533333333337,241.05720833333336,5.1722222222222225,0.0959680555555555,1120.0,2374.0,11042.0,2024,3,12,3,1,0,spring,33.95346666666667,9.445333333333334,28.200266666666668,32.781528571428574,26.877477777777788
2024-03-13T00:00:00.000+05:30,27.92523333333333,240.802625,4.941666666666666,0.0892180555555555,3263.0,3590.0,5464.0,2024,3,13,4,1,0,spring,41.72013333333334,8.4864,33.12996666666667,30.81082857142857,26.703986666666673
2024-03-14T00:00:00.000+05:30,36.837,240.6273680555555,6.44625,0.1109361111111111,980.0,3881.0,14476.0,2024,3,14,5,1,0,spring,31.049266666666664,22.222466666666666,31.674966666666663,31.637647619047616,26.87605444444445
2024-03-15T00:00:00.000+05:30,26.271666666666665,240.19799305555551,4.6506944444444445,0.1072305555555555,2550.0,502.0,5910.0,2024,3,15,6,1,0,spring,37.477666666666664,19.031266666666667,26.7437,30.036790476190475,26.86032
2024-03-16T00:00:00.000+05:30,30.032666666666668,241.29466666666667,5.298333333333334,0.1205916666666666,2394.0,566.0,11286.0,2024,3,16,7,1,1,spring,26.007633333333334,19.370433333333335,33.42013333333333,30.611795238095237,26.747404444444445
2024-03-17T00:00:00.000+05:30,28.448633333333337,240.8052291666667,5.006944444444445,0.1217180555555555,236.0,6651.0,9346.0,2024,3,17,1,1,1,spring,26.9781,17.342499999999998,39.1158,30.82187142857143,26.39183222222222
2024-03-18T00:00:00.000+05:30,31.959433333333333,241.9289861111111,5.571944444444445,0.1023888888888888,1156.0,4019.0,12544.0,2024,3,18,2,1,0,spring,36.667366666666666,27.8165,32.2228,30.149309523809524,26.383053333333333
2024-03-19T00:00:00.000+05:30,21.807466666666667,242.40221527777777,3.825555555555556,0.0989569444444444,2110.0,411.0,6154.0,2024,3,19,3,1,0,spring,29.570533333333337,33.95346666666667,25.240066666666667,29.040300000000002,26.26863333333333
2024-03-20T00:00:00.000+05:30,20.8879,241.76258333333337,3.6595833333333334,0.0839263888888888,1107.0,478.0,6670.0,2024,3,20,4,1,0,spring,27.92523333333333,41.72013333333334,35.448600000000006,28.034966666666666,25.78327666666666
2024-03-21T00:00:00.000+05:30,34.4407,241.36990972222225,6.038194444444445,0.1554333333333333,2171.0,4778.0,13275.0,2024,3,21,5,1,0,spring,36.837,31.049266666666664,37.56316666666667,27.692638095238095,25.679194444444434
2024-03-22T00:00:00.000+05:30,34.22526666666667,241.61215277777777,6.020277777777778,0.1289444444444444,3322.0,588.0,12405.0,2024,3,22,6,1,0,spring,26.271666666666665,37.477666666666664,27.230833333333333,28.828866666666666,25.912342222222215
2024-03-23T00:00:00.000+05:30,38.76649999999999,242.65262500000003,6.790555555555556,0.1058652777777777,6279.0,2112.0,13878.0,2024,3,23,7,1,1,spring,30.032666666666668,26.007633333333334,28.876066666666667,30.076557142857148,26.242023333333325
2024-03-24T00:00:00.000+05:30,32.93783333333333,242.7059201388889,5.758611111111111,0.0910527777777777,1131.0,5988.5,7026.0,2024,3,24,1,1,1,spring,28.448633333333337,26.9781,30.6089,30.71787142857143,26.319654444444435
2024-03-25T00:00:00.000+05:30,33.5976,242.1382152777778,5.870555555555556,0.0887722222222222,2246.0,3677.0,13494.0,2024,3,25,2,1,0,spring,31.959433333333333,36.667366666666666,21.050133333333335,30.95189523809524,26.737903333333325
2024-03-26T00:00:00.000+05:30,27.224533333333333,242.8097986111111,4.763055555555556,0.0927763888888889,2547.0,3831.0,7547.0,2024,3,26,3,1,0,spring,21.807466666666667,29.570533333333337,8.408133333333334,31.725761904761903,27.365116666666655
2024-03-27T00:00:00.000+05:30,22.847033333333336,242.0955416666667,3.9608333333333334,0.0808611111111111,0.0,356.0,9022.0,2024,3,27,4,1,0,spring,20.8879,27.92523333333333,8.452,32.0056380952381,27.844951111111108
2024-03-28T00:00:00.000+05:30,31.423733333333335,242.32334027777776,5.479027777777778,0.0955833333333333,2325.0,3605.0,11581.0,2024,3,28,5,1,0,spring,34.4407,36.837,9.445333333333334,31.57464285714286,28.577564444444437
2024-03-29T00:00:00.000+05:30,41.185833333333335,241.2535486111111,7.209305555555555,0.121575,5153.0,375.0,17240.0,2024,3,29,6,1,0,spring,34.22526666666667,26.271666666666665,8.4864,32.56900952380953,29.66754555555555
2024-03-30T00:00:00.000+05:30,35.773199999999996,241.16375694444443,6.2775,0.1222013888888888,5045.0,1315.0,9769.0,2024,3,30,7,1,1,spring,38.76649999999999,30.032666666666668,22.222466666666666,32.141395238095235,30.119236666666662
2024-03-31T00:00:00.000+05:30,22.9595,242.72704166666668,4.005972222222223,0.090875,1091.0,411.0,9387.0,2024,3,31,1,1,1,spring,32.93783333333333,28.448633333333337,19.031266666666667,30.715919047619046,30.25017777777777
2024-04-01T00:00:00.000+05:30,35.4842,241.61580555555557,6.202500000000001,0.1183305555555555,1079.0,6657.0,14515.0,2024,4,1,2,2,0,spring,33.5976,31.959433333333333,19.370433333333335,30.985433333333333,30.787303333333327
2024-04-02T00:00:00.000+05:30,28.194533333333332,238.66715972222224,5.007638888888889,0.0989861111111111,1106.0,3674.0,7989.0,2024,4,2,3,2,0,spring,27.224533333333333,21.807466666666667,17.342499999999998,31.12400476190476,31.14903777777777
2024-04-03T00:00:00.000+05:30,18.8126,240.69424305555555,3.2808333333333333,0.0841916666666666,0.0,422.0,6901.0,2024,4,3,4,2,0,spring,22.847033333333336,20.8879,27.8165,30.54765714285714,30.84890777777777
2024-04-04T00:00:00.000+05:30,27.19863333333333,241.3310555555555,4.726388888888889,0.0870180555555555,2133.0,775.0,13246.0,2024,4,4,5,2,0,spring,31.423733333333335,34.4407,33.95346666666667,29.94407142857143,30.623746666666655
2024-04-05T00:00:00.000+05:30,32.84603333333333,240.55802777777777,5.784861111111112,0.1414472222222222,2929.0,874.0,13644.0,2024,4,5,6,2,0,spring,41.185833333333335,34.22526666666667,41.72013333333334,28.75267142857143,30.327943333333327
2024-04-06T00:00:00.000+05:30,28.271966666666668,241.14960416666665,4.946388888888889,0.1045638888888888,1124.0,2615.0,7552.0,2024,4,6,7,2,1,spring,35.773199999999996,38.76649999999999,31.049266666666664,27.681066666666663,30.23536666666666
2024-04-07T00:00:00.000+05:30,25.6473,243.2283263888889,4.484166666666667,0.0981111111111111,2420.0,672.0,9466.0,2024,4,7,1,2,1,spring,22.9595,32.93783333333333,37.477666666666664,28.065038095238094,29.841021111111104
2024-04-08T00:00:00.000+05:30,44.29193333333333,242.06658333333337,7.6994444444444445,0.1278999999999999,2752.0,10713.0,17519.0,2024,4,8,2,2,0,spring,35.4842,33.5976,26.007633333333334,29.32328571428571,30.450497777777777
2024-04-09T00:00:00.000+05:30,20.314200000000003,242.31770833333337,3.5229166666666667,0.0922666666666666,0.0,376.0,9003.0,2024,4,9,3,2,0,spring,28.194533333333332,27.224533333333333,26.9781,28.19752380952381,30.228367777777773
2024-04-10T00:00:00.000+05:30,24.6291,241.94904861111112,4.305416666666667,0.1136666666666666,3261.0,457.0,6527.0,2024,4,10,4,2,0,spring,18.8126,22.847033333333336,36.667366666666666,29.02845238095238,29.827092222222223
2024-04-11T00:00:00.000+05:30,31.2944,240.758375,5.452638888888889,0.0999236111111111,1802.0,491.0,14522.0,2024,4,11,5,2,0,spring,27.19863333333333,31.423733333333335,29.570533333333337,29.6135619047619,29.884554444444447
2024-04-12T00:00:00.000+05:30,46.666900000000005,241.0631736111111,8.218194444444444,0.2724111111111111,7076.0,2499.0,15225.0,2024,4,12,6,2,0,spring,32.84603333333333,41.185833333333335,27.92523333333333,31.58797142857143,30.50927666666667
2024-04-13T00:00:00.000+05:30,37.216433333333335,240.4233263888889,6.551805555555556,0.1482736111111111,2554.0,5942.0,13007.0,2024,4,13,7,2,1,spring,28.271966666666668,35.773199999999996,36.837,32.86575238095238,30.521924444444448
2024-04-14T00:00:00.000+05:30,26.493033333333333,242.3140555555555,4.604305555555555,0.1076097222222222,0.0,425.0,11197.0,2024,4,14,1,2,1,spring,25.6473,22.9595,26.271666666666665,32.98657142857142,30.529303333333335
2024-04-15T00:00:00.000+05:30,27.8401,241.23874305555557,4.909583333333334,0.1241541666666666,1174.0,3998.0,9874.0,2024,4,15,2,2,0,spring,44.29193333333333,35.4842,30.032666666666668,30.636309523809526,30.45621777777778
2024-04-16T00:00:00.000+05:30,24.817733333333333,241.7443888888889,4.316111111111111,0.0874333333333333,838.0,403.0,11322.0,2024,4,16,3,2,0,spring,20.314200000000003,28.194533333333332,28.448633333333337,31.27967142857143,30.33518777777778
2024-04-17T00:00:00.000+05:30,23.264366666666668,241.40359722222223,4.104305555555555,0.1013041666666666,1719.0,417.0,8638.0,2024,4,17,4,2,0,spring,24.6291,18.8126,31.959433333333333,31.084709523809526,30.04535222222222
2024-04-18T00:00:00.000+05:30,31.039833333333338,240.6415763888889,5.457638888888889,0.1282263888888888,2174.0,3832.0,10921.0,2024,4,18,5,2,0,spring,31.2944,27.19863333333333,21.807466666666667,31.04834285714286,30.35309777777778
2024-04-19T00:00:00.000+05:30,37.56183333333333,241.14318055555557,6.636111111111111,0.1703361111111111,4319.0,2457.0,14722.0,2024,4,19,6,2,0,spring,46.666900000000005,32.84603333333333,20.8879,29.74761904761905,30.908895555555553
2024-04-20T00:00:00.000+05:30,29.856966666666665,241.432875,5.260555555555555,0.1582319444444444,1030.0,4544.0,10401.0,2024,4,20,7,2,1,spring,37.216433333333335,28.271966666666668,34.4407,28.69626666666667,30.75610444444444
2024-04-21T00:00:00.000+05:30,19.4026,241.99249305555557,3.404166666666667,0.1218055555555555,0.0,2673.0,6788.0,2024,4,21,1,2,1,spring,26.493033333333333,25.6473,34.22526666666667,27.68334761904762,30.262015555555553
2024-04-22T00:00:00.000+05:30,27.12793333333333,240.95971527777775,4.7725,0.1341319444444444,971.0,5093.0,10603.0,2024,4,22,2,2,0,spring,27.8401,44.29193333333333,38.76649999999999,27.581609523809522,29.874063333333332
2024-04-23T00:00:00.000+05:30,22.622133333333338,241.51134027777775,3.9675,0.1315986111111111,1380.0,492.0,8406.0,2024,4,23,3,2,0,spring,24.817733333333333,20.314200000000003,32.93783333333333,27.267952380952384,29.530206666666665
2024-04-24T00:00:00.000+05:30,17.3962,240.60532638888887,3.0580555555555557,0.1193916666666666,1263.0,522.0,5296.0,2024,4,24,4,2,0,spring,23.264366666666668,24.6291,33.5976,26.42964285714286,28.990160000000003
2024-04-25T00:00:00.000+05:30,21.1289,241.00715277777775,3.7,0.1126555555555555,824.0,2004.0,9400.0,2024,4,25,5,2,0,spring,31.039833333333338,31.2944,27.224533333333333,25.013795238095238,28.78697222222222
2024-04-26T00:00:00.000+05:30,15.052766666666669,240.79256249999997,2.634027777777778,0.11715,0.0,634.0,3586.0,2024,4,26,6,2,0,spring,37.56183333333333,46.666900000000005,22.847033333333336,21.798214285714288,28.527163333333338
2024-04-27T00:00:00.000+05:30,16.804,240.90728472222224,2.96375,0.1375819444444444,693.0,588.0,5488.0,2024,4,27,7,2,1,spring,29.856966666666665,37.216433333333335,31.423733333333335,19.933504761904764,28.03983888888889
2024-04-28T00:00:00.000+05:30,10.9842,240.97845833333332,1.9506944444444445,0.1160541666666666,0.0,621.0,2786.0,2024,4,28,1,2,1,spring,19.4026,26.493033333333333,41.185833333333335,18.730876190476188,27.033117777777775
2024-04-29T00:00:00.000+05:30,32.876933333333334,240.70690277777777,5.770694444444444,0.1495527777777777,1402.0,5411.0,10481.0,2024,4,29,2,2,0,spring,27.12793333333333,27.8401,35.773199999999996,19.552161904761906,26.93657555555556
2024-04-30T00:00:00.000+05:30,18.3621,241.43364583333337,3.218611111111111,0.1191361111111111,1057.0,590.0,6653.0,2024,4,30,3,2,0,spring,22.622133333333338,24.817733333333333,22.9595,18.943585714285714,26.78332888888889
2024-05-01T00:00:00.000+05:30,9.600233333333334,241.4462638888889,1.7023611111111112,0.1046499999999999,0.0,530.0,2586.0,2024,5,1,4,2,0,spring,17.3962,23.264366666666668,35.4842,17.82987619047619,25.920530000000003
2024-05-02T00:00:00.000+05:30,24.9628,241.6489444444444,4.377777777777778,0.1427555555555555,3114.0,584.0,8687.0,2024,5,2,5,2,0,spring,21.1289,31.039833333333338,28.194533333333332,18.37757619047619,25.812805555555556
2024-05-03T00:00:00.000+05:30,21.493333333333332,240.8336875,3.8009722222222218,0.1402805555555555,996.0,541.0,6535.0,2024,5,3,6,2,0,spring,15.052766666666669,37.56183333333333,18.8126,19.29765714285714,25.90216333333333
2024-05-04T00:00:00.000+05:30,24.516166666666667,241.38047916666667,4.3625,0.1454319444444444,2196.0,2872.0,5464.0,2024,5,4,7,2,1,spring,16.804,29.856966666666665,27.19863333333333,20.39939523809524,25.81274777777778
2024-05-05T00:00:00.000+05:30,22.7822,240.73685416666663,3.997777777777778,0.1289930555555555,1008.0,378.0,10197.0,2024,5,5,1,2,1,spring,10.9842,19.4026,32.84603333333333,22.084823809523808,25.477286666666668
2024-05-06T00:00:00.000+05:30,29.833,240.29031944444444,5.245972222222222,0.1386083333333333,1354.0,5410.0,12200.0,2024,5,6,2,2,0,spring,32.876933333333334,27.12793333333333,28.271966666666668,21.64997619047619,25.529321111111113
2024-05-07T00:00:00.000+05:30,19.6044,241.0812638888889,3.4575,0.1326083333333333,1030.0,423.0,6649.0,2024,5,7,3,2,0,spring,18.3621,22.622133333333338,25.6473,21.82744761904762,25.32789111111111
2024-05-08T00:00:00.000+05:30,35.278299999999994,239.85129166666667,6.178472222222222,0.1758638888888888,3667.0,702.0,12717.0,2024,5,8,4,2,0,spring,9.600233333333334,17.3962,44.29193333333333,25.495742857142858,25.027436666666663
2024-05-09T00:00:00.000+05:30,29.1212,240.47122222222225,5.136111111111111,0.1596347222222222,2229.0,423.0,11904.0,2024,5,9,5,2,0,spring,24.9628,21.1289,20.314200000000003,26.0898,25.321003333333337
2024-05-10T00:00:00.000+05:30,31.8188,240.08622916666667,5.636388888888889,0.2012597222222222,6950.0,612.0,11714.0,2024,5,10,6,2,0,spring,21.493333333333332,15.052766666666669,24.6291,27.564866666666667,25.56066
2024-05-11T00:00:00.000+05:30,26.848666666666663,240.48559722222225,4.804166666666666,0.1914597222222222,563.0,1340.0,6930.0,2024,5,11,7,2,1,spring,24.516166666666667,16.804,31.2944,27.898080952380955,25.41246888888889
2024-05-12T00:00:00.000+05:30,25.4034,241.041625,4.519444444444445,0.159125,2082.0,1085.0,11959.0,2024,5,12,1,2,1,spring,22.7822,10.9842,46.666900000000005,28.272538095238097,24.70368555555556
2024-05-13T00:00:00.000+05:30,24.6149,240.3740625,4.391805555555555,0.1642138888888888,823.0,4089.0,8370.0,2024,5,13,2,2,0,spring,29.833,32.876933333333334,37.216433333333335,27.527095238095235,24.28363444444445
2024-05-14T00:00:00.000+05:30,26.404366666666665,240.7085138888889,4.713333333333333,0.1926208333333333,2467.0,3436.0,9716.0,2024,5,14,3,2,0,spring,19.6044,18.3621,26.493033333333333,28.498519047619048,24.28067888888889
2024-05-15T00:00:00.000+05:30,19.379466666666666,240.35039583333335,3.5220833333333337,0.1650861111111111,868.0,570.0,6820.0,2024,5,15,4,2,0,spring,35.278299999999994,9.600233333333334,27.8401,26.227257142857145,23.99865777777778
2024-05-16T00:00:00.000+05:30,27.5174,239.61642361111112,4.924444444444444,0.1635611111111111,2228.0,2568.0,8957.0,2024,5,16,5,2,0,spring,29.1212,24.9628,24.817733333333333,25.99814285714286,24.088646666666666
2024-05-17T00:00:00.000+05:30,27.624233333333333,239.4728611111111,4.951527777777778,0.1915944444444444,2158.0,935.0,12472.0,2024,5,17,6,2,0,spring,31.8188,21.493333333333332,23.264366666666668,25.398919047619046,24.233975555555556
2024-05-18T00:00:00.000+05:30,30.065966666666668,239.6826875,5.4094444444444445,0.1767305555555555,1775.0,5355.0,8626.0,2024,5,18,7,2,1,spring,26.848666666666663,24.516166666666667,31.039833333333338,25.85853333333333,24.201513333333327
2024-05-19T00:00:00.000+05:30,17.171033333333334,240.431875,3.0694444444444446,0.1220388888888888,1014.0,558.0,7503.0,2024,5,19,1,2,1,spring,25.4034,22.7822,37.56183333333333,24.682480952380953,23.521819999999995
2024-05-20T00:00:00.000+05:30,26.355566666666668,241.01960416666665,4.682222222222222,0.1278347222222222,1352.0,2431.0,11977.0,2024,5,20,2,2,0,spring,24.6149,29.833,29.856966666666665,24.931147619047618,23.40510666666666
2024-05-21T00:00:00.000+05:30,22.068533333333335,240.7605138888889,3.9166666666666665,0.1321708333333333,1989.0,474.0,9251.0,2024,5,21,3,2,0,spring,26.404366666666665,19.6044,19.4026,24.31174285714286,23.493971111111104
2024-05-22T00:00:00.000+05:30,16.281133333333333,239.50019444444447,2.9559722222222224,0.1179277777777777,996.0,440.0,6475.0,2024,5,22,4,2,0,spring,19.379466666666666,35.278299999999994,27.12793333333333,23.869123809523813,23.132411111111104
2024-05-23T00:00:00.000+05:30,24.7486,239.49885416666663,4.358611111111111,0.1242763888888889,0.0,1390.0,14734.0,2024,5,23,5,2,0,spring,27.5174,29.1212,22.622133333333338,23.473580952380956,23.203293333333324
2024-05-24T00:00:00.000+05:30,26.336266666666667,240.72490277777777,4.669027777777777,0.1982986111111111,1027.0,569.0,12833.0,2024,5,24,6,2,0,spring,27.624233333333333,31.8188,17.3962,23.289585714285714,23.501295555555547
2024-05-25T00:00:00.000+05:30,34.141733333333335,239.94564583333332,6.136527777777778,0.2016777777777778,4307.0,8811.0,6016.0,2024,5,25,7,2,1,spring,30.065966666666668,26.848666666666663,21.1289,23.871838095238097,23.935056666666657
2024-05-26T00:00:00.000+05:30,21.495166666666663,240.36368750000003,3.9297222222222223,0.1532625,985.0,666.0,9284.0,2024,5,26,1,2,1,spring,17.171033333333334,25.4034,15.052766666666669,24.489571428571423,24.149803333333328
2024-05-27T00:00:00.000+05:30,28.478333333333335,239.39086805555553,5.1073611111111115,0.1440736111111111,0.0,5352.0,11478.0,2024,5,27,2,2,0,spring,26.355566666666668,24.6149,16.804,24.792823809523806,24.538947777777775
2024-05-28T00:00:00.000+05:30,18.572866666666663,241.32269444444444,3.3505555555555557,0.1636416666666666,3138.0,512.0,6709.0,2024,5,28,3,2,0,spring,22.068533333333335,26.404366666666665,10.9842,24.293442857142857,24.79190333333333
2024-05-29T00:00:00.000+05:30,18.917933333333337,237.67515972222225,3.4756944444444446,0.1297444444444444,1004.0,507.0,8703.0,2024,5,29,4,2,0,spring,16.281133333333333,19.379466666666666,32.876933333333334,24.67012857142857,24.32660333333333
2024-05-30T00:00:00.000+05:30,23.2874,240.5536944444445,4.202916666666667,0.1265402777777777,0.0,3019.0,11298.0,2024,5,30,5,2,0,spring,24.7486,27.5174,18.3621,24.46138571428571,24.490780000000008
2024-05-31T00:00:00.000+05:30,27.357833333333335,240.65420138888888,4.923055555555555,0.1735583333333333,1764.0,2328.0,11858.0,2024,5,31,6,2,0,spring,26.336266666666667,27.624233333333333,9.600233333333334,24.60732380952381,25.082700000000006
2024-06-01T00:00:00.000+05:30,30.8146,240.62318055555556,5.423194444444444,0.1564861111111111,1906.0,545.0,11307.0,2024,6,1,7,2,1,summer,34.141733333333335,30.065966666666668,24.9628,24.132019047619053,25.277760000000008
2024-06-02T00:00:00.000+05:30,17.900199999999998,236.369875,3.218055555555555,0.1146930555555555,960.0,558.0,6341.0,2024,6,2,1,2,1,summer,21.495166666666663,17.171033333333334,21.493333333333332,23.61845238095238,25.157988888888898
2024-06-03T00:00:00.000+05:30,26.630266666666667,234.15220833333333,4.844166666666667,0.1207902777777777,2897.0,2608.0,9265.0,2024,6,3,2,2,0,summer,28.478333333333335,26.355566666666668,24.516166666666667,23.354442857142857,25.228458888888902
2024-06-04T00:00:00.000+05:30,26.48186666666667,234.70647222222223,4.8277777777777775,0.1058361111111111,1550.0,7682.0,6508.0,2024,6,4,3,2,0,summer,18.572866666666663,22.068533333333335,22.7822,24.484299999999998,25.35178111111112
2024-06-05T00:00:00.000+05:30,18.667966666666665,235.16382638888888,3.3976388888888893,0.1063236111111111,1747.0,506.0,8781.0,2024,6,5,4,2,0,summer,18.917933333333337,16.281133333333333,29.833,24.44859047619048,24.97961333333334
2024-06-06T00:00:00.000+05:30,20.295233333333332,239.7169375,3.6720833333333336,0.1211944444444444,1009.0,506.0,7871.0,2024,6,6,5,2,0,summer,23.2874,24.7486,19.6044,24.021138095238094,25.00264111111112
2024-06-07T00:00:00.000+05:30,31.37473333333333,238.9844444444444,5.531944444444444,0.1294541666666666,2379.0,2611.0,14593.0,2024,6,7,6,2,0,summer,27.357833333333335,26.336266666666667,35.278299999999994,24.59498095238095,24.87252222222223
2024-06-08T00:00:00.000+05:30,25.705366666666663,239.9649375,4.596111111111111,0.1308222222222222,2536.0,3161.0,9732.0,2024,6,8,7,2,1,summer,30.8146,34.141733333333335,29.1212,23.865090476190478,24.758661111111117
2024-06-09T00:00:00.000+05:30,22.094966666666668,239.43468055555556,4.039722222222222,0.1275277777777777,1967.0,2085.0,7921.0,2024,6,9,1,2,1,summer,17.900199999999998,21.495166666666663,31.8188,24.464342857142857,24.434533333333334
2024-06-10T00:00:00.000+05:30,17.78483333333333,239.97804861111112,3.204861111111111,0.1500125,907.0,585.0,8992.0,2024,6,10,2,2,0,summer,26.630266666666667,28.478333333333335,26.848666666666663,23.20070952380952,24.13240555555556
2024-06-11T00:00:00.000+05:30,18.7201,240.1544722222222,3.388472222222222,0.1488694444444444,977.0,842.0,7566.0,2024,6,11,3,2,0,summer,26.48186666666667,18.572866666666663,25.4034,22.091885714285713,23.90962888888889
2024-06-12T00:00:00.000+05:30,20.98886666666667,239.69002083333336,3.799305555555556,0.1314527777777777,1951.0,567.0,7246.0,2024,6,12,4,2,0,summer,18.667966666666665,18.917933333333337,24.6149,22.423442857142856,23.788761111111114
2024-06-13T00:00:00.000+05:30,31.24996666666667,238.88891666666663,5.604166666666667,0.1957909722222222,2809.0,7358.5,10531.5,2024,6,13,5,2,0,summer,20.295233333333332,23.2874,26.404366666666665,23.988404761904764,23.950281111111117
2024-06-14T00:00:00.000+05:30,23.082,240.01449305555556,4.207777777777777,0.2390833333333333,1862.0,1011.0,10681.0,2024,6,14,6,2,0,summer,31.37473333333333,27.357833333333335,19.379466666666666,22.803728571428568,24.07369888888889
2024-06-15T00:00:00.000+05:30,38.1517,239.45372916666668,6.773611111111111,0.1951430555555555,6471.0,6802.0,11589.0,2024,6,15,7,2,1,summer,25.705366666666663,30.8146,27.5174,24.581776190476194,24.42817555555556
2024-06-16T00:00:00.000+05:30,21.7174,240.43346527777777,3.9047222222222224,0.1419319444444444,1980.0,464.0,10012.0,2024,6,16,1,2,1,summer,22.094966666666668,17.900199999999998,27.624233333333333,24.527838095238092,24.231281111111112
2024-06-17T00:00:00.000+05:30,19.084733333333336,240.35443055555555,3.4345833333333333,0.12185,1080.0,432.0,10094.0,2024,6,17,2,2,0,summer,17.78483333333333,26.630266666666667,30.065966666666668,24.713538095238096,23.865240000000004
2024-06-18T00:00:00.000+05:30,31.560133333333333,239.73986805555555,5.711388888888889,0.1893916666666666,7549.0,3040.0,12687.0,2024,6,18,3,2,0,summer,18.7201,26.48186666666667,17.171033333333334,26.54782857142857,24.344876666666664
2024-06-19T00:00:00.000+05:30,26.46803333333333,239.2726875,4.737916666666667,0.1315402777777777,3411.0,1514.0,10911.0,2024,6,19,4,2,0,summer,20.98886666666667,18.667966666666665,26.355566666666668,27.330566666666666,24.34862555555555
2024-06-20T00:00:00.000+05:30,27.935066666666668,239.9391875,5.008194444444444,0.1579305555555555,2948.0,2935.0,12417.0,2024,6,20,5,2,0,summer,31.24996666666667,20.295233333333332,22.068533333333335,26.857009523809523,24.54417666666666
2024-06-21T00:00:00.000+05:30,28.90423333333333,239.46340972222225,5.134166666666666,0.1659916666666666,940.0,5823.0,12828.0,2024,6,21,6,2,0,summer,23.082,31.37473333333333,16.281133333333333,27.688757142857146,24.964946666666666
2024-06-22T00:00:00.000+05:30,26.106933333333338,239.04411805555557,4.674027777777778,0.2042666666666666,4705.0,1175.0,10652.0,2024,6,22,7,2,1,summer,38.1517,25.705366666666663,24.7486,25.96807619047619,25.010224444444443
2024-06-23T00:00:00.000+05:30,20.863266666666668,238.93765277777777,3.791944444444444,0.1464972222222222,2600.0,581.0,10124.0,2024,6,23,1,2,1,summer,21.7174,22.094966666666668,26.336266666666667,25.846057142857145,24.827791111111107
2024-06-24T00:00:00.000+05:30,29.240866666666665,237.91538888888888,5.262222222222222,0.1757097222222222,2779.0,3489.0,14271.0,2024,6,24,2,2,0,summer,19.084733333333336,17.78483333333333,34.141733333333335,27.296933333333335,24.66442888888889
2024-06-25T00:00:00.000+05:30,21.0295,238.89490277777776,3.9109722222222225,0.2018236111111111,2773.0,569.0,9402.0,2024,6,25,3,2,0,summer,31.560133333333333,18.7201,21.495166666666663,25.792557142857145,24.648906666666665
2024-06-26T00:00:00.000+05:30,17.60033333333333,239.3514027777778,3.2111111111111112,0.1509819444444444,921.0,572.0,8971.0,2024,6,26,4,2,0,summer,26.46803333333333,20.98886666666667,28.478333333333335,24.525742857142863,24.286306666666665
2024-06-27T00:00:00.000+05:30,29.252533333333336,238.9349861111111,5.236666666666666,0.18195,4159.0,2372.0,10163.0,2024,6,27,5,2,0,summer,27.935066666666668,31.24996666666667,18.572866666666663,24.71395238095238,24.642295555555556
2024-06-28T00:00:00.000+05:30,20.146666666666665,239.14238194444445,3.6859722222222224,0.1464958333333333,0.0,2000.0,7932.0,2024,6,28,6,2,0,summer,28.90423333333333,23.082,18.917933333333337,23.46287142857143,24.68325333333333
2024-06-29T00:00:00.000+05:30,12.4892,240.16064583333335,2.3311111111111114,0.1275444444444444,955.0,535.0,3896.0,2024,6,29,7,2,1,summer,26.106933333333338,38.1517,23.2874,21.517480952380957,24.323313333333328
2024-06-30T00:00:00.000+05:30,13.403266666666669,240.3761180555555,2.4791666666666665,0.1316152777777778,0.0,521.0,6819.0,2024,6,30,1,2,1,summer,20.863266666666668,21.7174,27.357833333333335,20.451766666666664,23.85816111111111
2024-07-01T00:00:00.000+05:30,20.254,239.5402916666667,3.74,0.1929083333333333,3465.0,587.0,8390.0,2024,7,1,2,3,0,summer,29.240866666666665,19.084733333333336,30.8146,19.167928571428572,23.506141111111106
2024-07-02T00:00:00.000+05:30,19.120033333333332,238.96197916666668,3.569583333333333,0.1850958333333333,962.0,650.0,7002.0,2024,7,2,3,3,0,summer,21.0295,31.560133333333333,17.900199999999998,18.895147619047616,23.54680222222222
2024-07-03T00:00:00.000+05:30,18.305999999999997,239.63549305555551,3.3431944444444444,0.1484361111111111,958.0,2569.0,7410.0,2024,7,3,4,3,0,summer,17.60033333333333,26.46803333333333,26.630266666666667,18.995957142857144,23.269326666666668
2024-07-04T00:00:00.000+05:30,15.700333333333331,240.1796527777778,2.8283333333333336,0.1306472222222222,0.0,589.0,8302.0,2024,7,4,5,3,0,summer,29.252533333333336,27.935066666666668,26.48186666666667,17.059928571428568,22.909942222222224
2024-07-05T00:00:00.000+05:30,24.4848,239.56477083333337,4.386527777777778,0.1560972222222222,1875.0,6754.0,8365.0,2024,7,5,6,3,0,summer,20.146666666666665,28.90423333333333,18.667966666666665,17.679661904761904,23.103836666666666
2024-07-06T00:00:00.000+05:30,30.0844,240.59022916666663,5.359444444444445,0.1760986111111111,4258.0,5230.0,7536.0,2024,7,6,7,3,1,summer,12.4892,26.106933333333338,20.295233333333332,20.193261904761904,23.430142222222223
2024-07-07T00:00:00.000+05:30,16.389833333333332,239.63371527777775,2.968611111111111,0.1408402777777777,2171.0,592.0,7149.0,2024,7,7,1,3,1,summer,13.403266666666669,20.863266666666668,31.37473333333333,20.619914285714284,22.930645555555554
2024-07-08T00:00:00.000+05:30,18.770233333333337,239.700625,3.371388888888889,0.1363319444444444,991.0,503.0,7592.0,2024,7,8,2,3,0,summer,20.254,29.240866666666665,25.705366666666663,20.407947619047622,22.69947444444444
2024-07-09T00:00:00.000+05:30,15.321966666666668,240.3295763888889,2.7752777777777777,0.1331416666666666,951.0,499.0,7352.0,2024,7,9,3,3,0,summer,19.120033333333332,21.0295,22.094966666666668,19.865366666666667,22.47370777777777
2024-07-10T00:00:00.000+05:30,20.8546,239.86775694444444,3.7434722222222225,0.1668347222222222,982.0,552.0,8186.0,2024,7,10,4,3,0,summer,18.305999999999997,17.60033333333333,17.78483333333333,20.22945238095238,22.576033333333328
2024-07-11T00:00:00.000+05:30,20.903599999999997,239.5169097222222,3.782222222222222,0.1743305555555555,724.0,558.0,9251.0,2024,7,11,5,3,0,summer,15.700333333333331,29.252533333333336,18.7201,20.972776190476193,22.64881666666666
2024-07-12T00:00:00.000+05:30,22.147533333333335,240.05927777777777,4.050416666666667,0.1848083333333333,4436.0,2617.0,7231.0,2024,7,12,6,3,0,summer,24.4848,20.146666666666665,20.98886666666667,20.638880952380955,22.68743888888888
2024-07-13T00:00:00.000+05:30,20.910566666666668,240.2902638888889,3.7665277777777777,0.1159583333333333,1671.0,3164.0,7056.0,2024,7,13,7,3,1,summer,30.0844,12.4892,31.24996666666667,19.328333333333337,22.342792222222215
2024-07-14T00:00:00.000+05:30,18.965433333333333,240.4941875,3.431666666666667,0.1456027777777777,2564.0,1995.0,6436.0,2024,7,14,1,3,1,summer,16.389833333333332,13.403266666666669,23.082,19.696276190476194,22.20557333333333
2024-07-15T00:00:00.000+05:30,19.264333333333333,239.78144444444447,3.435694444444444,0.1325944444444444,968.0,552.0,8585.0,2024,7,15,2,3,0,summer,18.770233333333337,20.254,38.1517,19.766861904761903,21.575994444444444
2024-07-16T00:00:00.000+05:30,17.95103333333333,240.5933819444444,3.2368055555555557,0.1433763888888888,1537.0,2799.0,4978.0,2024,7,16,3,3,0,summer,15.321966666666668,19.120033333333332,21.7174,20.14244285714286,21.45044888888889
2024-07-17T00:00:00.000+05:30,21.985366666666668,239.91703472222224,4.026666666666666,0.1663236111111111,1122.0,723.0,8280.0,2024,7,17,4,3,0,summer,20.8546,18.305999999999997,19.084733333333336,20.30398095238095,21.547136666666667
2024-07-18T00:00:00.000+05:30,21.0264,239.5771875,3.736944444444444,0.1358375,1143.0,552.0,9260.0,2024,7,18,5,3,0,summer,20.903599999999997,15.700333333333331,31.560133333333333,20.321523809523807,21.196012222222222
2024-07-19T00:00:00.000+05:30,22.400233333333333,239.15111805555551,4.019722222222222,0.1444652777777778,2941.0,3146.0,7676.0,2024,7,19,6,3,0,summer,22.147533333333335,24.4848,26.46803333333333,20.35762380952381,21.06041888888889
2024-07-20T00:00:00.000+05:30,15.692233333333332,239.77769444444445,2.836388888888889,0.1198444444444444,1943.0,1076.0,5457.0,2024,7,20,7,3,1,summer,20.910566666666668,30.0844,27.935066666666668,19.612147619047615,20.652324444444446
2024-07-21T00:00:00.000+05:30,19.274633333333338,239.10169444444443,3.482083333333333,0.1197569444444444,1698.0,431.0,9189.0,2024,7,21,1,3,1,summer,18.965433333333333,16.389833333333332,28.90423333333333,19.656319047619046,20.33133777777778
2024-07-22T00:00:00.000+05:30,12.337366666666666,239.67030555555556,2.272638888888889,0.1118944444444444,0.0,430.0,4886.0,2024,7,22,2,3,0,summer,19.264333333333333,18.770233333333337,26.106933333333338,18.66675238095238,19.872352222222222
2024-07-23T00:00:00.000+05:30,15.7105,240.0961180555555,2.8494444444444444,0.1127722222222222,1233.0,454.0,6325.0,2024,7,23,3,3,0,summer,17.95103333333333,15.321966666666668,20.863266666666668,18.34667619047619,19.700593333333337
2024-07-24T00:00:00.000+05:30,18.22416666666667,239.8837638888889,3.2215277777777778,0.1290847222222222,837.0,476.0,8344.0,2024,7,24,4,3,0,summer,21.985366666666668,20.8546,29.240866666666665,17.809361904761907,19.333370000000002
2024-07-25T00:00:00.000+05:30,14.425566666666668,239.0572152777778,2.618333333333333,0.1268847222222222,1168.0,492.0,6731.0,2024,7,25,5,3,0,summer,21.0264,20.903599999999997,21.0295,16.866385714285716,19.113238888888887
2024-07-26T00:00:00.000+05:30,13.594733333333332,240.02869444444443,2.4944444444444445,0.1481375,0.0,948.0,6243.0,2024,7,26,6,3,0,summer,22.400233333333333,22.147533333333335,17.60033333333333,15.608457142857144,18.97971888888889
2024-07-27T00:00:00.000+05:30,19.123266666666662,238.4711597222222,3.5125,0.1619013888888889,1063.0,858.0,8385.0,2024,7,27,7,3,1,summer,15.692233333333332,20.910566666666668,29.252533333333336,16.098604761904763,18.642076666666664
2024-07-28T00:00:00.000+05:30,13.7634,239.99369444444443,2.5743055555555556,0.1378569444444444,0.0,509.0,5963.0,2024,7,28,1,3,1,summer,19.274633333333338,18.965433333333333,20.146666666666665,15.311285714285715,18.429301111111112
2024-07-29T00:00:00.000+05:30,19.442633333333333,240.2488819444445,3.6408333333333336,0.1447111111111111,1571.0,530.0,5802.0,2024,7,29,2,3,0,summer,12.337366666666666,19.264333333333333,12.4892,16.32632380952381,18.661082222222227
2024-07-30T00:00:00.000+05:30,21.665133333333333,239.08559027777775,4.065138888888889,0.1580111111111111,2548.0,773.0,6278.0,2024,7,30,3,3,0,summer,15.7105,17.95103333333333,13.403266666666669,17.176985714285713,18.93647777777778
2024-07-31T00:00:00.000+05:30,23.21063333333333,240.09567361111112,4.231805555555556,0.1690805555555555,1533.0,2808.0,7588.0,2024,7,31,4,3,0,summer,18.22416666666667,21.985366666666668,20.254,17.889338095238095,19.035032222222227
2024-08-01T00:00:00.000+05:30,12.326266666666667,239.8054375,2.3279166666666664,0.1754888888888889,586.0,1150.0,5091.0,2024,8,1,5,3,0,summer,14.425566666666668,21.0264,19.120033333333332,17.589438095238094,18.80857333333334
2024-08-02T00:00:00.000+05:30,8.4296,239.12872916666663,1.5879166666666666,0.1238152777777777,0.0,504.0,3803.0,2024,8,2,6,3,0,summer,13.594733333333332,22.400233333333333,18.305999999999997,16.851561904761905,18.479360000000003
2024-08-03T00:00:00.000+05:30,8.413033333333333,237.0544375,1.5766666666666669,0.1153138888888888,0.0,499.0,3926.0,2024,8,3,7,3,1,summer,19.123266666666662,15.692233333333332,15.700333333333331,15.321528571428573,18.236450000000005
2024-08-04T00:00:00.000+05:30,18.775016666666662,237.86342361111113,3.416736111111111,0.1346152777777778,596.0,4677.0,4410.5,2024,8,4,1,3,1,summer,13.7634,19.274633333333338,24.4848,16.037473809523807,18.046123888888893
2024-08-05T00:00:00.000+05:30,13.7853,238.73645833333333,2.5059722222222223,0.1251722222222222,635.0,509.0,7118.0,2024,8,5,2,3,0,summer,19.442633333333333,12.337366666666666,30.0844,15.22928333333333,17.50282055555555
2024-08-06T00:00:00.000+05:30,5.4352,240.5658263888889,1.0904166666666666,0.1489611111111111,0.0,513.0,2215.0,2024,8,6,3,3,0,summer,21.665133333333333,15.7105,16.389833333333332,12.910721428571424,17.13766611111111
2024-08-07T00:00:00.000+05:30,5.5814,239.3123263888889,1.1206944444444444,0.1492638888888889,0.0,526.0,2357.0,2024,8,7,4,3,0,summer,23.21063333333333,18.22416666666667,18.770233333333337,10.392259523809525,16.698038333333333
2024-08-08T00:00:00.000+05:30,5.036666666666666,239.45654166666665,1.0055555555555555,0.1364222222222222,0.0,481.0,1980.0,2024,8,8,5,3,0,summer,12.326266666666667,14.425566666666668,15.321966666666668,9.350888095238094,16.355195
2024-08-09T00:00:00.000+05:30,5.982066666666666,240.71045833333332,1.1602777777777775,0.1388819444444444,0.0,489.0,1902.0,2024,8,9,6,3,0,summer,8.4296,13.594733333333332,20.8546,9.001240476190477,15.859443888888885
2024-08-10T00:00:00.000+05:30,5.8671999999999995,240.2648888888889,1.1225,0.1313236111111111,0.0,464.0,1905.0,2024,8,10,7,3,1,summer,8.413033333333333,19.123266666666662,20.903599999999997,8.637550000000001,15.358230555555552
2024-08-11T00:00:00.000+05:30,6.1986,240.7183263888889,1.1706944444444445,0.1302916666666666,0.0,489.0,1880.0,2024,8,11,1,3,1,summer,18.775016666666662,13.7634,22.147533333333335,6.840919047619047,14.82659944444444
2024-08-12T00:00:00.000+05:30,4.8164,240.04828472222223,0.9534722222222224,0.1298902777777777,0.0,462.0,1844.0,2024,8,12,2,3,0,summer,13.7853,19.442633333333333,20.910566666666668,5.559647619047619,14.29012722222222
2024-08-13T00:00:00.000+05:30,4.709733333333333,240.87151388888887,0.9315277777777778,0.1276638888888889,0.0,451.0,1789.0,2024,8,13,3,3,0,summer,5.4352,21.665133333333333,18.965433333333333,5.456009523809523,13.814937222222222
2024-08-14T00:00:00.000+05:30,4.5043,241.14088194444443,0.885,0.1235875,0.0,441.0,1641.0,2024,8,14,4,3,0,summer,5.5814,23.21063333333333,19.264333333333333,5.302138095238095,13.32293611111111
2024-08-15T00:00:00.000+05:30,4.5609,241.15816666666663,0.8959722222222223,0.1237347222222222,0.0,439.0,1691.0,2024,8,15,5,3,0,summer,5.036666666666666,12.326266666666667,17.95103333333333,5.234171428571429,12.876598333333332
2024-08-16T00:00:00.000+05:30,4.580233333333334,242.09534722222224,0.8994444444444445,0.1261652777777777,0.0,442.0,1688.0,2024,8,16,6,3,0,summer,5.982066666666666,8.4296,21.985366666666668,5.033909523809524,12.296427222222222
2024-08-17T00:00:00.000+05:30,4.579933333333333,241.18345138888887,0.8977777777777778,0.1246638888888888,0.0,445.0,1710.0,2024,8,17,7,3,1,summer,5.8671999999999995,8.413033333333333,21.0264,4.850014285714287,11.748211666666666
2024-08-18T00:00:00.000+05:30,4.562633333333333,241.35584027777776,0.8943055555555556,0.1236791666666666,0.0,440.0,1719.0,2024,8,18,1,3,1,summer,6.1986,18.775016666666662,22.400233333333333,4.616304761904763,11.153625
2024-08-19T00:00:00.000+05:30,4.5782,240.8947361111111,0.9033333333333332,0.1254319444444444,0.0,442.0,1697.0,2024,8,19,2,3,0,summer,4.8164,13.7853,15.692233333333332,4.5822761904761915,10.783157222222224
2024-08-20T00:00:00.000+05:30,4.474533333333333,241.54370833333337,0.8833333333333333,0.1236555555555555,0.0,437.0,1626.0,2024,8,20,3,3,0,summer,4.709733333333333,5.4352,19.274633333333338,4.548676190476191,10.289820555555558
2024-08-21T00:00:00.000+05:30,4.354966666666667,240.29566666666668,0.8497222222222222,0.1173416666666666,0.0,432.0,1577.0,2024,8,21,4,3,0,summer,4.5043,5.5814,12.337366666666666,4.527342857142857,10.023740555555555
2024-08-22T00:00:00.000+05:30,4.452066666666667,240.88224305555556,0.8720833333333333,0.1212874999999999,0.0,438.0,1614.0,2024,8,22,5,3,0,summer,4.5609,5.036666666666666,15.7105,4.511795238095238,9.648459444444445
2024-08-23T00:00:00.000+05:30,4.244033333333333,242.14265972222225,0.8308333333333334,0.1176541666666666,0.0,419.0,1485.0,2024,8,23,6,3,0,summer,4.580233333333334,5.982066666666666,18.22416666666667,4.463766666666666,9.182455
2024-08-24T00:00:00.000+05:30,4.245266666666667,241.61341666666667,0.8263888888888888,0.1138263888888888,0.0,404.0,1523.0,2024,8,24,7,3,1,summer,4.579933333333333,5.8671999999999995,14.425566666666668,4.415957142857143,8.843111666666667
2024-08-25T00:00:00.000+05:30,4.171633333333333,241.47397222222224,0.8083333333333333,0.1137986111111111,0.0,422.0,1436.0,2024,8,25,1,3,1,summer,4.562633333333333,6.1986,13.594733333333332,4.3601,8.529008333333335
2024-08-26T00:00:00.000+05:30,4.2927333333333335,241.11954861111113,0.8372222222222222,0.1156708333333333,0.0,420.0,1533.0,2024,8,26,2,3,0,summer,4.5782,4.8164,19.123266666666662,4.3193190476190475,8.034657222222224
2024-08-27T00:00:00.000+05:30,4.3019,240.57646527777777,0.8331944444444445,0.1151888888888889,0.0,399.0,1539.0,2024,8,27,3,3,0,summer,4.474533333333333,4.709733333333333,13.7634,4.294657142857143,7.719273888888889
2024-08-28T00:00:00.000+05:30,4.470766666666666,240.54265277777776,0.875,0.1209013888888888,0.0,432.0,1631.0,2024,8,28,4,3,0,summer,4.354966666666667,4.5043,19.442633333333333,4.3112,7.220211666666666
2024-08-29T00:00:00.000+05:30,4.4598,240.33545138888888,0.875,0.1188791666666666,0.0,430.0,1599.0,2024,8,29,5,3,0,summer,4.452066666666667,4.5609,21.665133333333333,4.312304761904762,6.646700555555555
2024-08-30T00:00:00.000+05:30,4.507066666666666,240.51399305555557,0.88625,0.1232999999999999,0.0,435.0,1619.0,2024,8,30,6,3,0,summer,4.244033333333333,4.580233333333334,23.21063333333333,4.3498809523809525,6.023248333333334
2024-08-31T00:00:00.000+05:30,25.0405,240.01818402777775,4.452500000000001,0.1461395833333333,2056.0,3733.0,12133.5,2024,8,31,7,3,1,summer,4.245266666666667,4.579933333333333,12.326266666666667,7.320628571428571,6.447056111111111
2024-09-01T00:00:00.000+05:30,20.791833333333333,239.9159097222222,3.7325,0.1281152777777777,950.0,521.0,10183.0,2024,9,1,1,3,1,fall,4.171633333333333,4.562633333333333,8.4296,9.694942857142857,6.859130555555556
2024-09-02T00:00:00.000+05:30,23.069233333333333,239.3289652777778,4.141527777777778,0.1559958333333333,4273.0,1206.0,6648.0,2024,9,2,2,3,0,fall,4.2927333333333335,4.5782,8.413033333333333,12.3773,7.347670555555555
2024-09-03T00:00:00.000+05:30,23.141433333333335,240.0294583333333,4.118611111111111,0.1245055555555555,1326.0,1902.0,10213.0,2024,9,3,3,3,0,fall,4.3019,4.474533333333333,18.775016666666662,15.068661904761905,7.493217777777778
2024-09-04T00:00:00.000+05:30,20.420333333333335,238.66349305555556,3.6547222222222224,0.1054666666666666,2225.0,404.0,9408.0,2024,9,4,4,3,0,fall,4.470766666666666,4.354966666666667,13.7853,17.34717142857143,7.714385555555555
2024-09-05T00:00:00.000+05:30,14.566,239.59059027777775,2.6055555555555556,0.1022472222222222,379.0,431.0,6943.0,2024,9,5,5,3,0,fall,4.4598,4.452066666666667,5.4352,18.790914285714283,8.018745555555556
2024-09-06T00:00:00.000+05:30,31.1429,239.33977777777775,5.524444444444445,0.1654805555555555,2948.0,6500.0,13400.0,2024,9,6,6,3,0,fall,4.507066666666666,4.244033333333333,5.5814,22.596033333333335,8.870795555555556
2024-09-07T00:00:00.000+05:30,22.877599999999997,240.5886875,4.080833333333333,0.1225305555555555,3612.0,1707.0,5976.0,2024,9,7,7,3,1,fall,25.0405,4.245266666666667,5.036666666666666,22.28704761904762,9.465493333333333
2024-09-08T00:00:00.000+05:30,21.822066666666668,241.3818263888889,3.8533333333333335,0.1115097222222222,747.0,2293.0,9559.0,2024,9,8,1,3,1,fall,20.791833333333333,4.171633333333333,5.982066666666666,22.43422380952381,9.993493333333333
2024-09-09T00:00:00.000+05:30,19.327566666666662,239.78166666666664,3.4644444444444447,0.1254652777777777,236.0,453.0,7728.0,2024,9,9,2,3,0,fall,23.069233333333333,4.2927333333333335,5.8671999999999995,21.8997,10.44217222222222
2024-09-10T00:00:00.000+05:30,21.6794,239.48058333333333,3.8575,0.1155763888888889,1009.0,399.0,10281.0,2024,9,10,3,3,0,fall,23.141433333333335,4.3019,6.1986,21.690838095238096,10.958198888888887
2024-09-11T00:00:00.000+05:30,17.145233333333334,239.09980555555555,3.080277777777778,0.1333597222222222,1005.0,417.0,7644.0,2024,9,11,4,3,0,fall,20.420333333333335,4.470766666666666,4.8164,21.22296666666666,11.369159999999999
2024-09-12T00:00:00.000+05:30,23.2127,239.9683125,4.144583333333333,0.1238180555555555,1867.0,402.0,8738.0,2024,9,12,5,3,0,fall,14.566,4.4598,4.709733333333333,22.458209523809526,11.985925555555554
2024-09-13T00:00:00.000+05:30,27.1906,240.1245486111111,4.820138888888889,0.1293,930.0,5433.0,11807.0,2024,9,13,6,3,0,fall,31.1429,4.507066666666666,4.5043,21.893595238095237,12.742135555555555
2024-09-14T00:00:00.000+05:30,26.2721,239.8889861111111,4.734999999999999,0.1345458333333333,4673.0,445.0,6538.0,2024,9,14,7,3,1,fall,22.877599999999997,25.0405,4.5609,22.37852380952381,13.465842222222221
2024-09-15T00:00:00.000+05:30,28.295133333333336,240.25590972222224,5.071805555555556,0.0945263888888888,960.0,364.0,10322.0,2024,9,15,1,3,1,fall,21.822066666666668,20.791833333333333,4.580233333333334,23.303247619047617,14.25633888888889
2024-09-16T00:00:00.000+05:30,20.36436666666667,240.94875,3.619305555555555,0.108375,0.0,368.0,8249.0,2024,9,16,2,3,0,fall,19.327566666666662,23.069233333333333,4.579933333333333,23.451361904761907,14.782486666666667
2024-09-17T00:00:00.000+05:30,25.32016666666667,240.6566736111111,4.489722222222222,0.1230333333333333,1910.0,3727.0,9371.0,2024,9,17,3,3,0,fall,21.6794,23.141433333333335,4.562633333333333,23.97147142857143,15.474404444444447
2024-09-18T00:00:00.000+05:30,25.088166666666663,240.3271388888889,4.447361111111111,0.1315111111111111,4202.0,357.0,7991.0,2024,9,18,4,3,0,fall,17.145233333333334,20.420333333333335,4.5782,25.10617619047619,16.158070000000002
2024-09-19T00:00:00.000+05:30,25.3141,240.3571111111111,4.47875,0.1158111111111111,1569.0,351.0,12367.0,2024,9,19,5,3,0,fall,23.2127,14.566,4.474533333333333,25.406376190476188,16.852722222222226
2024-09-20T00:00:00.000+05:30,21.743333333333332,240.5941180555556,3.8055555555555554,0.108475,0.0,370.0,12477.0,2024,9,20,6,3,0,fall,27.1906,31.1429,4.354966666666667,24.628195238095238,17.432334444444447
2024-09-21T00:00:00.000+05:30,25.551166666666667,240.94015972222223,4.560277777777778,0.1432375,4010.0,2381.0,8347.0,2024,9,21,7,3,1,fall,26.2721,22.877599999999997,4.452066666666667,24.525204761904764,18.13563777777778
2024-09-22T00:00:00.000+05:30,22.642733333333336,240.2091597222222,4.012638888888889,0.105225,1014.0,2448.0,10227.0,2024,9,22,1,3,1,fall,28.295133333333336,21.822066666666668,4.244033333333333,23.717719047619045,18.74892777777778
2024-09-23T00:00:00.000+05:30,20.546466666666667,240.18336111111108,3.6841666666666666,0.1146722222222222,0.0,2168.0,7920.0,2024,9,23,2,3,0,fall,20.36436666666667,19.327566666666662,4.245266666666667,23.74373333333333,19.292301111111115
2024-09-24T00:00:00.000+05:30,28.639166666666664,240.1257916666667,5.031666666666667,0.1204666666666666,2019.0,4730.0,10548.0,2024,9,24,3,3,0,fall,25.32016666666667,21.6794,4.171633333333333,24.217876190476186,20.107885555555562
2024-09-25T00:00:00.000+05:30,18.853666666666665,240.2903263888889,3.34375,0.1206736111111111,1012.0,751.0,8485.0,2024,9,25,4,3,0,fall,25.088166666666663,17.145233333333334,4.2927333333333335,23.327233333333332,20.593250000000005
2024-09-26T00:00:00.000+05:30,23.8575,240.393625,4.239583333333333,0.146925,1221.0,370.0,10890.0,2024,9,26,5,3,0,fall,25.3141,23.2127,4.3019,23.119147619047617,21.245103333333336
2024-09-27T00:00:00.000+05:30,35.457433333333334,240.1464791666667,6.258611111111111,0.1785,4347.0,2584.0,12688.0,2024,9,27,6,3,0,fall,21.743333333333332,27.1906,4.470766666666666,25.078304761904764,22.277992222222228
2024-09-28T00:00:00.000+05:30,28.851733333333335,240.27841666666663,5.079583333333334,0.1138666666666666,1920.0,385.0,11242.0,2024,9,28,7,3,1,fall,25.551166666666667,26.2721,4.4598,25.549814285714287,23.091056666666667
2024-09-29T00:00:00.000+05:30,25.02896666666667,240.26402083333335,4.4094444444444445,0.1384944444444444,1014.0,363.0,10677.0,2024,9,29,1,3,1,fall,22.642733333333336,28.295133333333336,4.507066666666666,25.89070476190476,23.775120000000005
2024-09-30T00:00:00.000+05:30,22.916766666666668,240.58377083333335,4.0247222222222225,0.1077027777777777,998.0,360.0,7415.0,2024,9,30,2,3,0,fall,20.546466666666667,20.36436666666667,25.0405,26.229319047619047,23.70432888888889
2024-10-01T00:00:00.000+05:30,31.20606666666667,241.12861111111113,5.482083333333334,0.1258722222222222,2249.0,5800.0,10808.0,2024,10,1,3,4,0,fall,28.639166666666664,25.32016666666667,20.791833333333333,26.596019047619045,24.051470000000002
2024-10-02T00:00:00.000+05:30,22.42236666666667,240.32824305555553,3.948611111111111,0.1067194444444444,0.0,367.0,9060.0,2024,10,2,4,4,0,fall,18.853666666666665,25.088166666666663,23.069233333333333,27.105833333333333,24.02990777777778
2024-10-03T00:00:00.000+05:30,26.87633333333333,239.84200694444445,4.745694444444444,0.1101375,4801.0,349.0,9432.0,2024,10,3,5,4,0,fall,23.8575,25.3141,23.141433333333335,27.537095238095237,24.154404444444445
2024-10-04T00:00:00.000+05:30,35.00826666666667,240.1744027777778,6.144861111111111,0.1501388888888888,3462.0,629.0,12573.0,2024,10,4,6,4,0,fall,35.457433333333334,21.743333333333332,20.420333333333335,27.47292857142857,24.640668888888893
2024-10-05T00:00:00.000+05:30,25.8325,240.13754166666664,4.534166666666667,0.1015944444444444,990.0,3257.0,6071.0,2024,10,5,7,4,1,fall,28.851733333333335,25.551166666666667,14.566,27.04160952380953,25.01621888888889
2024-10-06T00:00:00.000+05:30,23.7297,239.1190763888889,4.216388888888889,0.0869472222222222,990.0,286.0,9562.0,2024,10,6,1,4,1,fall,25.02896666666667,22.642733333333336,31.1429,26.856,24.769112222222223
2024-10-07T00:00:00.000+05:30,28.776133333333338,238.85286805555555,5.166111111111111,0.1300236111111111,1016.0,419.0,9476.0,2024,10,7,2,4,0,fall,22.916766666666668,20.546466666666667,22.877599999999997,27.693052380952388,24.965730000000004
2024-10-08T00:00:00.000+05:30,31.0096,240.0490138888889,5.43125,0.1058402777777777,1044.0,5126.0,11650.0,2024,10,8,3,4,0,fall,31.20606666666667,28.639166666666664,21.822066666666668,27.664985714285717,25.271981111111113
2024-10-09T00:00:00.000+05:30,33.061366666666665,239.2754236111111,5.812361111111111,0.1263194444444444,1032.0,3064.0,11652.0,2024,10,9,4,4,0,fall,22.42236666666667,18.853666666666665,19.327566666666662,29.184842857142858,25.729774444444445
2024-10-10T00:00:00.000+05:30,25.305633333333333,239.63485416666663,4.436805555555556,0.1028083333333333,0.0,389.0,12046.0,2024,10,10,5,4,0,fall,26.87633333333333,23.8575,21.6794,28.96045714285714,25.850648888888887
2024-10-11T00:00:00.000+05:30,27.8231,239.1826180555555,4.905972222222222,0.1075333333333333,2144.0,2335.0,11373.0,2024,10,11,6,4,0,fall,35.00826666666667,35.457433333333334,17.145233333333334,27.934004761904763,26.20657777777778
2024-10-12T00:00:00.000+05:30,31.799,240.15154166666665,5.615138888888889,0.1123652777777777,2561.0,5822.0,7171.0,2024,10,12,7,4,1,fall,25.8325,28.851733333333335,23.2127,28.786361904761907,26.492787777777778
2024-10-13T00:00:00.000+05:30,24.366266666666665,240.80942361111113,4.254305555555556,0.1027041666666666,1037.0,535.0,9483.0,2024,10,13,1,4,1,fall,23.7297,25.02896666666667,27.1906,28.8773,26.39864333333333
2024-10-14T00:00:00.000+05:30,26.8176,239.21572916666668,4.730138888888889,0.1140875,1177.0,442.0,9939.0,2024,10,14,2,4,0,fall,28.776133333333338,22.916766666666668,26.2721,28.59750952380952,26.416826666666665
2024-10-15T00:00:00.000+05:30,35.94826666666667,239.5067916666667,6.328194444444445,0.1169875,1998.0,7042.0,9984.0,2024,10,15,3,4,0,fall,31.0096,31.20606666666667,28.295133333333336,29.303033333333335,26.671931111111103
2024-10-16T00:00:00.000+05:30,26.39466666666667,239.26284722222223,4.66125,0.0950277777777777,951.0,429.0,8438.0,2024,10,16,4,4,0,fall,33.061366666666665,22.42236666666667,20.36436666666667,28.350647619047617,26.87294111111111
2024-10-17T00:00:00.000+05:30,31.114766666666664,240.047625,5.475833333333333,0.1066125,2036.0,3187.0,9639.0,2024,10,17,5,4,0,fall,25.305633333333333,26.87633333333333,25.32016666666667,29.18052380952381,27.06609444444444
2024-10-18T00:00:00.000+05:30,37.319833333333335,239.8354305555556,6.547083333333333,0.1129361111111111,799.0,1655.0,12146.0,2024,10,18,6,4,0,fall,27.8231,35.00826666666667,25.088166666666663,30.537200000000002,27.473816666666668
2024-10-19T00:00:00.000+05:30,32.865566666666666,240.04254861111113,5.805277777777778,0.1261083333333333,698.0,8010.0,4600.0,2024,10,19,7,4,1,fall,31.799,25.8325,25.3141,30.68956666666666,27.72553222222222
2024-10-20T00:00:00.000+05:30,27.79256666666667,240.4324930555555,4.860277777777778,0.0957027777777777,844.0,2648.0,10475.0,2024,10,20,1,4,1,fall,24.366266666666665,23.7297,21.743333333333332,31.179038095238095,27.92717333333333
2024-10-21T00:00:00.000+05:30,34.395266666666664,239.7306875,6.080833333333333,0.1057944444444444,857.0,2663.0,11331.0,2024,10,21,2,4,0,fall,26.8176,28.776133333333338,25.551166666666667,32.261561904761905,28.221976666666663
2024-10-22T00:00:00.000+05:30,27.4335,240.8157638888889,4.836944444444445,0.1037111111111111,662.0,2542.0,8487.0,2024,10,22,3,4,0,fall,35.94826666666667,31.0096,22.642733333333336,31.045166666666667,28.381668888888886
2024-10-23T00:00:00.000+05:30,30.508233333333333,240.39904166666668,5.374583333333333,0.11195,815.0,1435.0,10587.0,2024,10,23,4,4,0,fall,26.39466666666667,33.061366666666665,20.546466666666667,31.632819047619048,28.713727777777773
2024-10-24T00:00:00.000+05:30,35.55376666666667,240.4136944444444,6.266944444444444,0.1166763888888889,7893.0,2277.0,10284.0,2024,10,24,5,4,0,fall,31.114766666666664,25.305633333333333,28.639166666666664,32.26696190476191,28.944214444444444
2024-10-25T00:00:00.000+05:30,26.632216666666668,240.8847777777778,4.639722222222222,0.0869833333333333,737.0,458.5,14185.5,2024,10,25,6,4,0,fall,37.319833333333335,27.8231,18.853666666666665,30.740159523809524,29.203499444444443
2024-10-26T00:00:00.000+05:30,8.724866666666665,242.12346527777777,1.4991666666666668,0.0802291666666666,0.0,360.0,2013.0,2024,10,26,7,4,1,fall,32.865566666666666,31.799,23.8575,27.291488095238094,28.69907833333333
2024-10-27T00:00:00.000+05:30,8.731533333333335,242.2280555555556,1.5091666666666663,0.0895680555555555,0.0,402.0,1967.0,2024,10,27,1,4,1,fall,27.79256666666667,24.366266666666665,35.457433333333334,24.568483333333337,27.808215
2024-10-28T00:00:00.000+05:30,22.1215,241.32679166666668,3.8531944444444446,0.1007472222222222,2263.0,362.0,5090.0,2024,10,28,2,4,0,fall,34.395266666666664,26.8176,28.851733333333335,22.815088095238092,27.583873888888892
2024-10-29T00:00:00.000+05:30,26.876266666666663,241.78959722222223,4.604305555555555,0.0925569444444444,1037.0,345.0,4015.0,2024,10,29,3,4,0,fall,27.4335,35.94826666666667,25.02896666666667,22.73548333333333,27.64545055555555
2024-10-30T00:00:00.000+05:30,18.31,242.08329166666667,3.2733333333333334,0.0854361111111111,0.0,345.0,2619.0,2024,10,30,4,4,0,fall,30.508233333333333,26.39466666666667,22.916766666666668,20.992878571428573,27.491891666666664
2024-10-31T00:00:00.000+05:30,21.430533333333337,241.32977083333333,3.7663888888888897,0.0724638888888888,0.0,312.0,10483.0,2024,10,31,5,4,0,fall,35.55376666666667,31.114766666666664,31.20606666666667,18.97527380952381,27.166040555555547
2024-11-01T00:00:00.000+05:30,13.841633333333334,241.8102361111111,2.625694444444445,0.0789388888888888,0.0,344.0,1939.0,2024,11,1,6,4,0,fall,26.632216666666668,37.319833333333335,22.42236666666667,17.14804761904762,26.880016111111104
2024-11-02T00:00:00.000+05:30,15.1769,242.1557430555556,2.864027777777778,0.0836611111111111,0.0,346.0,2824.0,2024,11,2,7,4,1,fall,8.724866666666665,32.865566666666666,26.87633333333333,18.069766666666666,26.490035
2024-11-03T00:00:00.000+05:30,14.126666666666669,241.7651180555556,2.665,0.0800333333333333,963.0,347.0,1892.0,2024,11,3,1,4,1,fall,8.731533333333335,27.79256666666667,35.00826666666667,18.840500000000002,25.793981666666664
2024-11-04T00:00:00.000+05:30,26.0386,240.8024444444445,4.6523611111111105,0.0843583333333333,0.0,6214.0,4106.0,2024,11,4,2,4,0,fall,22.1215,34.395266666666664,25.8325,19.400085714285716,25.800851666666663
2024-11-05T00:00:00.000+05:30,52.24883333333333,239.48077083333337,9.239166666666666,0.1790416666666666,7597.0,10409.0,8362.0,2024,11,5,3,4,0,fall,26.876266666666663,27.4335,23.7297,23.024738095238096,26.751489444444438
2024-11-06T00:00:00.000+05:30,26.47396666666667,240.39021527777777,4.726666666666667,0.1260194444444444,1033.0,430.0,6734.0,2024,11,6,4,4,0,fall,18.31,30.508233333333333,28.776133333333338,24.191019047619047,26.67475055555555
2024-11-07T00:00:00.000+05:30,26.9864,239.75178472222223,4.754583333333334,0.0763805555555555,1032.0,389.0,10421.0,2024,11,7,5,4,0,fall,21.430533333333337,35.55376666666667,31.0096,24.98471428571429,26.540643888888887
2024-11-08T00:00:00.000+05:30,28.88563333333333,239.30802777777777,5.104722222222223,0.0924777777777777,1114.0,3271.0,6069.0,2024,11,8,6,4,0,fall,13.841633333333334,26.632216666666668,33.061366666666665,27.133857142857146,26.401452777777777
2024-11-09T00:00:00.000+05:30,42.975633333333334,238.45406944444443,7.620972222222223,0.1464902777777778,6301.0,661.0,14348.0,2024,11,9,7,4,1,fall,15.1769,8.724866666666665,25.305633333333333,31.10510476190476,26.99045277777778
2024-11-10T00:00:00.000+05:30,35.24056666666667,239.63163194444445,6.218472222222222,0.1091125,1023.0,355.0,10354.0,2024,11,10,1,4,1,fall,14.126666666666669,8.731533333333335,27.8231,34.12137619047619,27.23770166666667
2024-11-11T00:00:00.000+05:30,40.9325,239.87869444444445,7.183333333333334,0.0889444444444444,2475.0,2288.0,14651.0,2024,11,11,2,4,0,fall,26.0386,22.1215,31.799,36.249076190476195,27.54215166666667
2024-11-12T00:00:00.000+05:30,36.5019,240.38623611111112,6.351388888888889,0.110525,1066.0,2745.0,9430.0,2024,11,12,3,4,0,fall,52.24883333333333,26.876266666666663,24.366266666666665,33.99951428571429,27.94667277777778
2024-11-13T00:00:00.000+05:30,20.641,241.59792361111113,3.627222222222222,0.0871,0.0,338.0,6315.0,2024,11,13,4,4,0,fall,26.47396666666667,18.31,26.8176,33.16623333333333,27.740786111111113
2024-11-14T00:00:00.000+05:30,27.02896666666667,241.02181944444445,4.7555555555555555,0.0888152777777777,2092.0,325.0,9929.0,2024,11,14,5,4,0,fall,26.9864,21.430533333333337,35.94826666666667,33.172314285714286,27.443476111111114
2024-11-15T00:00:00.000+05:30,50.52713333333334,238.63411805555555,8.963194444444444,0.1146944444444444,3952.0,3799.0,15635.0,2024,11,15,6,4,0,fall,28.88563333333333,13.841633333333334,26.39466666666667,36.263957142857144,28.247891666666668
2024-11-16T00:00:00.000+05:30,39.42386666666666,240.4941388888889,6.919027777777777,0.1132847222222222,4791.0,1829.0,8945.0,2024,11,16,7,4,1,fall,42.975633333333334,15.1769,31.114766666666664,35.75656190476191,28.524861666666666
2024-11-17T00:00:00.000+05:30,25.393933333333333,241.1349305555555,4.412083333333333,0.0825513888888888,0.0,378.0,10590.0,2024,11,17,1,4,1,fall,35.24056666666667,14.126666666666669,37.319833333333335,34.349900000000005,28.127331666666667
2024-11-18T00:00:00.000+05:30,29.15083333333333,239.90204166666663,5.141805555555555,0.0967236111111111,1079.0,369.0,11204.0,2024,11,18,2,4,0,fall,40.9325,26.0386,32.865566666666666,32.666804761904764,28.00350722222222
2024-11-19T00:00:00.000+05:30,30.670633333333335,240.5396180555555,5.412916666666667,0.1155916666666666,1737.0,3026.0,8704.0,2024,11,19,3,4,0,fall,36.5019,52.24883333333333,27.79256666666667,31.83376666666667,28.099442777777774
2024-11-20T00:00:00.000+05:30,28.2056,239.81811805555557,4.984444444444445,0.0841611111111111,1034.0,347.0,7732.0,2024,11,20,4,4,0,fall,20.641,26.47396666666667,34.395266666666664,32.91442380952382,27.893120555555548
2024-11-21T00:00:00.000+05:30,27.898833333333336,239.9283333333333,4.946527777777778,0.0885791666666666,1039.0,348.0,10396.0,2024,11,21,5,4,0,fall,27.02896666666667,26.9864,27.4335,33.038690476190474,27.90863166666666
2024-11-22T00:00:00.000+05:30,28.5228,239.7318125,5.049583333333333,0.0867138888888888,1093.0,882.0,8320.0,2024,11,22,6,4,0,fall,50.52713333333334,28.88563333333333,30.508233333333333,29.89521428571428,27.84245055555555
2024-11-23T00:00:00.000+05:30,56.790083333333335,239.15058333333337,10.050416666666669,0.1438013888888889,3631.0,8829.5,10288.5,2024,11,23,7,4,1,fall,39.42386666666666,42.975633333333334,35.55376666666667,32.37610238095238,28.550327777777774
2024-11-24T00:00:00.000+05:30,53.54996666666667,240.3594861111111,9.285416666666666,0.0844569444444444,1063.0,510.0,13378.0,2024,11,24,1,4,1,fall,25.393933333333333,35.24056666666667,26.632216666666668,36.39839285714286,29.447586111111107
2024-11-25T00:00:00.000+05:30,45.0475,240.93060416666668,7.823888888888889,0.1045583333333333,3010.0,345.0,10471.0,2024,11,25,2,4,0,fall,29.15083333333333,40.9325,8.724866666666665,38.66934523809524,30.65834055555555
2024-11-26T00:00:00.000+05:30,25.2659,242.40089583333332,4.356388888888889,0.0833305555555555,909.0,304.0,10002.0,2024,11,26,3,4,0,fall,30.670633333333335,36.5019,8.731533333333335,37.897240476190476,31.209486111111108
2024-11-27T00:00:00.000+05:30,39.3703,241.4400138888889,6.841111111111112,0.0876513888888888,2491.0,330.0,12440.0,2024,11,27,4,4,0,fall,28.2056,20.641,22.1215,39.492197619047616,31.78444611111111
2024-11-28T00:00:00.000+05:30,31.43273333333333,243.06651388888892,5.409583333333334,0.0891847222222222,1113.0,295.0,11361.0,2024,11,28,5,4,0,fall,27.898833333333336,27.02896666666667,26.876266666666663,39.99704047619047,31.936328333333332
2024-11-29T00:00:00.000+05:30,40.5778,241.24075694444448,7.0536111111111115,0.1156319444444444,5268.0,2392.0,12386.0,2024,11,29,6,4,0,fall,28.5228,50.52713333333334,18.31,41.71918333333333,32.67858833333333
2024-11-30T00:00:00.000+05:30,40.023133333333334,242.3745625,6.955555555555556,0.1186833333333333,1161.0,3481.0,11474.0,2024,11,30,7,4,1,fall,56.790083333333335,39.42386666666666,21.430533333333337,39.323904761904764,33.298341666666666
2024-12-01T00:00:00.000+05:30,26.9423,243.4458402777778,4.758472222222222,0.0824152777777777,1085.0,309.0,9013.0,2024,12,1,1,4,1,winter,53.54996666666667,25.393933333333333,13.841633333333334,35.52280952380952,33.735030555555554
2024-12-02T00:00:00.000+05:30,29.890733333333333,243.37936805555557,5.215138888888889,0.1013249999999999,0.0,304.0,11343.0,2024,12,2,2,4,0,winter,45.0475,29.15083333333333,15.1769,33.35755714285715,34.22549166666667
2024-12-03T00:00:00.000+05:30,29.25273333333333,243.38372916666668,5.069583333333333,0.0866125,1137.0,302.0,9664.0,2024,12,3,3,4,0,winter,25.2659,30.670633333333335,14.126666666666669,33.927104761904765,34.72969388888888
2024-12-04T00:00:00.000+05:30,28.9773,243.4631388888889,5.02375,0.0791597222222222,1085.0,281.0,11314.0,2024,12,4,4,4,0,winter,39.3703,28.2056,26.0386,32.44239047619048,34.82765055555556
2024-12-05T00:00:00.000+05:30,34.3103,242.9759097222222,5.967638888888889,0.0833513888888888,831.0,310.0,9852.0,2024,12,5,5,4,0,winter,31.43273333333333,27.898833333333336,52.24883333333333,32.853471428571424,34.22969944444445
2024-12-06T00:00:00.000+05:30,42.06393333333333,241.13656250000005,7.358333333333333,0.1306555555555555,4005.0,5749.0,9048.0,2024,12,6,6,4,0,winter,40.5778,28.5228,26.47396666666667,33.06577619047619,34.749365000000004
2024-12-07T00:00:00.000+05:30,41.11233333333333,242.23854166666663,7.157361111111111,0.1251555555555555,3294.0,310.0,13627.0,2024,12,7,7,4,1,winter,40.023133333333334,56.790083333333335,26.9864,33.22137619047619,35.220229444444456
2024-12-08T00:00:00.000+05:30,31.143933333333333,243.73161805555557,5.383194444444444,0.0838763888888888,1117.0,296.0,13256.0,2024,12,8,1,4,1,winter,26.9423,53.54996666666667,28.88563333333333,33.82160952380953,35.295506111111116
2024-12-09T00:00:00.000+05:30,33.385733333333334,243.5556527777778,5.757638888888889,0.092025,1985.0,2553.0,12886.0,2024,12,9,2,4,0,winter,29.890733333333333,45.0475,42.975633333333334,34.32089523809524,34.97584277777778
2024-12-10T00:00:00.000+05:30,37.415499999999994,243.39702777777777,6.443888888888889,0.1069069444444444,1128.0,4144.0,12254.0,2024,12,10,3,4,0,winter,29.25273333333333,25.2659,35.24056666666667,35.487004761904764,35.04834055555556
2024-12-11T00:00:00.000+05:30,23.875366666666665,243.41836111111112,4.121944444444445,0.0798027777777777,1160.0,273.0,7979.0,2024,12,11,4,4,0,winter,28.9773,39.3703,40.9325,34.758157142857144,34.47976944444444
2024-12-12T00:00:00.000+05:30,30.258899999999997,243.04302083333337,5.221666666666667,0.0967652777777777,1157.0,255.0,12154.0,2024,12,12,5,4,0,winter,34.3103,31.43273333333333,36.5019,34.179385714285715,34.27166944444444
2024-12-13T00:00:00.000+05:30,30.426233333333336,241.5385486111111,5.321805555555556,0.1133874999999999,2186.0,261.0,9271.0,2024,12,13,6,4,0,winter,42.06393333333333,40.5778,20.641,32.51685714285714,34.59784388888889
2024-12-14T00:00:00.000+05:30,33.36866666666666,241.6227986111111,5.8815277777777775,0.1138986111111111,3742.0,2497.0,5415.0,2024,12,14,7,4,1,winter,41.11233333333333,40.023133333333334,27.02896666666667,31.410619047619043,34.80916722222222
2024-12-15T00:00:00.000+05:30,29.924166666666668,243.0392013888889,5.190972222222222,0.0789888888888888,1178.0,252.0,9668.0,2024,12,15,1,4,1,winter,31.143933333333333,26.9423,50.52713333333334,31.236366666666665,34.12240166666666
2024-12-16T00:00:00.000+05:30,29.9515,243.87990277777777,5.192638888888888,0.0795819444444444,0.0,253.0,11334.0,2024,12,16,2,4,0,winter,33.385733333333334,29.890733333333333,39.42386666666666,30.745761904761906,33.80665611111111
2024-12-17T00:00:00.000+05:30,34.97976666666667,243.3135138888889,6.080277777777778,0.0945944444444444,4251.0,284.0,10813.0,2024,12,17,3,4,0,winter,37.415499999999994,29.25273333333333,25.393933333333333,30.3978,34.12618388888889
2024-12-18T00:00:00.000+05:30,28.949,242.8590625,4.989305555555556,0.0819930555555555,1125.0,258.0,11293.0,2024,12,18,4,4,0,winter,23.875366666666665,28.9773,29.15083333333333,31.122604761904764,34.11945611111111
2024-12-19T00:00:00.000+05:30,31.368533333333335,241.8661736111111,5.480138888888889,0.0917736111111111,1538.0,296.0,11773.0,2024,12,19,5,4,0,winter,30.258899999999997,34.3103,30.670633333333335,31.281123809523812,34.14271944444444
2024-12-20T00:00:00.000+05:30,37.4027,242.56537152777776,6.500069444444445,0.1116944444444444,1133.5,6479.0,12837.0,2024,12,20,6,4,0,winter,30.426233333333336,42.06393333333333,28.2056,32.27776190476191,34.44928944444444
2024-12-21T00:00:00.000+05:30,44.06016666666667,241.72008333333332,7.662638888888889,0.0938,1099.0,9189.0,14816.0,2024,12,21,7,4,1,winter,33.36866666666666,41.11233333333333,27.898833333333336,33.80511904761905,34.98800055555555
2024-12-22T00:00:00.000+05:30,33.5968,241.86449305555556,5.857083333333334,0.0867152777777777,2157.0,391.0,10433.0,2024,12,22,1,4,1,winter,29.924166666666668,31.143933333333333,28.5228,34.32978095238095,35.15713388888888
2024-12-23T00:00:00.000+05:30,29.968133333333338,241.7705486111111,5.250694444444444,0.1049166666666666,2666.0,2115.0,8326.0,2024,12,23,2,4,0,winter,29.9515,33.385733333333334,56.790083333333335,34.33215714285715,34.26306888888889
2024-12-24T00:00:00.000+05:30,21.160633333333333,243.960625,3.6336111111111102,0.0800819444444444,0.0,364.0,9981.0,2024,12,24,3,4,0,winter,34.97976666666667,37.415499999999994,53.54996666666667,32.357995238095235,33.18342444444444
2024-12-25T00:00:00.000+05:30,17.685299999999998,243.2330625,3.0386111111111114,0.0811680555555555,0.0,285.0,3598.0,2024,12,25,4,4,0,winter,28.949,23.875366666666665,45.0475,30.748895238095233,32.27135111111111
2024-12-26T00:00:00.000+05:30,20.395533333333333,244.35365972222223,3.500694444444445,0.0862652777777777,1121.0,279.0,7796.0,2024,12,26,5,4,0,winter,31.368533333333335,30.258899999999997,25.2659,29.18132380952381,32.109005555555555
2024-12-27T00:00:00.000+05:30,49.53606666666667,243.31189583333332,8.431805555555554,0.0820361111111111,0.0,244.0,12209.0,2024,12,27,6,4,0,winter,37.4027,30.426233333333336,39.3703,30.91466190476191,32.44786444444444
2024-12-28T00:00:00.000+05:30,26.177366666666668,244.5603819444445,4.42,0.07795,1953.0,217.0,5291.0,2024,12,28,7,4,1,winter,44.06016666666667,33.36866666666666,31.43273333333333,28.359976190476193,32.272685555555555
2024-12-29T00:00:00.000+05:30,9.254633333333334,244.95475694444443,1.5788888888888888,0.0636375,0.0,218.0,2480.0,2024,12,29,1,4,1,winter,33.5968,29.924166666666668,40.5778,24.88252380952381,31.228579999999997
2024-12-30T00:00:00.000+05:30,19.920633333333335,244.63816666666668,3.4018055555555557,0.0786152777777777,0.0,245.0,7145.0,2024,12,30,2,4,0,winter,29.968133333333338,29.9515,40.023133333333334,23.44716666666667,30.55849666666666
2024-12-31T00:00:00.000+05:30,32.736466666666665,243.29661805555557,5.6876388888888885,0.0897722222222222,2975.0,246.0,11860.0,2024,12,31,3,4,0,winter,21.160633333333333,34.97976666666667,26.9423,25.100857142857144,30.75163555555555
2025-01-01T00:00:00.000+05:30,23.444866666666663,242.8360625,4.149861111111111,0.0782416666666666,765.0,3845.0,2803.0,2025,1,1,4,1,0,winter,17.685299999999998,28.949,29.890733333333333,25.92365238095238,30.536773333333326
2025-01-02T00:00:00.000+05:30,38.79183333333334,242.7048888888889,6.737777777777778,0.1421736111111111,2417.0,6018.0,11841.0,2025,1,2,5,1,0,winter,20.395533333333333,31.368533333333335,29.25273333333333,28.55169523809524,30.854743333333328
2025-01-03T00:00:00.000+05:30,31.8916,243.68145833333332,5.530833333333333,0.1214666666666666,6440.0,328.0,10439.0,2025,1,3,6,1,0,winter,49.53606666666667,37.4027,28.9773,26.031057142857144,30.951886666666667
2025-01-04T00:00:00.000+05:30,32.33323333333333,244.8224305555555,5.633194444444444,0.1162069444444444,1457.0,5251.0,3245.0,2025,1,4,7,1,1,winter,26.177366666666668,44.06016666666667,34.3103,26.910466666666668,30.885984444444443
2025-01-05T00:00:00.000+05:30,26.733333333333334,244.83077777777777,4.6362499999999995,0.0895402777777777,1247.0,322.0,8650.0,2025,1,5,1,1,1,winter,9.254633333333334,33.5968,42.06393333333333,29.40742380952381,30.37496444444444
2025-01-06T00:00:00.000+05:30,28.16436666666667,245.09266666666667,4.834027777777778,0.0802472222222222,0.0,254.0,12462.0,2025,1,6,2,1,0,winter,19.920633333333335,29.968133333333338,41.11233333333333,30.5851,29.94336555555555
2025-01-07T00:00:00.000+05:30,34.6712,246.0406388888889,5.946805555555556,0.0982666666666666,2687.0,3820.0,9979.0,2025,1,7,3,1,0,winter,32.736466666666665,21.160633333333333,31.143933333333333,30.861490476190475,30.06094111111111
2025-01-08T00:00:00.000+05:30,27.221166666666665,245.3507361111111,4.720694444444445,0.0863708333333333,2773.0,299.0,10075.0,2025,1,8,4,1,0,winter,23.444866666666663,17.685299999999998,33.385733333333334,31.400961904761907,29.855455555555558
2025-01-09T00:00:00.000+05:30,29.8117,244.62240972222224,5.182083333333333,0.0802583333333333,1802.0,272.0,9285.0,2025,1,9,5,1,0,winter,38.79183333333334,20.395533333333333,37.415499999999994,30.118085714285716,29.601995555555554
2025-01-10T00:00:00.000+05:30,35.04913333333333,244.12048611111112,6.088888888888889,0.1123152777777777,2828.0,4288.0,12539.0,2025,1,10,6,1,0,winter,31.8916,49.53606666666667,23.875366666666665,30.569161904761902,29.974454444444444
2025-01-11T00:00:00.000+05:30,32.93313333333334,245.5315486111111,5.764722222222223,0.0994722222222222,4521.0,5301.0,5887.0,2025,1,11,7,1,1,winter,32.33323333333333,26.177366666666668,30.258899999999997,30.6548619047619,30.06359555555555
2025-01-12T00:00:00.000+05:30,26.48796666666667,245.52706944444444,4.513888888888889,0.0780749999999999,0.0,261.0,12147.0,2025,1,12,1,1,1,winter,26.733333333333334,9.254633333333334,30.426233333333336,30.619809523809522,29.932320000000004
2025-01-13T00:00:00.000+05:30,36.376666666666665,244.45834027777775,6.254305555555556,0.0931541666666666,1140.0,329.0,16194.0,2025,1,13,2,1,0,winter,28.16436666666667,19.920633333333335,33.36866666666666,31.792995238095237,30.032586666666667
2025-01-14T00:00:00.000+05:30,29.692983333333338,244.60247916666668,5.1125,0.0838625,2278.5,332.0,10316.5,2025,1,14,3,1,0,winter,34.6712,32.736466666666665,29.924166666666668,31.081821428571427,30.02488055555556
2025-01-15T00:00:00.000+05:30,26.0678,243.02127777777775,4.520555555555556,0.0802402777777777,2731.0,390.0,9561.0,2025,1,15,4,1,0,winter,27.221166666666665,23.444866666666663,29.9515,30.91705476190476,29.895423888888892
2025-01-16T00:00:00.000+05:30,46.109233333333336,242.5689722222222,8.040555555555555,0.1249444444444444,5811.0,3158.0,15220.0,2025,1,16,5,1,0,winter,29.8117,38.79183333333334,34.97976666666667,33.245273809523816,30.266406111111113
2025-01-17T00:00:00.000+05:30,55.297,241.63154166666664,9.578888888888889,0.1142666666666666,2477.0,3154.0,15322.0,2025,1,17,6,1,0,winter,35.04913333333333,31.8916,28.949,36.1378261904762,31.144672777777778
2025-01-18T00:00:00.000+05:30,52.5699,242.64408333333333,9.167638888888888,0.1457222222222222,5649.0,6701.0,12727.0,2025,1,18,7,1,1,winter,32.93313333333334,32.33323333333333,31.368533333333335,38.943078571428565,31.851385000000004
2025-01-19T00:00:00.000+05:30,28.3311,243.1261736111111,4.924444444444444,0.0828291666666666,1118.0,376.0,10279.0,2025,1,19,1,1,1,winter,26.48796666666667,26.733333333333334,37.4027,39.206383333333335,31.548998333333337
2025-01-20T00:00:00.000+05:30,28.967133333333333,243.39985416666664,4.979722222222223,0.0929722222222222,0.0,282.0,13727.0,2025,1,20,2,1,0,winter,36.376666666666665,28.16436666666667,44.06016666666667,38.14787857142857,31.045897222222223
2025-01-21T00:00:00.000+05:30,28.990566666666663,244.10518749999997,4.992916666666667,0.0889194444444444,1148.0,2159.0,9830.0,2025,1,21,3,1,0,winter,29.692983333333338,34.6712,33.5968,38.04753333333333,30.892356111111113
2025-01-22T00:00:00.000+05:30,20.6226,244.00635416666668,3.5900000000000003,0.0802777777777777,0.0,341.0,8246.0,2025,1,22,4,1,0,winter,26.0678,27.221166666666665,29.968133333333338,37.26964761904761,30.580838333333336
2025-01-23T00:00:00.000+05:30,31.842266666666667,242.7689513888889,5.530833333333333,0.0877069444444444,2078.0,295.0,12146.0,2025,1,23,5,1,0,winter,46.109233333333336,29.8117,21.160633333333333,35.23150952380952,30.93689277777778
2025-01-24T00:00:00.000+05:30,36.6795,243.25075694444448,6.391111111111112,0.1180374999999999,5096.0,4492.0,8322.0,2025,1,24,6,1,0,winter,55.297,35.04913333333333,17.685299999999998,32.571866666666665,31.570032777777776
2025-01-25T00:00:00.000+05:30,47.394400000000005,242.54399305555555,8.151388888888889,0.1026152777777777,3971.0,5960.0,11213.0,2025,1,25,7,1,1,winter,52.5699,32.93313333333334,20.395533333333333,31.832509523809524,32.469995000000004
2025-01-26T00:00:00.000+05:30,27.907866666666667,243.20027083333335,4.834444444444444,0.0786638888888888,1121.0,348.0,9821.0,2025,1,26,1,1,1,winter,28.3311,26.48796666666667,49.53606666666667,31.77204761904762,31.749055
2025-01-27T00:00:00.000+05:30,23.7505,243.9376041666667,4.167916666666667,0.0941916666666666,896.0,278.0,6608.0,2025,1,27,2,1,0,winter,28.967133333333333,36.376666666666665,26.177366666666668,31.026814285714288,31.66815944444444
2025-01-28T00:00:00.000+05:30,45.36223333333333,243.03222222222223,7.830972222222223,0.0805694444444444,2301.0,6949.0,14285.0,2025,1,28,3,1,0,winter,28.990566666666663,29.692983333333338,9.254633333333334,33.36562380952381,32.87174611111111
2025-01-29T00:00:00.000+05:30,26.2283,243.36284722222223,4.532638888888889,0.0724347222222222,0.0,294.0,8996.0,2025,1,29,4,1,0,winter,20.6226,26.0678,19.920633333333335,34.16643809523809,33.08200166666666
2025-01-30T00:00:00.000+05:30,34.3173,244.28983333333332,5.917916666666666,0.0833986111111111,1622.0,280.0,12147.0,2025,1,30,5,1,0,winter,31.842266666666667,46.109233333333336,32.736466666666665,34.52001428571429,33.134696111111104
2025-01-31T00:00:00.000+05:30,55.2142,242.47138194444443,9.633194444444444,0.1657722222222222,8278.0,6575.0,15309.0,2025,1,31,6,1,0,winter,36.6795,55.297,23.444866666666663,37.16782857142857,34.19367388888888
2025-02-01T00:00:00.000+05:30,30.786166666666663,244.80642361111111,5.3694444444444445,0.1055916666666666,3330.0,622.0,7494.0,2025,2,1,7,1,1,winter,47.394400000000005,52.5699,38.79183333333334,34.79522380952381,33.92681833333333
2025-02-02T00:00:00.000+05:30,26.721666666666668,244.8748263888889,4.581111111111111,0.0740194444444444,1159.0,232.0,10915.0,2025,2,2,1,1,1,winter,27.907866666666667,28.3311,31.8916,34.62576666666667,33.75448722222222
2025-02-03T00:00:00.000+05:30,31.139833333333335,244.3027222222222,5.3438888888888885,0.0854236111111111,703.0,878.0,14984.0,2025,2,3,2,1,0,winter,23.7505,28.967133333333333,32.33323333333333,35.68138571428572,33.71470722222222
2025-02-04T00:00:00.000+05:30,41.0154,244.68669444444447,7.041388888888889,0.1052805555555555,871.0,6961.0,15960.0,2025,2,4,3,1,0,winter,45.36223333333333,28.990566666666663,26.733333333333334,35.060409523809525,34.190776111111106
2025-02-05T00:00:00.000+05:30,27.4848,243.85506249999997,4.7625,0.0848527777777777,1104.0,264.0,12987.0,2025,2,5,4,1,0,winter,26.2283,20.6226,28.16436666666667,35.23990952380952,34.168123888888886
2025-02-06T00:00:00.000+05:30,34.13993333333334,243.28893055555557,5.921666666666667,0.0881055555555555,1165.0,273.0,11716.0,2025,2,6,5,1,0,winter,34.3173,31.842266666666667,34.6712,35.21457142857143,34.150414999999995
2025-02-07T00:00:00.000+05:30,52.19226666666667,242.05092361111113,9.080972222222222,0.128225,6822.0,4483.0,17873.0,2025,2,7,6,1,0,winter,55.2142,36.6795,27.221166666666665,34.78286666666667,34.982785
2025-02-08T00:00:00.000+05:30,36.3811,243.35456944444445,6.329583333333334,0.0930694444444444,5341.0,259.0,15174.0,2025,2,8,7,1,1,winter,30.786166666666663,47.394400000000005,29.8117,35.58214285714286,35.201765
2025-02-09T00:00:00.000+05:30,28.443966666666665,243.3219861111111,4.9655555555555555,0.0934777777777777,1063.0,228.0,9375.0,2025,2,9,1,1,1,winter,26.721666666666668,27.907866666666667,35.04913333333333,35.828185714285716,34.98159277777778
2025-02-10T00:00:00.000+05:30,32.39703333333333,243.15777083333333,5.5841666666666665,0.0804388888888888,1128.0,263.0,12339.0,2025,2,10,2,1,0,winter,31.139833333333335,23.7505,32.93313333333334,36.00778571428571,34.963722777777775
2025-02-11T00:00:00.000+05:30,43.98983333333333,242.0975625,7.73125,0.1662236111111111,2985.0,10477.0,12195.0,2025,2,11,3,1,0,winter,41.0154,45.36223333333333,26.48796666666667,36.43270476190476,35.54711833333333
2025-02-12T00:00:00.000+05:30,32.811,242.91152777777776,5.682638888888889,0.0828361111111111,1109.0,299.0,17724.0,2025,2,12,4,1,0,winter,27.4848,26.2283,36.376666666666665,37.19359047619047,35.42826277777778
2025-02-13T00:00:00.000+05:30,28.167033333333332,241.69333333333336,4.891805555555555,0.0758236111111111,1100.0,254.0,11554.0,2025,2,13,5,1,0,winter,34.13993333333334,34.3173,29.692983333333338,36.34031904761905,35.37739777777778
2025-02-14T00:00:00.000+05:30,38.92193333333333,241.9453472222222,6.728194444444445,0.0824777777777777,2280.0,3256.0,18543.0,2025,2,14,6,1,0,winter,52.19226666666667,55.2142,26.0678,34.44455714285714,35.80586888888889
2025-02-15T00:00:00.000+05:30,26.433866666666667,242.8439375,4.501388888888889,0.0791819444444444,2465.0,226.0,5234.0,2025,2,15,7,1,1,winter,36.3811,30.786166666666663,46.109233333333336,33.02352380952381,35.15002333333334
2025-02-16T00:00:00.000+05:30,21.98323333333333,242.14300694444444,3.8281944444444447,0.0776430555555555,0.0,261.0,7037.0,2025,2,16,1,1,1,winter,28.443966666666665,26.721666666666668,55.297,32.1005619047619,34.03956444444444
2025-02-17T00:00:00.000+05:30,13.2463,242.26856249999997,2.303888888888889,0.0825402777777777,0.0,278.0,3925.0,2025,2,17,2,1,0,winter,32.39703333333333,31.139833333333335,52.5699,29.364742857142854,32.72877777777777
2025-02-18T00:00:00.000+05:30,13.774166666666668,242.23109722222225,2.3558333333333334,0.0785166666666666,0.0,297.0,5471.0,2025,2,18,3,1,0,winter,43.98983333333333,41.0154,28.3311,25.04821904761905,32.24354666666667
2025-02-19T00:00:00.000+05:30,12.2878,241.54959027777775,2.111527777777778,0.0690125,1046.0,262.0,1796.0,2025,2,19,4,1,0,winter,32.811,27.4848,28.967133333333333,22.116333333333333,31.68756888888889
2025-02-20T00:00:00.000+05:30,31.3456,240.19070833333333,5.535,0.1021083333333333,2897.0,293.0,8768.0,2025,2,20,5,1,0,winter,28.167033333333332,34.13993333333334,28.990566666666663,22.570414285714286,31.766070000000003
2025-02-21T00:00:00.000+05:30,21.9364,240.9543402777778,3.806666666666667,0.1079180555555555,2111.0,262.0,3983.0,2025,2,21,6,1,0,winter,38.92193333333333,52.19226666666667,20.6226,20.143909523809526,31.809863333333332
2025-02-22T00:00:00.000+05:30,37.307966666666665,241.31630555555552,6.534722222222222,0.1221027777777777,3816.0,8576.0,7133.0,2025,2,22,7,1,1,winter,26.433866666666667,36.3811,31.842266666666667,21.697352380952378,31.992053333333335
2025-02-23T00:00:00.000+05:30,45.56093333333333,241.24088194444445,7.873055555555556,0.0901388888888889,1212.0,3744.0,12471.0,2025,2,23,1,1,1,winter,21.98323333333333,28.443966666666665,36.6795,25.065595238095238,32.28810111111111
2025-02-24T00:00:00.000+05:30,29.719066666666667,240.8879236111111,5.167638888888889,0.0856569444444444,0.0,1602.0,14512.0,2025,2,24,2,1,0,winter,13.2463,32.39703333333333,47.394400000000005,27.418847619047618,31.69892333333333
2025-02-25T00:00:00.000+05:30,19.497400000000003,241.2019652777778,3.4125,0.0785208333333333,1092.0,274.0,7359.0,2025,2,25,3,1,0,winter,13.774166666666668,43.98983333333333,27.907866666666667,28.236452380952382,31.41857444444444
2025-02-26T00:00:00.000+05:30,19.280866666666668,240.73236805555555,3.3630555555555555,0.0781944444444444,0.0,268.0,6841.0,2025,2,26,4,1,0,winter,12.2878,32.811,23.7505,29.235461904761905,31.26958666666666
2025-02-27T00:00:00.000+05:30,33.8153,240.96568750000003,5.903472222222222,0.1403583333333333,1154.0,246.0,14831.0,2025,2,27,5,1,0,winter,31.3456,28.167033333333332,45.36223333333333,29.58827619047619,30.884688888888885
2025-02-28T00:00:00.000+05:30,27.179166666666667,242.3972777777778,4.834305555555555,0.1476305555555555,1145.0,5358.0,8006.0,2025,2,28,6,1,0,winter,21.9364,38.92193333333333,26.2283,30.337242857142858,30.91638444444444
2025-03-01T00:00:00.000+05:30,41.20868333333333,242.14014236111112,7.230555555555555,0.1315479166666666,11224.0,2740.5,8852.0,2025,3,1,7,1,1,spring,37.307966666666665,26.433866666666667,34.3173,30.8944880952381,31.14609722222222
2025-03-02T00:00:00.000+05:30,24.624033333333333,242.24184722222225,4.401111111111112,0.0940027777777777,1560.0,310.0,6684.0,2025,3,2,1,1,1,spring,45.56093333333333,21.98323333333333,55.2142,27.903502380952382,30.126424999999994
2025-03-03T00:00:00.000+05:30,30.81586666666667,242.89735416666667,5.347083333333334,0.0888222222222222,1159.0,268.0,13024.0,2025,3,3,2,1,0,spring,29.719066666666667,13.2463,30.786166666666663,28.060188095238097,30.127415
2025-03-04T00:00:00.000+05:30,30.702166666666667,242.3844861111111,5.397222222222222,0.0898847222222222,2214.0,2570.0,8393.0,2025,3,4,3,1,0,spring,19.497400000000003,13.774166666666668,26.721666666666668,29.660869047619048,30.260098333333328
2025-03-05T00:00:00.000+05:30,24.030199999999997,241.67960416666668,4.253333333333334,0.0780986111111111,0.0,271.0,9094.0,2025,3,5,4,1,0,spring,19.280866666666668,12.2878,31.139833333333335,30.339345238095238,30.023110555555558
2025-03-06T00:00:00.000+05:30,29.724566666666664,240.7933125,5.2636111111111115,0.0895527777777777,1144.0,265.0,12056.0,2025,3,6,5,1,0,spring,33.8153,31.3456,41.0154,29.754954761904763,29.646749444444445
2025-03-07T00:00:00.000+05:30,28.27443333333333,242.47164583333333,4.935972222222222,0.1040736111111111,1055.0,811.0,12113.0,2025,3,7,6,1,0,spring,27.179166666666667,21.9364,27.4848,29.91142142857143,29.673070555555555
2025-03-08T00:00:00.000+05:30,39.286100000000005,242.15979166666665,6.881805555555555,0.1348513888888889,7253.0,5260.0,12691.0,2025,3,8,7,1,1,spring,41.20868333333333,37.307966666666665,34.13993333333334,29.636766666666663,29.84460944444445
2025-03-09T00:00:00.000+05:30,28.0926,242.48230555555557,4.904444444444445,0.0944722222222222,2001.0,369.0,10336.0,2025,3,9,1,1,1,spring,24.624033333333333,45.56093333333333,52.19226666666667,30.132276190476187,29.041287222222227
2025-03-10T00:00:00.000+05:30,30.6035,241.8284375,5.340694444444445,0.0797930555555555,0.0,281.0,11610.0,2025,3,10,2,1,0,spring,30.81586666666667,29.719066666666667,36.3811,30.101938095238097,28.848700555555563
2025-03-11T00:00:00.000+05:30,40.0984,241.8211736111111,7.027638888888888,0.0953083333333333,3476.0,7288.0,10737.0,2025,3,11,3,1,0,spring,30.702166666666667,19.497400000000003,28.443966666666665,31.44425714285714,29.23718166666667
2025-03-12T00:00:00.000+05:30,31.454333333333334,241.9984236111111,5.457916666666667,0.0935916666666666,0.0,364.0,13655.0,2025,3,12,4,1,0,spring,24.030199999999997,19.280866666666668,32.39703333333333,32.50484761904762,29.20575833333334
2025-03-13T00:00:00.000+05:30,24.092,242.7573055555556,4.171388888888889,0.0963083333333333,1082.0,311.0,10466.0,2025,3,13,5,1,0,spring,29.724566666666664,33.8153,43.98983333333333,31.700195238095237,28.542497222222227
2025-03-14T00:00:00.000+05:30,35.81713333333333,242.17880555555556,6.186111111111111,0.1078125,2196.0,280.0,18036.0,2025,3,14,6,1,0,spring,28.27443333333333,27.179166666666667,32.811,32.77772380952381,28.642701666666667
2025-03-15T00:00:00.000+05:30,32.3677,241.7711111111111,5.69625,0.1234388888888888,3478.0,5152.0,8353.0,2025,3,15,7,1,1,spring,39.286100000000005,41.20868333333333,28.167033333333332,31.789380952380952,28.782723888888892
2025-03-16T00:00:00.000+05:30,22.302083333333332,242.4094548611111,3.855208333333333,0.0829090277777777,0.0,306.0,9291.0,2025,3,16,1,1,1,spring,28.0926,24.624033333333333,38.92193333333333,30.962164285714287,28.22872888888889
2025-03-17T00:00:00.000+05:30,32.1985,241.95642361111112,5.649305555555555,0.1631888888888888,1110.0,3952.0,12320.0,2025,3,17,2,1,0,spring,30.6035,30.81586666666667,26.433866666666667,31.19002142857143,28.420883333333332
2025-03-18T00:00:00.000+05:30,24.178,242.84061805555555,4.181111111111111,0.0846569444444444,1123.0,375.0,12101.0,2025,3,18,3,1,0,spring,40.0984,30.702166666666667,21.98323333333333,28.915678571428572,28.494042222222223
2025-03-19T00:00:00.000+05:30,19.858866666666664,242.7762777777778,3.4248611111111114,0.0808416666666666,0.0,314.0,9458.0,2025,3,19,4,1,0,spring,31.454333333333334,24.030199999999997,13.2463,27.259183333333333,28.71446111111111
2025-03-20T00:00:00.000+05:30,24.398433333333333,242.9164861111111,4.217777777777778,0.0903041666666666,1083.0,308.0,10618.0,2025,3,20,5,1,0,spring,24.092,29.724566666666664,13.774166666666668,27.302959523809527,29.068603333333332
2025-03-21T00:00:00.000+05:30,32.16703333333333,242.58272222222223,5.671805555555555,0.1372611111111111,5420.0,682.0,10266.0,2025,3,21,6,1,0,spring,35.81713333333333,28.27443333333333,12.2878,26.78151666666667,29.73124444444444
2025-03-22T00:00:00.000+05:30,28.152833333333337,241.52761111111113,4.950555555555556,0.0904722222222222,2017.0,3778.0,9015.0,2025,3,22,7,1,1,spring,32.3677,39.286100000000005,31.3456,26.179392857142858,29.624818888888885
2025-03-23T00:00:00.000+05:30,21.6075,242.05365277777776,3.789444444444445,0.0834180555555555,1078.0,310.0,5999.0,2025,3,23,1,1,1,spring,22.302083333333332,28.0926,21.9364,26.080166666666667,29.613855555555553
2025-03-24T00:00:00.000+05:30,27.6952,242.4840972222222,4.8943055555555555,0.1019694444444444,1710.0,352.0,10149.0,2025,3,24,2,1,0,spring,32.1985,30.6035,37.307966666666665,25.436838095238095,29.293429999999994
2025-03-25T00:00:00.000+05:30,30.646233333333335,243.1130625,5.353055555555556,0.1347472222222222,2780.0,3315.0,10287.0,2025,3,25,3,1,0,spring,24.178,40.0984,45.56093333333333,26.360871428571425,28.79627333333333
2025-03-26T00:00:00.000+05:30,20.1834,242.93575694444445,3.5016666666666665,0.0831597222222222,0.0,312.0,8596.0,2025,3,26,4,1,0,spring,19.858866666666664,31.454333333333334,29.719066666666667,26.407233333333334,28.47841777777778
2025-03-27T00:00:00.000+05:30,28.56543333333333,242.62864583333337,5.015138888888889,0.1257458333333333,1103.0,526.0,9947.0,2025,3,27,5,1,0,spring,24.398433333333333,24.092,19.497400000000003,27.002519047619046,28.780685555555554
2025-03-28T00:00:00.000+05:30,37.68293333333334,242.1356180555555,6.603333333333333,0.1921527777777777,4527.0,327.0,12225.0,2025,3,28,6,1,0,spring,32.16703333333333,35.81713333333333,19.280866666666668,27.79050476190476,29.394087777777777
2025-03-29T00:00:00.000+05:30,36.94416666666667,242.54856944444444,6.418333333333333,0.0952041666666666,1611.0,4024.0,9502.0,2025,3,29,7,1,1,spring,28.152833333333337,32.3677,33.8153,29.046409523809523,29.498383333333333
2025-03-30T00:00:00.000+05:30,24.6242,242.7285208333333,4.304722222222223,0.0911972222222222,1085.0,295.0,9901.0,2025,3,30,1,1,1,spring,21.6075,22.302083333333332,27.179166666666667,29.477366666666665,29.413217777777778
2025-03-31T00:00:00.000+05:30,30.391366666666663,242.16790277777775,5.309027777777778,0.095825,2202.0,2711.0,12958.0,2025,3,31,2,1,0,spring,27.6952,32.1985,41.20868333333333,29.862533333333335,29.052640555555552
2025-04-01T00:00:00.000+05:30,27.352333333333338,242.90603472222224,4.807916666666666,0.0993388888888889,2807.0,2364.0,7309.0,2025,4,1,3,2,0,spring,30.646233333333335,24.178,24.624033333333333,29.391976190476193,29.143583888888887
2025-04-02T00:00:00.000+05:30,27.40556666666667,242.2396388888889,4.761388888888889,0.0866402777777777,1128.0,324.0,13500.0,2025,4,2,4,2,0,spring,20.1834,19.858866666666664,30.81586666666667,30.423714285714286,29.02990722222222
2025-04-03T00:00:00.000+05:30,22.721,241.8118888888889,3.982916666666666,0.0920819444444444,0.0,326.0,8556.0,2025,4,3,5,2,0,spring,28.56543333333333,24.398433333333333,30.702166666666667,29.58879523809524,28.763868333333335
2025-04-04T00:00:00.000+05:30,36.52053333333333,241.45065277777775,6.396527777777778,0.1387,2699.0,4172.0,16251.0,2025,4,4,6,2,0,spring,37.68293333333334,32.16703333333333,24.030199999999997,29.422738095238095,29.18021277777778
2025-04-05T00:00:00.000+05:30,22.9286,242.31370833333332,4.112083333333333,0.1270916666666666,3832.0,357.0,6503.0,2025,4,5,7,2,1,spring,36.94416666666667,28.152833333333337,29.724566666666664,27.420514285714283,28.953680555555554
2025-04-06T00:00:00.000+05:30,24.21056666666667,242.30114583333335,4.225555555555555,0.0913472222222222,799.0,333.0,10141.0,2025,4,6,1,2,1,spring,24.6242,21.6075,28.27443333333333,27.36142380952381,28.818218333333334
2025-04-07T00:00:00.000+05:30,24.001533333333334,241.98941666666667,4.23125,0.1060638888888888,1103.0,338.0,9121.0,2025,4,7,2,2,0,spring,30.391366666666663,27.6952,39.286100000000005,26.448590476190475,28.308732777777777
2025-04-08T00:00:00.000+05:30,25.576666666666664,242.25972916666663,4.527916666666666,0.1120486111111111,2131.0,2827.0,7968.0,2025,4,8,3,2,0,spring,27.352333333333338,30.646233333333335,28.0926,26.194923809523807,28.224868333333333
2025-04-09T00:00:00.000+05:30,31.507866666666665,242.2968263888889,5.464583333333334,0.1228722222222222,2682.0,366.0,13482.0,2025,4,9,4,2,0,spring,27.40556666666667,20.1834,30.6035,26.780966666666668,28.255013888888886
2025-04-10T00:00:00.000+05:30,30.7019,242.0344861111111,5.329166666666667,0.1151333333333333,2057.0,2822.0,13828.0,2025,4,10,5,2,0,spring,22.721,28.56543333333333,40.0984,27.921095238095237,27.941797222222224
2025-04-11T00:00:00.000+05:30,41.04076666666666,240.9692569444444,7.175277777777778,0.1761569444444444,3661.0,4286.0,18233.0,2025,4,11,6,2,0,spring,36.52053333333333,37.68293333333334,31.454333333333334,28.566842857142856,28.261345
2025-04-12T00:00:00.000+05:30,35.68353333333334,240.4032986111111,6.332777777777778,0.1956041666666667,7498.0,1504.0,12470.0,2025,4,12,7,2,1,spring,22.9286,36.94416666666667,24.092,30.388976190476193,28.647729444444444
2025-04-13T00:00:00.000+05:30,26.664066666666667,241.13211805555557,4.735138888888889,0.1388805555555555,1006.0,5648.0,6209.0,2025,4,13,1,2,1,spring,24.21056666666667,24.6242,35.81713333333333,30.739476190476186,28.342627222222223
2025-04-14T00:00:00.000+05:30,25.025633333333335,241.4923263888889,4.435,0.1309583333333333,888.0,2341.0,9478.0,2025,4,14,2,2,0,spring,24.001533333333334,30.391366666666663,32.3677,30.885776190476186,28.097891666666666
2025-04-15T00:00:00.000+05:30,20.2677,241.32070833333333,3.6109722222222222,0.1325597222222222,1880.0,463.0,5278.0,2025,4,15,3,2,0,spring,25.576666666666664,27.352333333333338,22.302083333333332,30.127352380952377,28.030078888888887
2025-04-16T00:00:00.000+05:30,26.0754,240.47604166666667,4.6241666666666665,0.1243166666666666,2896.0,397.0,9809.0,2025,4,16,4,2,0,spring,31.507866666666665,27.40556666666667,32.1985,29.351285714285712,27.82597555555555
2025-04-17T00:00:00.000+05:30,34.04683333333333,241.32772916666667,5.966944444444445,0.1188875,0.0,5224.0,7655.0,2025,4,17,5,2,0,spring,30.7019,22.721,24.178,29.829133333333335,28.154936666666668
2025-04-18T00:00:00.000+05:30,25.204433333333338,241.04625,4.428055555555555,0.1020541666666666,1028.0,2613.0,10699.0,2025,4,18,6,2,0,spring,41.04076666666666,36.52053333333333,19.858866666666664,27.566799999999997,28.333122222222226
2025-04-19T00:00:00.000+05:30,21.441133333333333,242.6585347222222,3.7484722222222224,0.1066694444444444,2201.0,376.0,8088.0,2025,4,19,7,2,1,spring,35.68353333333334,22.9286,24.398433333333333,25.532171428571427,28.234545555555556
2025-04-20T00:00:00.000+05:30,24.775166666666667,241.90455555555556,4.333333333333333,0.1177097222222222,0.0,2644.0,10476.0,2025,4,20,1,2,1,spring,26.664066666666667,24.21056666666667,32.16703333333333,25.262328571428576,27.98815
2025-04-21T00:00:00.000+05:30,31.576633333333337,240.64846527777777,5.535277777777778,0.1268972222222222,1925.0,375.0,7380.0,2025,4,21,2,2,0,spring,25.025633333333335,24.001533333333334,28.152833333333337,26.19818571428572,28.102276666666665
2025-04-22T00:00:00.000+05:30,24.936633333333337,241.27485416666664,4.372777777777778,0.1416027777777777,1024.0,1203.0,13265.0,2025,4,22,3,2,0,spring,20.2677,25.576666666666664,21.6075,26.865176190476195,28.21324777777778
2025-04-23T00:00:00.000+05:30,19.024333333333335,241.49463888888891,3.402222222222222,0.1218430555555555,1068.0,395.0,5511.0,2025,4,23,4,2,0,spring,26.0754,31.507866666666665,27.6952,25.857880952380953,27.92421888888889
2025-04-24T00:00:00.000+05:30,19.9008,241.7900833333333,3.529861111111111,0.1255694444444444,0.0,383.0,9677.0,2025,4,24,5,2,0,spring,34.04683333333333,30.7019,30.646233333333335,23.837019047619048,27.566037777777776
2025-04-25T00:00:00.000+05:30,33.70473333333334,240.50833333333333,5.936111111111111,0.1636055555555555,2007.0,3901.0,13225.0,2025,4,25,6,2,0,spring,25.204433333333338,41.04076666666666,20.1834,25.05134761904762,28.01674888888889
2025-04-26T00:00:00.000+05:30,29.693766666666665,241.8649236111111,5.242083333333333,0.1594569444444444,3053.0,3017.0,10561.0,2025,4,26,7,2,1,spring,21.441133333333333,35.68353333333334,28.56543333333333,26.23029523809524,28.05436
2025-04-27T00:00:00.000+05:30,22.52713333333333,241.0012291666667,4.004166666666666,0.1113944444444444,995.0,376.0,7021.0,2025,4,27,1,2,1,spring,24.775166666666667,26.664066666666667,37.68293333333334,25.909147619047623,27.54916666666667
2025-04-28T00:00:00.000+05:30,28.439766666666667,241.990125,5.059027777777778,0.1113652777777777,2068.0,371.0,11469.0,2025,4,28,2,2,0,spring,31.576633333333337,25.025633333333335,36.94416666666667,25.461023809523805,27.26568666666667
2025-04-29T00:00:00.000+05:30,27.744666666666667,242.18654166666667,4.858472222222222,0.0983444444444444,1043.0,2492.0,9372.0,2025,4,29,3,2,0,spring,24.936633333333337,20.2677,24.6242,25.862171428571425,27.369702222222227
2025-04-30T00:00:00.000+05:30,30.579366666666665,241.90433333333337,5.323888888888889,0.0958722222222222,1027.0,363.0,15305.0,2025,4,30,4,2,0,spring,19.024333333333335,26.0754,30.391366666666663,27.512890476190474,27.375968888888895
2025-05-01T00:00:00.000+05:30,25.213366666666666,241.27309027777775,4.424166666666666,0.1322652777777777,1067.0,1052.0,11709.0,2025,5,1,5,2,0,spring,19.9008,34.04683333333333,27.352333333333338,28.271828571428575,27.30467
2025-05-02T00:00:00.000+05:30,23.231833333333334,241.8829027777778,4.077500000000001,0.1247361111111111,1430.0,374.0,9760.0,2025,5,2,6,2,0,spring,33.70473333333334,25.204433333333338,27.40556666666667,26.7757,27.16554555555556
2025-05-03T00:00:00.000+05:30,26.814633333333333,242.06633333333335,4.7619444444444445,0.1247902777777777,3207.0,2593.0,7226.0,2025,5,3,7,2,1,spring,29.693766666666665,21.441133333333333,22.721,26.364395238095238,27.302000000000003
2025-05-04T00:00:00.000+05:30,27.798033333333333,241.43522916666663,4.841388888888889,0.1014277777777777,1007.0,411.0,11374.0,2025,5,4,1,2,1,spring,22.52713333333333,24.775166666666667,36.52053333333333,27.117380952380955,27.011250000000004
2025-05-05T00:00:00.000+05:30,28.857899999999997,240.81849305555556,5.057222222222222,0.0985513888888888,1049.0,5539.0,10166.0,2025,5,5,2,2,0,spring,28.439766666666667,31.576633333333337,22.9286,27.177114285714286,27.208893333333336
2025-05-06T00:00:00.000+05:30,22.498366666666666,240.8967152777778,3.969722222222222,0.1016513888888889,1038.0,1797.0,9058.0,2025,5,6,3,2,0,spring,27.744666666666667,24.936633333333337,24.21056666666667,26.427642857142853,27.15182
2025-05-07T00:00:00.000+05:30,16.877466666666667,241.1735138888889,2.972777777777778,0.0937555555555555,0.0,374.0,7992.0,2025,5,7,4,2,0,spring,30.579366666666665,19.024333333333335,24.001533333333334,24.47022857142857,26.914351111111113
2025-05-08T00:00:00.000+05:30,30.9526,240.8248125,5.417777777777778,0.1075569444444444,2226.0,848.0,15426.0,2025,5,8,5,2,0,spring,25.213366666666666,19.9008,25.576666666666664,25.290119047619044,27.093548888888893
2025-05-09T00:00:00.000+05:30,21.022533333333335,241.57422916666667,3.764444444444445,0.1270722222222222,2090.0,382.0,6605.0,2025,5,9,6,2,0,spring,23.231833333333334,33.70473333333334,31.507866666666665,24.974504761904765,26.74403777777778
2025-05-10T00:00:00.000+05:30,32.7982,241.07,5.843888888888889,0.1424222222222222,4300.0,6670.0,8696.0,2025,5,10,7,2,1,spring,26.814633333333333,29.693766666666665,30.7019,25.8293,26.813914444444446
2025-05-11T00:00:00.000+05:30,25.286266666666663,240.25132638888888,4.4309722222222225,0.1100277777777777,1035.0,457.0,11009.0,2025,5,11,1,2,1,spring,27.798033333333333,22.52713333333333,41.04076666666666,25.470476190476194,26.28876444444444
2025-05-12T00:00:00.000+05:30,27.099266666666665,240.3767777777778,4.768888888888889,0.1041819444444444,0.0,2713.0,11335.0,2025,5,12,2,2,0,spring,28.857899999999997,28.439766666666667,35.68353333333334,25.219242857142856,26.002622222222218
2025-05-13T00:00:00.000+05:30,20.7733,240.63597916666663,3.707361111111112,0.1191430555555555,1419.0,553.0,7127.0,2025,5,13,3,2,0,spring,22.498366666666666,27.744666666666667,26.664066666666667,24.972804761904765,25.806263333333327
2025-05-14T00:00:00.000+05:30,26.783066666666667,240.05952083333335,4.805694444444445,0.1054930555555555,0.0,4065.0,11499.0,2025,5,14,4,2,0,spring,16.877466666666667,30.579366666666665,25.025633333333335,26.387890476190474,25.86484444444444
2025-05-15T00:00:00.000+05:30,23.70376666666667,240.95720138888888,4.182777777777778,0.0976013888888888,1382.0,494.0,12195.0,2025,5,15,5,2,0,spring,30.9526,25.213366666666666,20.2677,25.352342857142855,25.979379999999992
2025-05-16T00:00:00.000+05:30,33.4563,239.98875694444445,5.885416666666667,0.1295152777777777,1705.0,4820.0,12265.0,2025,5,16,6,2,0,spring,21.022533333333335,23.231833333333334,26.0754,27.128595238095237,26.22540999999999
2025-05-17T00:00:00.000+05:30,25.7294,240.30072916666663,4.605416666666667,0.1572638888888889,2555.0,1926.0,7168.0,2025,5,17,7,2,1,spring,32.7982,26.814633333333333,34.04683333333333,26.118766666666666,25.94816222222221
2025-05-18T00:00:00.000+05:30,20.1651,240.9586736111111,3.518194444444444,0.1073333333333333,763.0,374.0,8971.0,2025,5,18,1,2,1,spring,25.286266666666663,27.798033333333333,25.204433333333338,25.387171428571428,25.780184444444433
2025-05-19T00:00:00.000+05:30,26.955733333333335,240.9929375,4.701527777777778,0.1311694444444444,3253.0,792.0,10981.0,2025,5,19,2,2,0,spring,27.099266666666665,28.857899999999997,21.441133333333333,25.366666666666667,25.964004444444434
2025-05-20T00:00:00.000+05:30,21.786033333333332,241.31970833333332,3.8394444444444447,0.1266541666666666,1061.0,1889.0,9470.0,2025,5,20,3,2,0,spring,20.7733,22.498366666666666,24.775166666666667,25.51134285714286,25.864366666666662
2025-05-21T00:00:00.000+05:30,26.2525,241.01910416666664,4.608472222222222,0.1474972222222222,1553.0,1278.0,12563.0,2025,5,21,4,2,0,spring,26.783066666666667,16.877466666666667,31.576633333333337,25.435547619047618,25.68689555555555
2025-05-22T00:00:00.000+05:30,17.913433333333334,241.9665347222222,3.200972222222222,0.1647513888888888,982.0,1207.0,8078.0,2025,5,22,5,2,0,spring,23.70376666666667,30.9526,24.936633333333337,24.60835714285714,25.45278888888889
2025-05-23T00:00:00.000+05:30,25.509966666666667,240.56841666666668,4.4944444444444445,0.1342013888888888,480.0,1844.0,12579.0,2025,5,23,6,2,0,spring,33.4563,21.022533333333335,19.024333333333335,23.473166666666664,25.668976666666666
2025-05-24T00:00:00.000+05:30,21.4631,242.01796527777776,3.770555555555556,0.1230555555555555,45.0,446.0,10256.0,2025,5,24,7,2,1,spring,25.7294,32.7982,19.9008,22.863695238095236,25.721053333333337
2025-05-25T00:00:00.000+05:30,22.568266666666663,238.4309027777778,4.001805555555555,0.1271958333333333,920.0,966.0,9930.0,2025,5,25,1,2,1,spring,20.1651,25.286266666666663,33.70473333333334,23.20700476190476,25.349837777777786
2025-05-26T00:00:00.000+05:30,22.316216666666666,231.79023263888888,4.040208333333333,0.0880236111111111,1191.0,864.5,10100.0,2025,5,26,2,2,0,spring,26.955733333333335,27.099266666666665,29.693766666666665,22.544216666666667,25.10391944444445
2025-05-27T00:00:00.000+05:30,25.7382,231.14297222222223,4.673472222222222,0.0867375,1052.0,2355.0,11076.0,2025,5,27,3,2,0,spring,21.786033333333332,20.7733,22.52713333333333,23.108811904761904,25.21095500000001
2025-05-28T00:00:00.000+05:30,19.662266666666667,233.70236111111112,3.512916666666667,0.0894347222222222,1502.0,421.0,9049.0,2025,5,28,4,2,0,spring,26.2525,26.783066666666667,28.439766666666667,22.16735,24.91837166666668
2025-05-29T00:00:00.000+05:30,20.7141,241.55870138888892,3.633472222222222,0.1021875,1005.0,434.0,10112.0,2025,5,29,5,2,0,spring,17.913433333333334,23.70376666666667,27.744666666666667,22.56744523809524,24.684019444444452
2025-05-30T00:00:00.000+05:30,27.651766666666667,241.1634097222222,4.9030555555555555,0.1622833333333333,2787.0,1707.0,11557.0,2025,5,30,6,2,0,spring,25.509966666666667,33.4563,30.579366666666665,22.873416666666664,24.586432777777784
2025-05-31T00:00:00.000+05:30,15.948166666666667,241.45614583333332,2.8866666666666667,0.1393166666666666,1466.0,458.0,5720.0,2025,5,31,7,2,1,spring,21.4631,25.7294,25.213366666666666,22.08556904761905,24.277592777777784
2025-06-01T00:00:00.000+05:30,24.054333333333332,241.334125,4.31125,0.1596361111111111,2789.0,461.0,11361.0,2025,6,1,1,2,1,summer,22.568266666666663,20.1651,23.231833333333334,22.29786428571429,24.30500944444445
2025-06-02T00:00:00.000+05:30,18.1773,241.6302986111111,3.367777777777778,0.1553444444444444,0.0,506.0,7892.0,2025,6,2,2,2,0,summer,22.316216666666666,26.955733333333335,26.814633333333333,21.706590476190478,24.01709833333334
2025-06-03T00:00:00.000+05:30,22.60963333333333,240.40592361111112,4.076666666666666,0.1395319444444444,940.0,1370.0,11577.0,2025,6,3,3,2,0,summer,25.7382,21.786033333333332,27.798033333333333,21.25965238095238,23.844151666666672
2025-06-04T00:00:00.000+05:30,17.261000000000003,240.0102013888889,3.083472222222222,0.1143486111111111,1906.0,455.0,6905.0,2025,6,4,4,2,0,summer,19.662266666666667,26.2525,28.857899999999997,20.91661428571428,23.45758833333333
2025-06-05T00:00:00.000+05:30,20.505999999999997,239.86320833333335,3.65,0.1089930555555555,0.0,456.0,12515.0,2025,6,5,5,2,0,summer,20.7141,17.913433333333334,22.498366666666666,20.886885714285714,23.39117611111111
2025-06-06T00:00:00.000+05:30,24.590833333333332,240.58184027777776,4.414305555555556,0.16215,1769.0,2732.0,10611.0,2025,6,6,6,2,0,summer,27.651766666666667,25.509966666666667,16.877466666666667,20.449609523809524,23.64828833333333
2025-06-07T00:00:00.000+05:30,20.1232,241.01856249999997,3.628888888888889,0.1520347222222222,2077.0,1641.0,6034.0,2025,6,7,7,2,1,summer,15.948166666666667,21.4631,30.9526,21.046042857142858,23.28730833333333
2025-06-08T00:00:00.000+05:30,19.64626666666667,240.0647291666667,3.5420833333333337,0.0898333333333333,1024.0,432.0,8551.0,2025,6,8,1,2,1,summer,24.054333333333332,22.568266666666663,21.022533333333335,20.416319047619048,23.24143277777777
2025-06-09T00:00:00.000+05:30,22.214166666666664,240.9235138888889,3.957777777777778,0.1072194444444444,1000.0,414.0,10695.0,2025,6,9,2,2,0,summer,18.1773,22.316216666666666,32.7982,20.993014285714285,22.88863166666666
2025-06-10T00:00:00.000+05:30,26.716600000000003,240.7160833333333,4.733888888888889,0.1105611111111111,1032.0,4745.0,9889.0,2025,6,10,3,2,0,summer,22.60963333333333,25.7382,25.286266666666663,21.57972380952381,22.936309444444436
2025-06-11T00:00:00.000+05:30,21.6775,241.17605555555556,3.8533333333333335,0.1110638888888888,0.0,472.0,10610.0,2025,6,11,4,2,0,summer,17.261000000000003,19.662266666666667,27.099266666666665,22.210652380952382,22.755583888888882
2025-06-12T00:00:00.000+05:30,18.3622,240.9373402777778,3.265972222222222,0.1060444444444444,1009.0,460.0,7137.0,2025,6,12,5,2,0,summer,20.505999999999997,20.7141,20.7733,21.90439523809524,22.675213888888887
2025-06-13T00:00:00.000+05:30,0.5937758015728978,242.1998423069167,1.6489655172413793,0.1069257511595079,0.0,64.44646098003629,152.28493647912885,2025,6,13,6,2,0,summer,24.590833333333332,27.651766666666667,26.783066666666667,18.47624416212946,21.80223752671909
2025-06-15T00:00:00.000+05:30,15.0103241984271,240.55885568648569,3.701811582247154,0.159313571670473,916.0,348.5535390199637,7148.715063520871,2025,6,15,1,2,1,summer,20.1232,15.948166666666667,23.70376666666667,17.745833333333334,21.51245611111111
2025-06-16T00:00:00.000+05:30,25.14653333333333,240.83118055555556,4.484861111111111,0.1473527777777777,2983.0,1221.0,13691.0,2025,6,16,2,2,0,summer,19.64626666666667,24.054333333333332,33.4563,18.531585714285715,21.235463888888884
2025-06-17T00:00:00.000+05:30,16.466933333333333,241.29550694444447,2.958888888888889,0.1339305555555555,975.0,611.0,7193.0,2025,6,17,3,2,0,summer,22.214166666666664,18.1773,25.7294,17.710552380952382,20.926714999999998
2025-06-18T00:00:00.000+05:30,19.428333333333335,241.2962222222222,3.4075,0.1152458333333333,0.0,461.0,11223.0,2025,6,18,4,2,0,summer,26.716600000000003,22.60963333333333,20.1651,16.669371428571427,20.902156111111108
2025-06-19T00:00:00.000+05:30,18.114433333333334,241.31758333333337,3.208472222222222,0.1140694444444444,969.0,475.0,7737.0,2025,6,19,5,2,0,summer,21.6775,17.261000000000003,26.955733333333335,16.160361904761903,20.607446111111106
2025-06-20T00:00:00.000+05:30,18.451666666666664,241.48458333333332,3.2494444444444444,0.1243444444444444,0.0,2657.0,9159.0,2025,6,20,6,2,0,summer,18.3622,20.505999999999997,21.786033333333332,16.173142857142857,20.496300555555553
2025-06-21T00:00:00.000+05:30,14.252366666666669,241.28675694444445,2.5322222222222224,0.1121708333333333,1039.0,412.0,6002.0,2025,6,21,7,2,1,summer,0.5937758015728978,24.590833333333332,26.2525,18.124370123584825,20.096296111111112
2025-06-22T00:00:00.000+05:30,18.234966666666665,241.20229166666667,3.218055555555555,0.1125861111111111,0.0,449.0,11148.0,2025,6,22,1,2,1,summer,15.0103241984271,20.1232,17.913433333333334,18.585033333333335,20.10701388888889
2025-06-23T00:00:00.000+05:30,17.32023333333333,241.2132638888889,3.0751388888888886,0.1138,1010.0,1261.0,8186.0,2025,6,23,2,2,0,summer,25.14653333333333,19.64626666666667,25.509966666666667,17.466990476190478,19.83402277777778
2025-06-24T00:00:00.000+05:30,25.581233333333333,240.53718055555555,4.516111111111111,0.1349458333333333,3059.0,1239.0,14275.0,2025,6,24,3,2,0,summer,16.466933333333333,22.214166666666664,21.4631,18.769033333333336,19.97129388888889
2025-06-25T00:00:00.000+05:30,12.856033333333333,241.17795138888889,2.313888888888889,0.1277541666666666,0.0,495.0,6224.0,2025,6,25,4,2,0,summer,19.428333333333335,26.716600000000003,22.568266666666663,17.830133333333333,19.647552777777783
2025-06-26T00:00:00.000+05:30,21.2887,240.54077083333337,3.8409722222222222,0.1658791666666666,1826.0,538.0,9952.0,2025,6,26,5,2,0,summer,18.114433333333334,21.6775,22.316216666666666,18.2836,19.61330222222222
2025-06-27T00:00:00.000+05:30,28.4842,241.81414583333333,5.028194444444445,0.1886277777777777,2663.0,2432.0,13468.0,2025,6,27,6,2,0,summer,18.451666666666664,18.3622,25.7382,19.716819047619044,19.704835555555555
2025-06-28T00:00:00.000+05:30,17.656566666666667,241.83843055555556,3.2090277777777776,0.1929333333333333,0.0,1421.0,6742.0,2025,6,28,7,2,1,summer,14.252366666666669,0.5937758015728978,19.662266666666667,20.203133333333334,19.637978888888885
2025-06-29T00:00:00.000+05:30,16.83556666666667,241.89382638888887,3.026388888888889,0.1639069444444444,1794.0,598.0,6462.0,2025,6,29,1,2,1,summer,18.234966666666665,15.0103241984271,20.7141,20.003219047619048,19.50869444444444
2025-06-30T00:00:00.000+05:30,19.8741,241.94360416666663,3.6422222222222222,0.1966319444444444,582.0,1034.0,8989.0,2025,6,30,2,2,0,summer,17.32023333333333,25.14653333333333,27.651766666666667,20.36805714285714,19.24943888888889
2025-07-01T00:00:00.000+05:30,20.3057,241.80929861111113,3.6469444444444448,0.1845430555555555,989.0,590.0,9747.0,2025,7,1,3,3,0,summer,25.581233333333333,16.466933333333333,15.948166666666667,19.61440952380952,19.39469
2025-07-02T00:00:00.000+05:30,20.709633333333333,241.96674305555555,3.715,0.1918875,637.0,603.0,8032.0,2025,7,2,4,3,0,summer,12.856033333333333,19.428333333333335,24.054333333333332,20.736352380952383,19.2832
2025-07-03T00:00:00.000+05:30,14.402466666666667,241.92334722222225,2.6351388888888887,0.1708305555555555,856.0,642.0,7371.0,2025,7,3,5,3,0,summer,21.2887,18.114433333333334,18.1773,19.75260476190476,19.157372222222225
2025-07-04T00:00:00.000+05:30,20.6428,241.14746527777777,3.8441666666666663,0.2596541666666666,2084.0,2329.0,6791.0,2025,7,4,6,3,0,summer,28.4842,18.451666666666664,22.60963333333333,18.63240476190476,19.091811111111113
2025-07-05T00:00:00.000+05:30,23.51226666666667,241.4445763888889,4.310277777777778,0.266075,3215.0,1438.0,8014.0,2025,7,5,7,3,1,summer,17.656566666666667,14.252366666666669,17.261000000000003,19.468933333333332,19.300186666666665
2025-07-06T00:00:00.000+05:30,15.904333333333334,241.76347222222225,2.9018055555555557,0.1881749999999999,429.0,755.0,7142.0,2025,7,6,1,3,1,summer,16.83556666666667,18.234966666666665,20.505999999999997,19.335900000000002,19.14679777777777
2025-07-07T00:00:00.000+05:30,18.502266666666667,241.64100694444443,3.4037499999999996,0.1782208333333333,1292.0,3619.0,5704.0,2025,7,7,2,3,0,summer,19.8741,17.32023333333333,24.590833333333332,19.13992380952381,18.94384555555555
2025-07-08T00:00:00.000+05:30,20.573333333333338,241.60375,3.6909722222222223,0.1536083333333333,0.0,3514.0,9308.0,2025,7,8,3,3,0,summer,20.3057,25.581233333333333,20.1232,19.178157142857145,18.958849999999998
2025-07-09T00:00:00.000+05:30,14.1042,242.591125,2.6118055555555557,0.135175,0.0,656.0,4783.0,2025,7,9,4,3,0,summer,20.709633333333333,12.856033333333333,19.64626666666667,18.234523809523814,18.774114444444447
2025-07-10T00:00:00.000+05:30,19.878766666666664,242.24482638888887,3.527083333333333,0.1514986111111111,988.0,2624.0,7494.0,2025,7,10,5,3,0,summer,14.402466666666667,21.2887,22.214166666666664,19.016852380952383,18.69626777777778
2025-07-11T00:00:00.000+05:30,16.566133333333333,242.21479166666663,3.018194444444444,0.1732444444444444,981.0,683.0,7756.0,2025,7,11,6,3,0,summer,20.6428,28.4842,26.716600000000003,18.43447142857143,18.357918888888893
2025-07-12T00:00:00.000+05:30,8.557966666666665,242.3049375,1.6009722222222222,0.1329722222222222,0.0,589.0,4060.0,2025,7,12,7,3,1,summer,23.51226666666667,17.656566666666667,21.6775,16.298142857142857,17.920601111111115
2025-07-13T00:00:00.000+05:30,8.2791,242.5475138888889,1.5625,0.1364763888888888,0.0,594.0,3881.0,2025,7,13,1,3,1,summer,15.904333333333334,16.83556666666667,18.3622,15.20882380952381,17.584497777777777
2025-07-14T00:00:00.000+05:30,15.190499999999998,242.2053888888889,2.8152777777777778,0.1851208333333333,2303.0,618.0,6155.0,2025,7,14,2,3,0,summer,18.502266666666667,19.8741,0.5937758015728978,14.735714285714284,18.07105525105868
2025-07-15T00:00:00.000+05:30,11.967899999999998,241.92689583333333,2.1675,0.1317305555555555,878.0,932.0,5820.0,2025,7,15,3,3,0,summer,20.573333333333338,20.3057,15.0103241984271,13.506366666666667,17.969641111111113
2025-07-16T00:00:00.000+05:30,9.992566666666669,242.11697916666668,1.876111111111111,0.1800875,0.0,1724.0,3902.0,2025,7,16,4,3,0,summer,14.1042,20.709633333333333,25.14653333333333,12.918990476190475,17.46450888888889
2025-07-17T00:00:00.000+05:30,12.1968,241.59461805555551,2.1952777777777777,0.1243986111111111,0.0,626.0,6670.0,2025,7,17,5,3,0,summer,19.878766666666664,14.402466666666667,16.466933333333333,11.821566666666667,17.322171111111114
2025-07-18T00:00:00.000+05:30,16.106833333333334,242.00627777777777,2.884861111111111,0.1516236111111111,0.0,663.0,5389.0,2025,7,18,6,3,0,summer,16.566133333333333,20.6428,19.428333333333335,11.75595238095238,17.211454444444445
2025-07-19T00:00:00.000+05:30,20.060733333333335,242.04660416666667,3.525833333333334,0.1800347222222222,0.0,598.0,5058.0,2025,7,19,7,3,1,summer,8.557966666666665,23.51226666666667,18.114433333333334,13.39920476190476,17.27633111111111
2025-07-20T00:00:00.000+05:30,11.041433333333334,241.84186111111111,2.0479166666666666,0.1512944444444444,914.0,784.0,4948.0,2025,7,20,1,3,1,summer,8.2791,15.904333333333334,18.451666666666664,13.79382380952381,17.02932333333333
2025-07-21T00:00:00.000+05:30,13.5627,242.522875,2.5005555555555556,0.1852083333333333,0.0,981.0,7795.0,2025,7,21,2,3,0,summer,15.190499999999998,18.502266666666667,14.252366666666669,13.561280952380953,17.006334444444445
2025-07-22T00:00:00.000+05:30,12.325533333333334,242.07941666666665,2.2625,0.1656111111111111,0.0,681.0,3965.0,2025,7,22,3,3,0,summer,11.967899999999998,20.573333333333338,18.234966666666665,13.612371428571427,16.809353333333334
2025-07-23T00:00:00.000+05:30,17.166666666666668,241.94331944444448,3.0527777777777776,0.1520208333333333,926.0,622.0,9064.0,2025,7,23,4,3,0,summer,9.992566666666669,14.1042,17.32023333333333,14.63724285714286,16.804234444444443
2025-07-24T00:00:00.000+05:30,9.3623,241.7508263888889,1.756527777777778,0.1448166666666666,0.0,630.0,4128.0,2025,7,24,5,3,0,summer,12.1968,19.878766666666664,25.581233333333333,14.232314285714287,16.263603333333332
2025-07-25T00:00:00.000+05:30,8.944799999999999,242.0970694444445,1.6822222222222225,0.1357361111111111,0.0,577.0,3716.0,2025,7,25,6,3,0,summer,16.106833333333334,16.566133333333333,12.856033333333333,13.209166666666667,16.133228888888887
2025-07-26T00:00:00.000+05:30,9.050266666666666,242.65740277777775,1.7173611111111111,0.1665263888888888,0.0,1019.0,3799.0,2025,7,26,7,3,1,summer,20.060733333333335,8.557966666666665,21.2887,11.636242857142857,15.725281111111112
2025-07-27T00:00:00.000+05:30,11.4761,242.52809027777775,2.182083333333334,0.2235763888888889,0.0,2062.0,5202.0,2025,7,27,1,3,1,summer,11.041433333333334,8.2791,28.4842,11.698338095238096,15.158344444444445
2025-07-28T00:00:00.000+05:30,15.0475,242.22140972222223,2.7680555555555557,0.1755319444444444,0.0,4899.0,4353.0,2025,7,28,2,3,0,summer,13.5627,15.190499999999998,17.656566666666667,11.91045238095238,15.071375555555557
2025-07-29T00:00:00.000+05:30,15.033333333333331,241.5004722222222,2.711388888888889,0.1287972222222222,869.0,749.0,7549.0,2025,7,29,3,3,0,summer,12.325533333333334,11.967899999999998,16.83556666666667,12.297280952380953,15.011301111111111
2025-07-30T00:00:00.000+05:30,13.205433333333334,242.4390138888889,2.4106944444444447,0.1376430555555555,0.0,2304.0,4040.0,2025,7,30,4,3,0,summer,17.166666666666668,9.992566666666669,19.8741,11.731390476190475,14.789012222222222
2025-07-31T00:00:00.000+05:30,16.263833333333334,241.8710625,3.002222222222222,0.1585041666666666,865.0,3423.0,6302.0,2025,7,31,5,3,0,summer,9.3623,12.1968,20.3057,12.71732380952381,14.654283333333336
2025-08-01T00:00:00.000+05:30,11.782766666666667,241.50300694444445,2.207361111111111,0.1685152777777777,0.0,844.0,6248.0,2025,8,1,6,3,0,summer,8.944799999999999,16.106833333333334,20.709633333333333,13.122747619047617,14.356721111111112
2025-08-02T00:00:00.000+05:30,8.162066666666666,240.94159722222224,1.5684722222222225,0.1427027777777777,0.0,637.0,3539.0,2025,8,2,7,3,1,summer,9.050266666666666,20.060733333333335,14.402466666666667,12.995861904761904,14.148707777777778
2025-08-03T00:00:00.000+05:30,8.3383,241.9200694444445,1.5655555555555556,0.1370138888888889,0.0,605.0,3811.0,2025,8,3,1,3,1,summer,11.4761,11.041433333333334,20.6428,12.547604761904761,13.738557777777775
2025-08-04T00:00:00.000+05:30,8.481533333333333,242.27648611111113,1.6094444444444445,0.136375,0.0,607.0,3871.0,2025,8,4,2,3,0,summer,15.0475,13.5627,23.51226666666667,11.609609523809524,13.237533333333333
2025-08-05T00:00:00.000+05:30,8.644200000000001,242.3075763888889,1.6444444444444444,0.1443708333333333,0.0,620.0,4042.0,2025,8,5,3,3,0,summer,15.033333333333331,12.325533333333334,15.904333333333334,10.69687619047619,12.99552888888889
2025-08-06T00:00:00.000+05:30,8.877866666666668,241.22875,1.677361111111111,0.1491569444444444,0.0,659.0,4193.0,2025,8,6,4,3,0,summer,13.205433333333334,17.166666666666668,18.502266666666667,10.078652380952379,12.674715555555554
2025-08-07T00:00:00.000+05:30,8.988266666666668,241.3577986111111,1.6958333333333333,0.1536736111111111,0.0,668.0,4232.0,2025,8,7,5,3,0,summer,16.263833333333334,9.3623,20.573333333333338,9.039285714285715,12.288546666666667
2025-08-08T00:00:00.000+05:30,8.774533333333332,241.72709722222223,1.6597222222222223,0.1486583333333333,0.0,646.0,4093.0,2025,8,8,6,3,0,summer,11.782766666666667,8.944799999999999,14.1042,8.609538095238095,12.110891111111108
2025-08-09T00:00:00.000+05:30,16.637233333333334,242.04941666666664,3.057222222222222,0.1974486111111111,1984.0,2380.0,5154.0,2025,8,9,7,3,1,summer,8.162066666666666,9.050266666666666,19.878766666666664,9.820276190476191,12.002839999999997
2025-08-10T00:00:00.000+05:30,17.822633333333332,241.0285,3.277083333333333,0.2071166666666666,0.0,3719.0,6012.0,2025,8,10,1,3,1,summer,8.3383,11.4761,16.566133333333333,11.175180952380954,12.044723333333332
2025-08-11T00:00:00.000+05:30,15.849233333333332,241.84149305555556,2.94875,0.2135069444444444,857.0,1467.0,6577.0,2025,8,11,2,3,0,summer,8.481533333333333,15.0475,8.557966666666665,12.227709523809523,12.287765555555556
2025-08-12T00:00:00.000+05:30,13.7406,241.80827777777776,2.5543055555555556,0.1892722222222222,912.0,689.0,4991.0,2025,8,12,3,3,0,summer,8.644200000000001,15.033333333333331,8.2791,12.955766666666666,12.469815555555556
2025-08-13T00:00:00.000+05:30,10.600033333333332,241.1511210762332,4.121674140508222,0.1907713004484305,1215.0,3702.0,1769.0,2025,8,13,4,3,0,summer,8.877866666666668,13.205433333333334,15.190499999999998,13.201790476190476,12.316799999999999
2025-08-14T00:00:00.000+05:30,12.477933333333334,241.1795763888889,2.2831944444444447,0.1675888888888889,429.0,850.0,4647.0,2025,8,14,5,3,0,summer,8.988266666666668,16.263833333333334,11.967899999999998,13.700314285714285,12.33380111111111
2025-08-15T00:00:00.000+05:30,25.234366666666663,240.8963472222222,4.605833333333333,0.2671958333333333,3437.0,1852.0,8922.0,2025,8,15,6,3,0,summer,8.774533333333332,11.782766666666667,9.992566666666669,16.05171904761905,12.841861111111115
2025-08-16T00:00:00.000+05:30,20.2952,240.52084722222224,3.794444444444444,0.2840638888888889,1604.0,1094.0,5691.0,2025,8,16,7,3,1,summer,16.637233333333334,8.162066666666666,12.1968,16.574285714285715,13.111807777777784
2025-08-17T00:00:00.000+05:30,13.098466666666669,241.22044444444444,2.4170833333333333,0.1746263888888888,1.0,813.0,6261.0,2025,8,17,1,3,1,summer,17.822633333333332,8.3383,16.106833333333334,15.89940476190476,13.011528888888895
2025-08-18T00:00:00.000+05:30,18.009966666666667,240.8264861111111,3.2581944444444444,0.1713361111111111,2306.0,1440.0,6324.0,2025,8,18,2,3,0,summer,15.849233333333332,8.481533333333333,20.060733333333335,16.20808095238095,12.943170000000006
2025-08-19T00:00:00.000+05:30,14.679033333333331,241.54156944444443,2.7259722222222225,0.1826347222222222,896.0,812.0,6044.0,2025,8,19,3,3,0,summer,13.7406,8.644200000000001,11.041433333333334,16.342142857142857,13.06442333333334
2025-08-20T00:00:00.000+05:30,12.9287,241.08561805555553,2.4233333333333333,0.1811736111111111,0.0,883.0,6138.0,2025,8,20,4,3,0,summer,10.600033333333332,8.877866666666668,13.5627,16.674809523809525,13.043290000000004
2025-08-21T00:00:00.000+05:30,19.362433333333335,240.61175694444444,3.5033333333333334,0.1821958333333333,3043.0,887.0,7527.0,2025,8,21,5,3,0,summer,12.477933333333334,8.988266666666668,12.325533333333334,17.658309523809525,13.277853333333338
2025-08-22T00:00:00.000+05:30,25.8123,241.1232361111111,4.760694444444444,0.2901625,4544.0,3203.0,8549.0,2025,8,22,6,3,0,summer,25.234366666666663,8.774533333333332,17.166666666666668,17.74087142857143,13.566041111111113
2025-08-23T00:00:00.000+05:30,17.778466666666667,241.55547222222225,3.330416666666667,0.2582138888888888,949.0,819.0,6994.0,2025,8,23,7,3,1,summer,20.2952,16.637233333333334,9.3623,17.381338095238096,13.846580000000001
2025-08-24T00:00:00.000+05:30,20.8709,241.06553472222225,3.7718055555555554,0.1979888888888888,2279.0,737.0,8247.0,2025,8,24,1,3,1,summer,13.098466666666669,17.822633333333332,8.944799999999999,18.491685714285715,14.244116666666667
2025-08-25T00:00:00.000+05:30,15.726833333333332,241.50986111111112,2.889166666666666,0.1922402777777778,1140.0,755.0,6291.0,2025,8,25,2,3,0,summer,18.009966666666667,15.849233333333332,9.050266666666666,18.165523809523812,14.466668888888888
2025-08-26T00:00:00.000+05:30,18.942433333333337,241.77745833333333,3.4327777777777775,0.1869541666666666,2131.0,1516.0,7860.0,2025,8,26,3,3,0,summer,14.679033333333331,13.7406,11.4761,18.77458095238095,14.715546666666667
2025-08-27T00:00:00.000+05:30,12.4911,241.638125,2.317638888888889,0.1744486111111111,0.0,664.0,4283.0,2025,8,27,4,3,0,summer,12.9287,10.600033333333332,15.0475,18.712066666666665,14.630333333333335
2025-08-28T00:00:00.000+05:30,18.647366666666667,240.8744375,3.3722222222222222,0.1714513888888889,1778.0,1125.0,7485.0,2025,8,28,5,3,0,summer,19.362433333333335,12.477933333333334,15.033333333333331,18.60991428571429,14.75080111111111
2025-08-29T00:00:00.000+05:30,23.140233333333335,240.97532638888887,4.183472222222222,0.2191111111111111,905.0,1483.0,11707.0,2025,8,29,6,3,0,summer,25.8123,25.234366666666663,13.205433333333334,18.22819047619048,15.081961111111108
2025-08-30T00:00:00.000+05:30,27.8057,241.08125694444445,4.980277777777778,0.204225,2653.0,1363.0,10648.0,2025,8,30,7,3,1,summer,17.778466666666667,20.2952,16.263833333333334,19.66065238095238,15.46669
2025-08-31T00:00:00.000+05:30,21.092033333333333,238.7429027777778,3.822361111111111,0.1523041666666666,960.0,678.0,9974.0,2025,8,31,1,3,1,summer,20.8709,13.098466666666669,11.782766666666667,19.692242857142862,15.776998888888889
2025-09-01T00:00:00.000+05:30,16.342266666666667,241.22110416666663,2.9940277777777777,0.1507444444444444,0.0,697.0,6073.0,2025,9,1,2,3,0,fall,15.726833333333332,18.009966666666667,8.162066666666666,19.780161904761908,16.04967222222222
2025-09-02T00:00:00.000+05:30,20.380233333333333,241.81777083333336,3.638194444444444,0.1443458333333333,947.0,659.0,9921.0,2025,9,2,3,3,0,fall,18.942433333333337,14.679033333333331,8.3383,19.985561904761905,16.451069999999998
2025-09-03T00:00:00.000+05:30,20.853133333333336,241.33006944444443,3.762083333333333,0.1482208333333333,3319.0,3099.0,5011.0,2025,9,3,4,3,0,fall,12.4911,12.9287,8.481533333333333,21.1801380952381,16.863456666666664
2025-09-04T00:00:00.000+05:30,17.07313333333333,242.012875,3.05625,0.1257388888888888,0.0,636.0,8095.0,2025,9,4,5,3,0,fall,18.647366666666667,19.362433333333335,8.644200000000001,20.95524761904762,17.14442111111111
2025-09-05T00:00:00.000+05:30,25.2311,240.86027777777775,4.530833333333333,0.1875472222222222,2988.0,2248.0,10433.0,2025,9,5,6,3,0,fall,23.140233333333335,25.8123,8.877866666666668,21.253942857142857,17.689528888888887
2025-09-06T00:00:00.000+05:30,20.47716666666667,241.86031944444443,3.665138888888889,0.1531472222222222,995.0,588.0,9031.0,2025,9,6,7,3,1,fall,27.8057,17.778466666666667,8.988266666666668,20.20700952380952,18.07249222222222
2025-09-07T00:00:00.000+05:30,20.357633333333336,241.71161805555553,3.6395833333333334,0.139925,2196.0,577.0,8299.0,2025,9,7,1,3,1,fall,21.092033333333333,20.8709,8.774533333333332,20.102095238095238,18.458595555555554
2025-09-08T00:00:00.000+05:30,18.104233333333333,241.35160416666668,3.2243055555555555,0.1390305555555555,1002.0,577.0,8533.0,2025,9,8,2,3,0,fall,16.342266666666667,15.726833333333332,16.637233333333334,20.353804761904765,18.507495555555558
2025-09-09T00:00:00.000+05:30,25.355733333333333,241.30850694444445,4.49125,0.1552583333333333,964.0,3832.0,10671.0,2025,9,9,3,3,0,fall,20.380233333333333,18.942433333333337,17.822633333333332,21.064590476190478,18.75859888888889
2025-09-10T00:00:00.000+05:30,18.539233333333335,241.2289513888889,3.3091666666666666,0.14055,928.0,600.0,6508.0,2025,9,10,4,3,0,fall,20.853133333333336,12.4911,15.849233333333332,20.734033333333336,18.848265555555553
2025-09-11T00:00:00.000+05:30,20.235766666666667,241.1499930555555,3.565555555555555,0.1273458333333333,0.0,631.0,11693.0,2025,9,11,5,3,0,fall,17.07313333333333,18.647366666666667,13.7406,21.1858380952381,19.064771111111114
2025-09-12T00:00:00.000+05:30,34.40596666666667,240.70704861111113,6.1425,0.2258305555555555,9583.0,1202.0,12601.0,2025,9,12,6,3,0,fall,25.2311,23.140233333333335,10.600033333333332,22.496533333333332,19.858302222222225
2025-09-13T00:00:00.000+05:30,26.1938,240.24939583333332,4.688680555555555,0.1883951388888888,4146.0,612.0,10188.5,2025,9,13,7,3,1,fall,20.47716666666667,27.8057,12.477933333333334,23.313195238095236,20.315497777777782
2025-09-14T00:00:00.000+05:30,26.247633333333333,241.47695833333333,4.6575,0.1664347222222222,2843.0,603.0,9091.0,2025,9,14,1,3,1,fall,20.357633333333336,21.092033333333333,25.234366666666663,24.15462380952381,20.349273333333333
2025-09-15T00:00:00.000+05:30,24.2801,240.99238194444447,4.285,0.1279694444444444,1769.0,560.0,8644.0,2025,9,15,2,3,0,fall,18.104233333333333,16.342266666666667,20.2952,25.03689047619048,20.48210333333333
2025-09-16T00:00:00.000+05:30,29.0527,240.23129166666664,5.1497222222222225,0.1373236111111111,1035.0,3470.0,13384.0,2025,9,16,3,3,0,fall,25.355733333333333,20.380233333333333,13.098466666666669,25.56502857142857,21.013911111111106
2025-09-17T00:00:00.000+05:30,20.39043333333333,241.3606527777778,3.610833333333334,0.1161680555555555,0.0,563.0,9710.0,2025,9,17,4,3,0,fall,18.539233333333335,20.853133333333336,18.009966666666667,25.829485714285717,21.093259999999997
2025-09-18T00:00:00.000+05:30,22.900533333333332,241.09920138888887,4.038611111111111,0.1175083333333333,1993.0,652.0,9151.0,2025,9,18,5,3,0,fall,20.235766666666667,17.07313333333333,14.679033333333331,26.21016666666667,21.367309999999996
2025-09-19T00:00:00.000+05:30,35.595166666666664,240.35401388888891,6.259444444444445,0.1829805555555555,1607.0,4050.0,14845.0,2025,9,19,6,3,0,fall,34.40596666666667,25.2311,12.9287,26.38005238095238,22.12285888888889
2025-09-20T00:00:00.000+05:30,33.922133333333335,241.29544444444448,6.024027777777778,0.2053430555555555,4532.0,2466.0,11935.0,2025,9,20,7,3,1,fall,26.1938,20.47716666666667,19.362433333333335,27.4841,22.608182222222222
2025-09-21T00:00:00.000+05:30,23.63113333333333,241.2526875,4.20125,0.1487263888888889,921.0,604.0,10844.0,2025,9,21,1,3,1,fall,26.247633333333333,20.357633333333336,25.8123,27.110314285714285,22.53547666666667
2025-09-22T00:00:00.000+05:30,20.7756,241.18202777777776,3.6991666666666663,0.1439277777777777,937.0,597.0,8502.0,2025,9,22,2,3,0,fall,24.2801,18.104233333333333,17.778466666666667,26.609671428571428,22.63538111111112
2025-09-23T00:00:00.000+05:30,27.276833333333332,240.74660416666663,4.824722222222222,0.1638638888888889,2085.0,978.0,12884.0,2025,9,23,3,3,0,fall,29.0527,25.355733333333333,20.8709,26.35597619047619,22.848912222222225
2025-09-24T00:00:00.000+05:30,23.770966666666663,240.38723611111112,4.234999999999999,0.1556083333333333,1051.0,621.0,10374.0,2025,9,24,4,3,0,fall,20.39043333333333,18.539233333333335,15.726833333333332,26.838909523809523,23.117050000000006
2025-09-25T00:00:00.000+05:30,19.350266666666663,241.42292361111112,3.4836111111111108,0.1443722222222222,0.0,594.0,9694.0,2025,9,25,5,3,0,fall,22.900533333333332,20.235766666666667,18.942433333333337,26.331728571428574,23.13064444444445
2025-09-26T00:00:00.000+05:30,25.937566666666665,241.17850694444445,4.585277777777778,0.2000291666666666,1943.0,571.0,14581.0,2025,9,26,6,3,0,fall,35.595166666666664,34.40596666666667,12.4911,24.95207142857143,23.578860000000006
2025-09-27T00:00:00.000+05:30,23.507866666666665,241.22180555555556,4.200555555555556,0.1600583333333333,1817.0,4571.0,8554.0,2025,9,27,7,3,1,fall,33.922133333333335,26.1938,18.647366666666667,23.46431904761905,23.740876666666672
2025-09-28T00:00:00.000+05:30,21.6576,241.72634027777775,3.795416666666666,0.1341652777777777,0.0,603.0,10797.0,2025,9,28,1,3,1,fall,23.63113333333333,26.247633333333333,23.140233333333335,23.182385714285715,23.691455555555557
2025-09-29T00:00:00.000+05:30,19.10663333333333,240.8973472222222,3.3938888888888887,0.1388041666666666,1031.0,603.0,7322.0,2025,9,29,2,3,0,fall,20.7756,24.2801,27.8057,22.943961904761903,23.401486666666667
2025-09-30T00:00:00.000+05:30,29.6078,240.75757638888888,5.235972222222222,0.1476805555555555,970.0,8080.0,9243.0,2025,9,30,3,3,0,fall,27.276833333333332,29.0527,21.092033333333333,23.27695714285714,23.685345555555557
2025-10-01T00:00:00.000+05:30,21.4542,241.52952083333335,3.786666666666666,0.1287611111111111,950.0,602.0,9433.0,2025,10,1,4,4,0,fall,23.770966666666663,20.39043333333333,16.342266666666667,22.945990476190477,23.855743333333336
2025-10-02T00:00:00.000+05:30,19.211133333333333,240.75888194444445,3.386111111111111,0.1271916666666666,0.0,570.0,10142.0,2025,10,2,5,4,0,fall,19.350266666666663,22.900533333333332,20.380233333333333,22.92611428571428,23.816773333333334
2025-10-03T00:00:00.000+05:30,28.612333333333332,240.63635416666665,5.050416666666667,0.1773583333333333,3644.0,920.0,14480.0,2025,10,3,6,4,0,fall,25.937566666666665,35.595166666666664,20.853133333333336,23.30822380952381,24.075413333333337
2025-10-04T00:00:00.000+05:30,27.018433333333338,240.6988611111111,4.815138888888889,0.1563958333333333,3189.0,3499.0,8980.0,2025,10,4,7,4,1,fall,23.507866666666665,33.922133333333335,17.07313333333333,23.809733333333334,24.406923333333335
2025-10-05T00:00:00.000+05:30,21.258699999999997,241.22052083333332,3.698611111111111,0.1121805555555555,984.0,542.0,7983.0,2025,10,5,1,4,1,fall,21.6576,23.63113333333333,25.2311,23.75274761904762,24.27451
2025-10-06T00:00:00.000+05:30,23.807466666666667,241.18004861111112,4.170972222222222,0.1244972222222222,1.0,543.0,8806.0,2025,10,6,2,4,0,fall,19.10663333333333,20.7756,20.47716666666667,24.424295238095237,24.385519999999996
2025-10-07T00:00:00.000+05:30,30.3639,241.2119583333333,5.339027777777778,0.1440430555555555,734.0,4334.0,9908.0,2025,10,7,3,4,0,fall,29.6078,27.276833333333332,20.357633333333336,24.532309523809523,24.719062222222213
2025-10-08T00:00:00.000+05:30,26.2861,241.06977777777777,4.583888888888889,0.1295930555555555,2091.0,619.0,11568.0,2025,10,8,4,4,0,fall,21.4542,23.770966666666663,18.104233333333333,25.22258095238095,24.99179111111111
2025-10-09T00:00:00.000+05:30,22.531033333333333,240.81015277777777,3.953611111111111,0.1308458333333333,0.0,559.0,10718.0,2025,10,9,5,4,0,fall,19.211133333333333,19.350266666666663,25.355733333333333,25.696852380952382,24.897634444444442
2025-10-10T00:00:00.000+05:30,33.54593333333334,239.76139583333332,5.927222222222222,0.1775152777777777,4510.0,570.0,14811.0,2025,10,10,6,4,0,fall,28.612333333333332,25.937566666666665,18.539233333333335,26.401652380952385,25.39785777777777
2025-10-11T00:00:00.000+05:30,32.31451666666667,240.6491597222222,5.744861111111112,0.1867631944444444,4111.0,6454.0,8648.5,2025,10,11,7,4,1,fall,27.018433333333338,23.507866666666665,20.235766666666667,27.158235714285716,25.80048277777777
2025-10-12T00:00:00.000+05:30,22.526733333333333,240.22382638888888,3.968611111111111,0.1095236111111111,997.0,515.0,9420.0,2025,10,12,1,4,1,fall,21.258699999999997,21.6576,34.40596666666667,27.339383333333338,25.404508333333336
2025-10-13T00:00:00.000+05:30,24.151666666666664,240.24728472222225,4.249722222222222,0.1148555555555555,983.0,530.0,9530.0,2025,10,13,2,4,0,fall,23.807466666666667,19.10663333333333,26.1938,27.388554761904768,25.336437222222223
2025-10-14T00:00:00.000+05:30,28.5204,239.7594652777778,5.004583333333334,0.1215902777777777,2001.0,3131.0,10013.0,2025,10,14,3,4,0,fall,30.3639,29.6078,26.247633333333333,27.12519761904762,25.412196111111108
2025-10-15T00:00:00.000+05:30,24.832933333333333,241.12213194444445,4.324305555555555,0.0969666666666666,1629.0,463.0,9641.0,2025,10,15,4,4,0,fall,26.2861,21.4542,24.2801,26.91760238095238,25.43062388888889
2025-10-16T00:00:00.000+05:30,25.281,240.246,4.415138888888889,0.1009611111111111,0.0,482.0,11136.0,2025,10,16,5,4,0,fall,22.531033333333333,19.211133333333333,29.0527,27.310454761904765,25.304900555555555
2025-10-17T00:00:00.000+05:30,45.70133333333333,238.8905625,8.045555555555556,0.1813555555555555,5490.0,4364.0,18326.0,2025,10,17,6,4,0,fall,33.54593333333334,28.612333333333332,20.39043333333333,29.04694047619048,26.14859722222222
2025-10-18T00:00:00.000+05:30,25.936066666666665,240.7508402777778,4.500555555555556,0.0990583333333333,712.0,499.0,11144.0,2025,10,18,7,4,1,fall,32.31451666666667,27.018433333333338,22.900533333333332,28.13573333333333,26.249781666666664
2025-10-19T00:00:00.000+05:30,22.818466666666662,242.26024305555555,3.9530555555555553,0.0933041666666666,1104.0,457.0,8227.0,2025,10,19,1,4,1,fall,22.526733333333333,21.258699999999997,35.595166666666664,28.177409523809526,25.82389166666666
2025-10-20T00:00:00.000+05:30,28.713466666666665,242.52750694444444,4.975,0.1052486111111111,760.0,450.0,11005.0,2025,10,20,2,4,0,fall,24.151666666666664,23.807466666666667,33.922133333333335,28.829095238095242,25.65026944444444
2025-10-21T00:00:00.000+05:30,32.8251,242.3070138888889,5.713333333333334,0.1334513888888888,2031.0,5916.0,8569.0,2025,10,21,3,4,0,fall,28.5204,30.3639,23.63113333333333,29.444052380952378,25.956734999999995
2025-10-22T00:00:00.000+05:30,23.3285,242.4139583333333,4.042361111111111,0.1082291666666666,0.0,492.0,11074.0,2025,10,22,4,4,0,fall,24.832933333333333,26.2861,20.7756,29.22913333333333,26.04183166666666
2025-10-23T00:00:00.000+05:30,29.290833333333335,241.09628472222224,5.144861111111111,0.1366,3180.0,495.0,11696.0,2025,10,23,5,4,0,fall,25.281,22.531033333333333,27.276833333333332,29.80196666666666,26.108964999999994
2025-10-24T00:00:00.000+05:30,43.57346666666667,239.8931875,7.658472222222223,0.1517111111111111,6202.0,518.0,15941.0,2025,10,24,6,4,0,fall,45.70133333333333,33.54593333333334,23.770966666666663,29.497985714285708,26.769048333333327
2025-10-25T00:00:00.000+05:30,40.10893333333333,239.92554861111108,7.070277777777778,0.1688763888888888,3010.0,6181.0,13691.0,2025,10,25,7,4,1,fall,25.936066666666665,32.31451666666667,19.350266666666663,31.52268095238095,27.461003888888886
2025-10-26T00:00:00.000+05:30,18.539066666666667,241.53043055555557,3.2391666666666663,0.1112611111111111,475.0,468.0,5788.0,2025,10,26,1,4,1,fall,22.818466666666662,22.526733333333333,25.937566666666665,30.911338095238097,27.214387222222225
2025-10-27T00:00:00.000+05:30,18.6126,241.2427638888889,3.27,0.1206930555555555,579.0,449.0,8367.0,2025,10,27,2,4,0,fall,28.713466666666665,24.151666666666664,23.507866666666665,29.468357142857144,27.05121166666667
2025-10-28T00:00:00.000+05:30,21.145133333333337,241.40815277777776,3.6894444444444447,0.1145638888888889,1044.0,463.0,9318.0,2025,10,28,3,4,0,fall,32.8251,28.5204,21.6576,27.799790476190477,27.034129444444446
2025-10-29T00:00:00.000+05:30,33.024,240.3468611111111,5.853333333333333,0.1748902777777778,765.0,4125.0,5677.0,2025,10,29,4,4,0,fall,23.3285,24.832933333333333,19.10663333333333,29.184861904761902,27.49804166666667
2025-10-30T00:00:00.000+05:30,24.8893,241.48033333333333,4.352083333333334,0.1170374999999999,1779.0,2005.0,8828.0,2025,10,30,5,4,0,fall,29.290833333333335,25.281,29.6078,28.556071428571432,27.340758333333337
2025-10-31T00:00:00.000+05:30,31.2657,240.5190625,5.452638888888889,0.1187902777777777,1773.0,2514.0,14637.0,2025,10,31,6,4,0,fall,43.57346666666667,45.70133333333333,21.4542,26.797819047619047,27.667808333333337
2025-11-01T00:00:00.000+05:30,30.719466666666666,240.92416666666665,5.388333333333334,0.1540986111111111,1970.0,470.0,12215.0,2025,11,1,7,4,1,fall,40.10893333333333,25.936066666666665,19.211133333333333,25.45646666666667,28.05141944444445
2025-11-02T00:00:00.000+05:30,25.07043333333333,241.28460416666667,4.4006944444444445,0.1181125,1881.0,471.0,7490.0,2025,11,2,1,4,1,fall,18.539066666666667,22.818466666666662,28.612333333333332,26.38951904761905,27.933356111111117
2025-11-03T00:00:00.000+05:30,37.77813333333334,241.14193055555555,6.631805555555555,0.1678902777777778,2009.0,3951.0,9025.0,2025,11,3,2,4,0,fall,18.6126,28.713466666666665,27.018433333333338,29.12745238095238,28.29201277777779
2025-11-04T00:00:00.000+05:30,30.03,242.0781319444445,5.230833333333333,0.1197416666666666,1075.0,4008.0,12246.0,2025,11,4,3,4,0,fall,21.145133333333337,32.8251,21.258699999999997,30.396719047619047,28.58438944444445
2025-11-05T00:00:00.000+05:30,26.007766666666665,241.6652777777778,4.538611111111111,0.1104611111111111,1105.0,532.0,9868.0,2025,11,5,4,4,0,fall,33.024,23.3285,23.807466666666667,29.394399999999997,28.65773277777778
2025-11-06T00:00:00.000+05:30,23.174166666666668,242.56815972222225,4.030972222222222,0.1176069444444444,0.0,442.0,11326.0,2025,11,6,5,4,0,fall,24.8893,29.290833333333335,30.3639,29.149380952380955,28.418075
2025-11-07T00:00:00.000+05:30,25.95293333333333,241.87858333333332,4.510416666666667,0.1372777777777777,2187.0,408.0,10014.0,2025,11,7,6,4,0,fall,31.2657,43.57346666666667,26.2861,28.390414285714286,28.406969444444446
2025-11-08T00:00:00.000+05:30,41.80003333333333,243.25039583333333,7.242777777777778,0.1574222222222222,4941.0,2075.0,14871.0,2025,11,8,7,4,1,fall,30.719466666666666,40.10893333333333,22.531033333333333,29.97335238095238,29.049269444444448
2025-11-09T00:00:00.000+05:30,23.45795,243.57511111111108,4.098958333333333,0.1235541666666666,1126.0,430.0,7639.5,2025,11,9,1,4,1,fall,25.07043333333333,18.539066666666667,33.54593333333334,29.742997619047618,28.713003333333337
2025-11-10T00:00:00.000+05:30,26.76973333333333,242.50097916666664,4.648194444444444,0.1161819444444444,1118.0,432.0,11788.0,2025,11,10,2,4,0,fall,37.77813333333334,18.6126,32.31451666666667,28.17036904761905,28.52817722222222
2025-11-11T00:00:00.000+05:30,34.008,242.37135416666663,5.974722222222223,0.1549083333333333,2338.0,5105.0,11214.0,2025,11,11,3,4,0,fall,30.03,21.145133333333337,22.526733333333333,28.738654761904765,28.910886111111108
2025-11-12T00:00:00.000+05:30,24.384433333333337,242.2066736111111,4.253333333333334,0.1063875,1486.0,429.0,9403.0,2025,11,12,4,4,0,fall,26.007766666666665,33.024,24.151666666666664,28.50675,28.918645
2025-11-13T00:00:00.000+05:30,25.548766666666666,241.23570833333332,4.456388888888889,0.1089805555555555,1856.0,407.0,9178.0,2025,11,13,5,4,0,fall,23.174166666666668,24.8893,28.5204,28.84597857142857,28.819590555555553
2025-11-14T00:00:00.000+05:30,42.67426666666667,240.22240277777777,7.4534722222222225,0.1707277777777777,4169.0,2411.0,18868.0,2025,11,14,6,4,0,fall,25.95293333333333,31.2657,24.832933333333333,31.234740476190478,29.414301666666667
2025-11-15T00:00:00.000+05:30,32.788466666666665,240.32536805555557,5.778472222222222,0.1466305555555555,991.0,5278.0,9446.0,2025,11,15,7,4,1,fall,41.80003333333333,30.719466666666666,25.281,29.947373809523807,29.66455055555555
2025-11-16T00:00:00.000+05:30,25.241133333333337,241.884875,4.403194444444445,0.1091625,2021.0,545.0,9354.0,2025,11,16,1,4,1,fall,23.45795,25.07043333333333,45.70133333333333,30.202114285714288,28.982543888888884
2025-11-17T00:00:00.000+05:30,28.471566666666668,242.66059722222224,4.913472222222222,0.1164083333333333,0.0,453.0,11616.0,2025,11,17,2,4,0,fall,26.76973333333333,37.77813333333334,25.936066666666665,30.44523333333333,29.067060555555553
2025-11-18T00:00:00.000+05:30,43.98623333333333,241.29666666666668,7.685833333333334,0.1415833333333333,6012.0,7655.0,13787.0,2025,11,18,3,4,0,fall,34.008,30.03,22.818466666666662,31.870695238095237,29.772652777777775
2025-11-19T00:00:00.000+05:30,24.5808,242.9750694444444,4.251111111111111,0.1035097222222222,0.0,481.0,10936.0,2025,11,19,4,4,0,fall,24.384433333333337,26.007766666666665,28.713466666666665,31.89874761904762,29.634897222222218
2025-11-20T00:00:00.000+05:30,32.6836,241.58236805555555,5.692222222222222,0.1014069444444444,843.0,407.0,12816.0,2025,11,20,5,4,0,fall,25.548766666666666,23.174166666666668,32.8251,32.91800952380952,29.630180555555555
2025-11-21T00:00:00.000+05:30,41.61426666666667,240.62086805555555,7.281111111111111,0.1467388888888889,5694.0,1997.0,12553.0,2025,11,21,6,4,0,fall,42.67426666666667,25.95293333333333,23.3285,32.766580952380956,30.239706111111108
2025-11-22T00:00:00.000+05:30,40.8496,241.0777013888889,7.193194444444445,0.1546097222222222,6774.0,411.0,16097.0,2025,11,22,7,4,1,fall,32.788466666666665,41.80003333333333,29.290833333333335,33.91817142857143,30.624998333333334
2025-11-23T00:00:00.000+05:30,24.518700000000003,242.7427152777778,4.236666666666666,0.1030124999999999,0.0,402.0,8230.0,2025,11,23,1,4,1,fall,25.241133333333337,23.45795,43.57346666666667,33.81496666666667,29.989839444444442
2025-11-24T00:00:00.000+05:30,35.48093333333334,241.9765277777778,6.179861111111111,0.1068194444444444,2491.0,4579.0,9086.0,2025,11,24,2,4,0,fall,28.471566666666668,26.76973333333333,40.10893333333333,34.81630476190476,29.835572777777774
2025-11-25T00:00:00.000+05:30,33.00216666666667,241.17878472222225,5.770277777777778,0.1218583333333333,745.0,5083.0,10596.0,2025,11,25,3,4,0,fall,43.98623333333333,34.008,18.539066666666667,33.247152380952386,30.317676111111105
2025-11-26T00:00:00.000+05:30,26.660433333333337,242.6434652777778,4.61125,0.0982930555555555,2262.0,407.0,10069.0,2025,11,26,4,4,0,fall,24.5808,24.384433333333337,18.6126,33.54424285714286,30.58593722222222
2025-11-27T00:00:00.000+05:30,23.000433333333337,241.8588194444445,3.9611111111111112,0.0923972222222222,0.0,396.0,11599.0,2025,11,27,5,4,0,fall,32.6836,25.548766666666666,21.145133333333337,32.16093333333334,30.64778055555555
2025-11-28T00:00:00.000+05:30,30.9825,241.5964513888889,5.4061111111111115,0.1564013888888888,3199.0,386.0,14350.0,2025,11,28,6,4,0,fall,41.61426666666667,42.67426666666667,33.024,30.642109523809527,30.579730555555553
2025-11-29T00:00:00.000+05:30,27.516033333333333,243.30872222222223,4.776666666666666,0.1326777777777777,1073.0,3061.0,7828.0,2025,11,29,7,4,1,fall,40.8496,32.788466666666665,24.8893,28.737314285714287,30.667288333333328
2025-11-30T00:00:00.000+05:30,29.0865,243.76430555555555,5.022361111111111,0.1065152777777777,1080.0,361.0,12039.0,2025,11,30,1,4,1,fall,24.518700000000003,25.241133333333337,31.2657,29.389857142857146,30.594648333333332
2025-12-01T00:00:00.000+05:30,29.272966666666665,242.63315277777775,5.078333333333333,0.0985236111111111,0.0,354.0,10821.0,2025,12,1,2,4,0,winter,35.48093333333334,28.471566666666668,30.719466666666666,28.503004761904766,30.546431666666663
2025-12-02T00:00:00.000+05:30,39.09446666666667,241.6693125,6.819722222222222,0.1182152777777777,1143.0,7052.0,12851.0,2025,12,2,3,4,0,winter,33.00216666666667,43.98623333333333,25.07043333333333,29.373333333333335,31.013899444444444
2025-12-03T00:00:00.000+05:30,24.66146666666667,243.2840972222222,4.293333333333333,0.1008486111111111,1039.0,402.0,9906.0,2025,12,3,4,4,0,winter,26.660433333333337,24.5808,37.77813333333334,29.08776666666667,30.576677222222223
2025-12-04T00:00:00.000+05:30,28.52156666666667,243.3857013888889,4.985138888888889,0.1272375,1158.0,352.0,9134.0,2025,12,4,5,4,0,winter,23.000433333333337,32.6836,30.03,29.876500000000004,30.526396111111115
2025-12-05T00:00:00.000+05:30,39.19603333333334,241.29875694444445,6.922499999999999,0.1903555555555555,3822.0,351.0,13324.0,2025,12,5,6,4,0,winter,30.9825,41.61426666666667,26.007766666666665,31.049861904761908,30.966005000000003
2025-12-06T00:00:00.000+05:30,39.638133333333336,241.26927083333337,6.983333333333333,0.2027027777777778,2850.0,4175.0,12420.0,2025,12,6,7,4,1,winter,27.516033333333333,40.8496,23.174166666666668,32.78159047619048,31.514803888888892
2025-12-07T00:00:00.000+05:30,29.043966666666662,242.54359722222225,5.065833333333334,0.1146444444444444,1132.0,358.0,10291.0,2025,12,7,1,4,1,winter,29.0865,24.518700000000003,25.95293333333333,32.77551428571429,31.61783833333334
2025-12-08T00:00:00.000+05:30,33.44806666666667,243.73107638888888,5.790277777777778,0.1244388888888888,1108.0,350.0,15376.0,2025,12,8,2,4,0,winter,29.272966666666665,35.48093333333334,41.80003333333333,33.37195714285715,31.33943944444445
2025-12-09T00:00:00.000+05:30,30.039266666666663,242.40731944444445,5.2498611111111115,0.1302736111111111,2054.0,3355.0,7971.0,2025,12,9,3,4,0,winter,39.09446666666667,33.00216666666667,23.45795,32.07835714285714,31.558816666666676
2025-12-10T00:00:00.000+05:30,34.3194,241.77770833333335,5.97486111111111,0.1553111111111111,2823.0,351.0,15435.0,2025,12,10,4,4,0,winter,24.66146666666667,26.660433333333337,26.76973333333333,33.458061904761905,31.810472222222224
2025-12-11T00:00:00.000+05:30,29.741033333333338,244.29111805555556,5.130833333333333,0.1525166666666666,1546.0,385.0,11251.0,2025,12,11,5,4,0,winter,28.52156666666667,23.000433333333337,34.008,33.63227142857143,31.668240000000004
2025-12-12T00:00:00.000+05:30,30.273000000000003,244.9389513888889,5.2612499999999995,0.1727291666666666,1087.0,4120.0,8198.0,2025,12,12,6,4,0,winter,39.19603333333334,30.9825,24.384433333333337,32.357552380952384,31.864525555555556
2025-12-13T00:00:00.000+05:30,35.646899999999995,244.4975972222222,6.164861111111111,0.1542986111111111,3984.0,417.0,13178.0,2025,12,13,7,4,1,winter,39.638133333333336,27.516033333333333,25.548766666666666,31.787376190476188,32.201130000000006
2025-12-14T00:00:00.000+05:30,29.91436666666667,246.1488125,5.122222222222222,0.1055430555555555,1090.0,2280.0,10742.0,2025,12,14,1,4,1,winter,29.043966666666662,29.0865,42.67426666666667,31.911719047619048,31.775800000000004
2025-12-15T00:00:00.000+05:30,32.33526666666667,246.04318055555555,5.514583333333333,0.1127388888888888,1111.0,392.0,14084.0,2025,12,15,2,4,0,winter,33.44806666666667,29.272966666666665,32.788466666666665,31.752747619047618,31.760693333333336
2025-12-16T00:00:00.000+05:30,23.2479,247.21586805555555,3.993333333333333,0.1072430555555555,1143.0,2943.0,8104.0,2025,12,16,3,4,0,winter,30.039266666666663,39.09446666666667,25.241133333333337,30.78255238095238,31.694252222222225
2025-12-17T00:00:00.000+05:30,28.6197,246.89413194444444,4.84125,0.1034513888888888,0.0,308.0,14395.0,2025,12,17,4,4,0,winter,34.3194,24.66146666666667,28.471566666666668,29.968309523809527,31.699189999999998
2025-12-18T00:00:00.000+05:30,29.078433333333333,246.5948541666667,4.968333333333333,0.1114013888888889,1195.0,304.0,11466.0,2025,12,18,5,4,0,winter,29.741033333333338,28.52156666666667,43.98623333333333,29.873652380952382,31.202263333333335
2025-12-19T00:00:00.000+05:30,36.738899999999994,245.93454166666663,6.242916666666666,0.0955611111111111,1165.0,2662.0,13681.0,2025,12,19,6,4,0,winter,30.273000000000003,39.19603333333334,24.5808,30.797352380952383,31.60753333333333
2025-12-20T00:00:00.000+05:30,19.069433333333333,247.43500694444444,3.2444444444444445,0.0847916666666666,1237.0,313.0,7795.0,2025,12,20,7,4,1,winter,35.646899999999995,39.638133333333336,32.6836,28.429142857142857,31.153727777777775
2025-12-21T00:00:00.000+05:30,33.9161,246.4092152777778,5.778333333333332,0.1194083333333333,3293.0,282.0,11473.0,2025,12,21,1,4,1,winter,29.91436666666667,29.043966666666662,41.61426666666667,29.000819047619046,30.89712222222222
2025-12-22T00:00:00.000+05:30,31.467033333333333,245.73843749999995,5.365694444444444,0.1065013888888888,0.0,285.0,15829.0,2025,12,22,2,4,0,winter,32.33526666666667,33.44806666666667,40.8496,28.876785714285713,30.584369999999996
2025-12-23T00:00:00.000+05:30,24.253333333333337,246.87896527777775,4.121388888888889,0.0940388888888888,1143.0,284.0,11205.0,2025,12,23,3,4,0,winter,23.2479,30.039266666666663,24.518700000000003,29.020419047619043,30.575524444444444
2025-12-24T00:00:00.000+05:30,48.43156666666666,245.83511805555557,8.29361111111111,0.1414305555555555,5184.0,5575.0,15198.0,2025,12,24,4,4,0,winter,28.6197,34.3194,35.48093333333334,31.850685714285714,31.00721222222222
2025-12-25T00:00:00.000+05:30,35.4608,243.58829861111113,6.127638888888888,0.1336,3371.0,3895.0,14288.0,2025,12,25,5,4,0,winter,29.078433333333333,29.741033333333338,33.00216666666667,32.76245238095238,31.08916666666666
2025-12-26T00:00:00.000+05:30,36.393633333333334,242.46571527777775,6.30638888888889,0.111725,1186.0,4294.0,16047.0,2025,12,26,6,4,0,winter,36.738899999999994,30.273000000000003,26.660433333333337,32.71312857142858,31.413606666666663
2025-12-27T00:00:00.000+05:30,36.59086666666666,242.66604166666664,6.364722222222222,0.1438638888888889,4218.0,318.0,12450.0,2025,12,27,7,4,1,winter,19.069433333333333,35.646899999999995,23.000433333333337,35.21619047619048,31.86662111111111
2025-12-28T00:00:00.000+05:30,34.90163333333333,243.77761111111113,6.033333333333333,0.1261583333333333,2175.0,2063.0,14934.0,2025,12,28,1,4,1,winter,33.9161,29.91436666666667,30.9825,35.35698095238095,31.997258888888886
2025-12-29T00:00:00.000+05:30,34.1328,243.1830138888889,5.912638888888889,0.1680902777777778,1260.0,346.0,10205.0,2025,12,29,2,4,0,winter,31.467033333333333,32.33526666666667,27.516033333333333,35.73780476190476,32.217817777777775
2025-12-30T00:00:00.000+05:30,40.85183333333334,241.05222916666668,7.168472222222222,0.1852736111111111,5284.0,4539.0,12484.0,2025,12,30,3,4,0,winter,24.253333333333337,23.2479,29.0865,38.10901904761905,32.60999555555556
2025-12-31T00:00:00.000+05:30,36.864866666666664,240.9588194444445,6.401666666666666,0.1295916666666666,0.0,387.0,19409.0,2025,12,31,4,4,0,winter,48.43156666666666,28.6197,29.272966666666665,36.456633333333336,32.86305888888889
2026-01-01T00:00:00.000+05:30,20.4042,242.56572222222223,3.537083333333333,0.1148166666666666,2304.0,327.0,3558.0,2026,1,1,5,1,0,winter,35.4608,29.078433333333333,39.09446666666667,34.30569047619048,32.240050000000004
2026-01-02T00:00:00.000+05:30,21.863583333333334,244.67208333333332,3.8197916666666663,0.1386486111111111,801.0,298.0,6441.5,2026,1,2,6,1,0,winter,36.393633333333334,36.738899999999994,24.66146666666667,32.22996904761905,32.14678722222222
2026-01-03T00:00:00.000+05:30,34.72423333333334,243.74452777777776,6.044166666666667,0.1330625,3842.0,4920.0,10074.0,2026,1,3,7,1,1,winter,36.59086666666666,19.069433333333333,28.52156666666667,31.963307142857143,32.353542777777776
2026-01-04T00:00:00.000+05:30,26.735533333333333,245.69911805555552,4.599444444444444,0.1086138888888888,0.0,292.0,10812.0,2026,1,4,1,1,1,winter,34.90163333333333,33.9161,39.19603333333334,30.79672142857143,31.938192777777775
2026-01-05T00:00:00.000+05:30,36.99633333333334,244.5210347222222,6.347083333333333,0.1034277777777777,1785.0,293.0,16468.0,2026,1,5,2,1,0,winter,34.1328,31.467033333333333,39.638133333333336,31.20579761904762,31.850132777777777
2026-01-06T00:00:00.000+05:30,29.619666666666667,245.2348125,5.112083333333333,0.1056111111111111,1731.0,3256.0,11359.0,2026,1,6,3,1,0,winter,40.85183333333334,24.253333333333337,29.043966666666662,29.60120238095238,31.86932277777778
2026-01-07T00:00:00.000+05:30,29.4907,244.9085625,5.069722222222222,0.0798777777777777,1198.0,255.0,12936.0,2026,1,7,4,1,0,winter,36.864866666666664,48.43156666666666,33.44806666666667,28.54775,31.737410555555552
2026-01-08T00:00:00.000+05:30,29.953466666666667,244.4048125,5.151388888888889,0.1109583333333333,0.0,994.0,12531.0,2026,1,8,5,1,0,winter,20.4042,35.4608,30.039266666666663,29.911930952380953,31.734550555555554
2026-01-09T00:00:00.000+05:30,38.94833333333334,243.8697361111111,6.733472222222223,0.1384722222222222,2781.0,4855.0,14734.0,2026,1,9,6,1,0,winter,21.863583333333334,36.393633333333334,34.3194,32.35260952380953,31.888848333333335
2026-01-10T00:00:00.000+05:30,41.807766666666666,243.84061805555555,7.226388888888889,0.1577569444444444,3564.0,2032.0,14108.0,2026,1,10,7,1,1,winter,34.72423333333334,36.59086666666666,29.741033333333338,33.36454285714286,32.291072777777785
2026-01-11T00:00:00.000+05:30,25.3114,246.0691111111111,4.335138888888889,0.1084763888888888,1251.0,340.0,10279.0,2026,1,11,1,1,1,winter,26.735533333333333,34.90163333333333,30.273000000000003,33.16109523809524,32.125686111111115
2026-01-12T00:00:00.000+05:30,23.037504259850905,244.3700029501591,6.01614340455062,0.1459013641133263,670.8306709265175,3607.8306709265175,10697.891373801916,2026,1,12,2,1,0,winter,36.99633333333334,34.1328,35.646899999999995,31.166976799026315,31.705372919772817
2026-01-14T00:00:00.000+05:30,12.158262406815762,243.63929382262128,8.499484177271672,0.2150335195530726,1891.1693290734825,85.16932907348243,1904.1086261980831,2026,1,14,4,1,0,winter,29.619666666666667,40.85183333333334,29.91436666666667,28.67249047619047,31.113502777777786
2026-01-15T00:00:00.000+05:30,36.61266666666667,243.72576388888888,6.335,0.1515902777777777,1957.0,2952.0,13546.0,2026,1,15,5,1,0,winter,29.4907,36.864866666666664,32.33526666666667,29.689914285714288,31.256082777777785
2026-01-16T00:00:00.000+05:30,35.8352,243.0452361111111,6.219722222222222,0.1684152777777778,2605.0,2415.0,13652.0,2026,1,16,6,1,0,winter,29.953466666666667,20.4042,23.2479,30.5301619047619,31.675659444444452
2026-01-17T00:00:00.000+05:30,31.775933333333334,242.54300694444444,5.521527777777778,0.1312402777777777,1992.0,298.0,15044.0,2026,1,17,7,1,1,winter,38.94833333333334,21.863583333333334,28.6197,29.50553333333334,31.78086722222223
2026-01-18T00:00:00.000+05:30,31.351633333333332,243.63636805555555,5.4215277777777775,0.133175,617.0,295.0,12981.0,2026,1,18,1,1,1,winter,41.807766666666666,34.72423333333334,29.078433333333333,28.0118,31.85664055555556
2026-01-19T00:00:00.000+05:30,40.55846666666666,243.02311111111112,7.004583333333334,0.1123291666666666,2044.0,653.0,19311.0,2026,1,19,2,1,0,winter,25.3114,26.735533333333333,36.738899999999994,30.189952380952377,31.98395944444445
2026-01-20T00:00:00.000+05:30,39.19546666666667,242.7604375,6.810694444444445,0.1387916666666666,2317.0,3341.0,14563.0,2026,1,20,3,1,0,winter,23.037504259850905,36.99633333333334,19.069433333333333,32.4982327247832,32.65482722222223
2026-01-21T00:00:00.000+05:30,35.63093333333333,242.95125,6.161944444444445,0.1287638888888888,894.0,449.0,16451.0,2026,1,21,4,1,0,winter,12.158262406815762,29.619666666666667,33.9161,35.85147142857143,32.71198833333334
2026-01-22T00:00:00.000+05:30,29.843766666666667,241.8501736111111,5.183194444444444,0.1089291666666666,699.0,352.0,14512.0,2026,1,22,5,1,0,winter,36.61266666666667,29.4907,31.467033333333333,34.88448571428571,32.65787944444445
2026-01-23T00:00:00.000+05:30,43.52568333333333,240.82820833333332,7.6688888888888895,0.1809958333333333,3154.0,4086.0,16039.0,2026,1,23,6,1,0,winter,35.8352,29.953466666666667,24.253333333333337,35.98312619047619,33.300291111111115
2026-01-24T00:00:00.000+05:30,37.82366666666667,241.74617361111112,6.605138888888889,0.1216930555555555,3496.0,2760.0,11046.0,2026,1,24,7,1,1,winter,31.775933333333334,38.94833333333334,48.43156666666666,36.8470880952381,32.94669444444445
2026-01-25T00:00:00.000+05:30,32.17516666666667,242.8986111111111,5.55,0.1025513888888889,1368.0,455.0,16136.0,2026,1,25,1,1,1,winter,31.351633333333332,41.807766666666666,35.4608,36.964735714285716,32.83717333333333
2026-01-26T00:00:00.000+05:30,34.459399999999995,243.33947916666665,5.903472222222222,0.0909236111111111,526.0,395.0,16243.0,2026,1,26,2,1,0,winter,40.55846666666666,25.3114,36.393633333333334,36.09344047619047,32.77269888888888
2026-01-27T00:00:00.000+05:30,46.015033333333335,241.98610416666665,7.990138888888889,0.1033069444444444,2044.0,6403.0,18154.0,2026,1,27,3,1,0,winter,39.19546666666667,23.037504259850905,36.59086666666666,37.06766428571428,33.086837777777774
2026-01-28T00:00:00.000+05:30,35.170566666666666,243.2490347222222,6.0633333333333335,0.1100833333333333,2032.0,504.0,14987.0,2026,1,28,4,1,0,winter,35.63093333333333,12.158262406815762,34.90163333333333,37.00189761904762,33.09580222222222
2026-01-29T00:00:00.000+05:30,34.88316666666666,243.6328055555555,5.978611111111111,0.1025513888888889,1488.0,851.0,18061.0,2026,1,29,5,1,0,winter,29.843766666666667,36.61266666666667,34.1328,37.72181190476191,33.12081444444444
2026-01-30T00:00:00.000+05:30,47.3788,242.07939583333336,8.307222222222222,0.1638861111111111,3240.0,7544.0,17891.0,2026,1,30,6,1,0,winter,43.52568333333333,35.8352,40.85183333333334,38.27225714285714,33.338379999999994
2026-01-31T00:00:00.000+05:30,29.9866,243.40263888888887,5.202222222222222,0.1191083333333333,1715.0,1380.0,12569.0,2026,1,31,7,1,1,winter,37.82366666666667,31.775933333333334,36.864866666666664,37.15267619047619,33.109104444444434
2026-02-01T00:00:00.000+05:30,28.229633333333332,243.63174305555555,4.857777777777778,0.0866555555555555,1111.0,367.0,14623.0,2026,2,1,1,1,1,winter,32.17516666666667,31.351633333333332,20.4042,36.58902857142857,33.36995222222222
2026-02-02T00:00:00.000+05:30,35.95719999999999,243.33281944444445,6.148333333333333,0.0910888888888889,0.0,382.0,21536.0,2026,2,2,2,1,0,winter,34.459399999999995,40.55846666666666,21.863583333333334,36.803,33.83973944444444
2026-02-03T00:00:00.000+05:30,48.38356666666667,242.3880763888889,8.37,0.1275638888888889,2234.0,8423.0,21130.0,2026,2,3,3,1,0,winter,46.015033333333335,39.19546666666667,34.72423333333334,37.1413619047619,34.29505055555555
2026-02-04T00:00:00.000+05:30,38.6045,242.10079166666668,6.643888888888889,0.0985055555555555,1074.0,532.0,23743.0,2026,2,4,4,1,0,winter,35.170566666666666,35.63093333333333,26.735533333333333,37.631923809523805,34.690682777777766
2026-02-05T00:00:00.000+05:30,34.98153333333333,241.94126388888887,6.075416666666667,0.0992902777777777,902.0,474.0,18008.0,2026,2,5,5,1,0,winter,34.88316666666666,29.843766666666667,36.99633333333334,37.64597619047619,34.62352277777777
2026-02-06T00:00:00.000+05:30,45.216433333333335,241.0920694444445,7.933194444444444,0.2059819444444444,4324.0,2209.0,17857.0,2026,2,6,6,1,0,winter,47.3788,43.52568333333333,29.619666666666667,37.337066666666665,35.143415
2026-02-07T00:00:00.000+05:30,27.095133333333333,242.68447222222224,4.726805555555556,0.1128236111111111,2736.0,3837.0,5546.0,2026,2,7,7,1,1,winter,29.9866,37.82366666666667,29.4907,36.92399999999999,35.06356277777777
2026-02-08T00:00:00.000+05:30,43.037299999999995,241.99677777777777,7.4075,0.0970486111111111,1161.0,431.0,19764.0,2026,2,8,1,1,1,winter,28.229633333333332,32.17516666666667,29.953466666666667,39.03938095238095,35.49969055555555
2026-02-09T00:00:00.000+05:30,40.348866666666666,243.1503680555556,6.920138888888889,0.0970222222222222,1214.0,410.0,19769.0,2026,2,9,2,1,0,winter,35.95719999999999,34.459399999999995,38.94833333333334,39.666761904761906,35.546375000000005
2026-02-10T00:00:00.000+05:30,32.46706666666667,242.44686458333337,5.615138888888889,0.0983708333333333,1219.0,2976.0,12230.5,2026,2,10,3,1,0,winter,48.38356666666667,46.015033333333335,41.807766666666666,37.39297619047619,35.23501833333333
2026-02-11T00:00:00.000+05:30,22.82946666666667,244.51238194444448,3.9073611111111113,0.0862152777777777,0.0,330.0,9916.0,2026,2,11,4,1,0,winter,38.6045,35.170566666666666,25.3114,35.139399999999995,35.15228722222221
2026-02-12T00:00:00.000+05:30,31.549966666666663,243.62629166666665,5.408055555555555,0.0918625,1241.0,312.0,15211.0,2026,2,12,5,1,0,winter,34.98153333333333,34.88316666666666,23.037504259850905,34.64917619047618,35.436035969116084
2026-02-13T00:00:00.000+05:30,39.1926,242.88909027777777,6.744027777777777,0.1005513888888889,1838.0,5292.0,18710.0,2026,2,13,6,1,0,winter,45.216433333333335,47.3788,12.158262406815762,33.78862857142857,36.337180555555555
2026-02-14T00:00:00.000+05:30,28.141666666666666,243.14075,4.832569444444444,0.0866555555555555,1224.5,319.5,13190.5,2026,2,14,7,1,1,winter,27.095133333333333,29.9866,36.61266666666667,33.93813333333333,36.054813888888894
2026-02-15T00:00:00.000+05:30,34.9522,243.44677777777775,6.042361111111111,0.0911597222222222,3468.0,332.0,16065.0,2026,2,15,1,1,1,winter,43.037299999999995,28.229633333333332,35.8352,32.783119047619046,36.02538055555556
2026-02-16T00:00:00.000+05:30,29.9626,243.75376388888887,5.148333333333333,0.0830597222222222,1945.0,317.0,12820.0,2026,2,16,2,1,0,winter,40.348866666666666,35.95719999999999,31.775933333333334,31.299366666666668,35.96493611111112
2026-02-17T00:00:00.000+05:30,34.242666666666665,242.34681944444444,5.94125,0.0830277777777777,2294.0,6636.0,10101.0,2026,2,17,3,1,0,winter,32.46706666666667,48.38356666666667,31.351633333333332,31.55302380952381,36.0613038888889
2026-02-18T00:00:00.000+05:30,29.3526,243.58819444444444,5.038194444444445,0.0972222222222222,965.0,385.0,14884.0,2026,2,18,4,1,0,winter,22.82946666666667,38.6045,40.55846666666666,32.484899999999996,35.687775
2026-02-19T00:00:00.000+05:30,32.559533333333334,241.70740277777776,5.654166666666667,0.0938541666666666,2124.0,397.0,14543.0,2026,2,19,5,1,0,winter,31.549966666666663,34.98153333333333,39.19546666666667,32.62912380952381,35.46657722222222
2026-02-20T00:00:00.000+05:30,33.062133333333335,241.78896527777775,5.745555555555556,0.1050333333333333,3748.0,382.0,14470.0,2026,2,20,6,1,0,winter,39.1926,45.216433333333335,35.63093333333333,31.75334285714286,35.380950555555565
2026-02-21T00:00:00.000+05:30,45.6719,240.625375,8.038333333333334,0.1162902777777777,5905.0,8142.0,17083.0,2026,2,21,7,1,1,winter,28.141666666666666,27.095133333333333,29.843766666666667,34.2576619047619,35.908555
2026-02-22T00:00:00.000+05:30,24.56726666666667,240.57949305555553,4.315,0.1115444444444444,1393.0,2167.0,10159.0,2026,2,22,1,1,1,winter,34.9522,43.037299999999995,43.52568333333333,32.7741,35.276607777777784
2026-02-23T00:00:00.000+05:30,24.354666666666667,241.98468055555557,4.254583333333334,0.1167069444444444,0.0,3001.0,8806.0,2026,2,23,2,1,0,winter,29.9626,40.348866666666666,37.82366666666667,31.972966666666668,34.82764111111111
2026-02-24T00:00:00.000+05:30,31.904633333333333,241.4657986111111,5.523055555555556,0.1042555555555555,2260.0,1682.0,14315.0,2026,2,24,3,1,0,winter,34.242666666666665,32.46706666666667,32.17516666666667,31.638961904761906,34.818623333333335
2026-02-25T00:00:00.000+05:30,31.33673333333333,240.98316666666668,5.405833333333333,0.0908875,0.0,474.0,15120.0,2026,2,25,4,1,0,winter,29.3526,22.82946666666667,34.459399999999995,31.922409523809527,34.714534444444446
2026-02-26T00:00:00.000+05:30,35.33593333333333,240.42563194444443,6.139305555555556,0.0967430555555555,1146.0,2454.0,14821.0,2026,2,26,5,1,0,winter,32.559533333333334,31.549966666666663,46.015033333333335,32.3190380952381,34.35856444444445
2026-02-27T00:00:00.000+05:30,29.4176,241.54445833333335,5.150833333333333,0.1058263888888889,3743.0,441.0,14358.0,2026,2,27,6,1,0,winter,33.062133333333335,39.1926,35.170566666666666,31.798390476190473,34.166798888888884
2026-02-28T00:00:00.000+05:30,11.8611,242.5674652777778,2.06125,0.0931027777777777,0.0,487.0,2952.0,2026,2,28,7,1,1,winter,45.6719,28.141666666666666,34.88316666666666,26.96827619047619,33.39939666666666
2026-03-01T00:00:00.000+05:30,21.645466666666668,241.82277777777776,3.7577777777777777,0.0903305555555555,1785.0,471.0,7115.0,2026,3,1,1,1,1,spring,24.56726666666667,34.9522,47.3788,26.550876190476185,32.541618888888884
2026-03-02T00:00:00.000+05:30,12.781766666666668,241.75205555555556,2.2255555555555557,0.0947194444444444,0.0,424.0,3605.0,2026,3,2,2,1,0,spring,24.354666666666667,29.9626,29.9866,24.897604761904763,31.968124444444435
2026-03-03T00:00:00.000+05:30,15.597233333333332,241.2114375,2.7330555555555556,0.0839819444444444,0.0,425.0,7221.0,2026,3,3,3,1,0,spring,31.904633333333333,34.242666666666665,28.229633333333332,22.567976190476184,31.547044444444442
2026-03-04T00:00:00.000+05:30,11.381333333333334,242.9922916666667,2.0072222222222225,0.0874680555555555,0.0,436.0,2928.0,2026,3,4,4,1,0,spring,31.33673333333333,29.3526,35.95719999999999,19.71720476190476,30.727848888888886
2026-03-05T00:00:00.000+05:30,18.895433333333337,243.4863125,3.26625,0.0940388888888888,1108.0,351.0,5918.0,2026,3,5,5,1,0,spring,35.33593333333333,32.559533333333334,48.38356666666667,17.368561904761908,29.744911111111108
2026-03-06T00:00:00.000+05:30,13.2452,243.0312569444445,2.306666666666666,0.0969152777777777,0.0,419.0,3970.0,2026,3,6,6,1,0,spring,29.4176,33.062133333333335,38.6045,15.05821904761905,28.899601111111103
2026-03-07T00:00:00.000+05:30,22.874533333333332,243.55174305555556,3.966666666666667,0.0930194444444444,0.0,4674.0,3679.0,2026,3,7,7,1,1,spring,11.8611,45.6719,34.98153333333333,16.631566666666664,28.496034444444437
2026-03-08T00:00:00.000+05:30,42.6183,243.77458333333337,7.424444444444445,0.1752347222222222,4214.0,7645.0,15971.0,2026,3,8,1,1,1,spring,21.645466666666668,24.56726666666667,45.216433333333335,19.627685714285715,28.409429999999993
2026-03-09T00:00:00.000+05:30,29.3352,243.52749999999995,5.080694444444444,0.1167208333333333,846.0,397.0,10893.0,2026,3,9,2,1,0,spring,12.781766666666668,24.354666666666667,27.095133333333333,21.992461904761903,28.484098888888884
2026-03-10T00:00:00.000+05:30,30.3772,243.56579166666663,5.196944444444445,0.0904847222222222,1167.0,375.0,14916.0,2026,3,10,3,1,0,spring,15.597233333333332,31.904633333333333,43.037299999999995,24.103885714285717,28.062095555555555
2026-03-11T00:00:00.000+05:30,32.518166666666666,242.68144444444445,5.639444444444445,0.105825,2071.0,320.0,15706.0,2026,3,11,4,1,0,spring,11.381333333333334,31.33673333333333,40.348866666666666,27.123433333333335,27.801072222222217
2026-03-12T00:00:00.000+05:30,27.423733333333335,243.0135347222222,4.722222222222222,0.1032708333333333,1691.0,411.0,14076.0,2026,3,12,5,1,0,spring,18.895433333333337,35.33593333333333,32.46706666666667,28.341761904761906,27.632961111111108
2026-03-13T00:00:00.000+05:30,39.71683333333333,241.99693750000003,6.905,0.1842791666666667,2848.0,5534.0,17973.0,2026,3,13,6,1,0,spring,13.2452,29.4176,22.82946666666667,32.12342380952381,28.195873333333328
2026-03-14T00:00:00.000+05:30,26.1119,241.9863125,4.594861111111111,0.1393277777777777,3464.0,918.0,7101.0,2026,3,14,7,1,1,spring,22.874533333333332,11.8611,31.549966666666663,32.58590476190476,28.01460444444444
2026-03-15T00:00:00.000+05:30,29.864166666666662,242.29575,5.178333333333334,0.1141055555555555,778.0,436.0,15053.0,2026,3,15,1,1,1,spring,42.6183,21.645466666666668,39.1926,30.763885714285713,27.703656666666664
2026-03-16T00:00:00.000+05:30,25.710833333333333,241.5400763888889,4.460972222222223,0.1164833333333333,0.0,457.0,10083.0,2026,3,16,2,1,0,spring,29.3352,12.781766666666668,28.141666666666666,30.24611904761905,27.622628888888883
2026-03-17T00:00:00.000+05:30,33.485499999999995,241.64133333333336,5.8277777777777775,0.1289916666666666,1136.0,5851.0,13105.0,2026,3,17,3,1,0,spring,30.3772,15.597233333333332,34.9522,30.690161904761904,27.573738888888883
2026-03-18T00:00:00.000+05:30,26.0447,241.5022638888889,4.547361111111111,0.1154263888888888,1147.0,570.0,10845.0,2026,3,18,4,1,0,spring,32.518166666666666,11.381333333333334,29.9626,29.76538095238095,27.443142222222217
2026-03-19T00:00:00.000+05:30,27.723066666666668,241.42446527777776,4.8059722222222225,0.1315819444444444,0.0,596.0,12591.0,2026,3,19,5,1,0,spring,27.423733333333335,18.895433333333337,34.242666666666665,29.808142857142855,27.22582222222222
2026-03-20T00:00:00.000+05:30,2.6290234714003944,242.54209248601765,2.3024215773688903,0.1317181446056577,0.0,85.0,1028.0976331360946,2026,3,20,6,1,0,spring,39.71683333333333,13.2452,29.3526,24.509884305438145,26.335036337935563
2026-03-21T00:00:00.000+05:30,16.46254319526627,240.5991762027648,6.1505035233601815,0.1606994152351658,1670.0,2867.0,3680.902366863905,2026,3,21,7,1,1,spring,26.1119,22.874533333333332,32.559533333333334,23.131404761904758,25.798469999999995
2026-03-22T00:00:00.000+05:30,26.9765,241.35879166666663,4.687083333333333,0.1191361111111111,1142.0,557.0,13859.0,2026,3,22,1,1,1,spring,29.864166666666662,42.6183,33.062133333333335,22.718880952380953,25.59561555555555
2026-03-23T00:00:00.000+05:30,30.369366666666668,241.1662986111111,5.370416666666666,0.1296069444444444,2892.0,1153.0,13107.0,2026,3,23,2,1,0,spring,25.710833333333333,29.3352,45.6719,23.384385714285713,25.08553111111111
2026-03-24T00:00:00.000+05:30,33.245866666666664,240.72467361111111,5.801944444444444,0.1455263888888888,1075.0,5832.0,12817.0,2026,3,24,3,1,0,spring,33.485499999999995,30.3772,24.56726666666667,23.35015238095238,25.374817777777775
2026-03-25T00:00:00.000+05:30,27.998066666666663,242.2651527777778,4.843194444444444,0.1296930555555555,0.0,611.0,13797.0,2026,3,25,4,1,0,spring,26.0447,32.518166666666666,24.354666666666667,23.62920476190476,25.496264444444442
2026-03-26T00:00:00.000+05:30,27.521400000000003,241.50402777777776,4.79875,0.1429736111111111,1078.0,682.0,12547.0,2026,3,26,5,1,0,spring,27.723066666666668,27.423733333333335,31.904633333333333,23.60039523809524,25.35015666666666
2026-03-27T00:00:00.000+05:30,30.7995,240.4125694444444,5.393472222222223,0.1354805555555555,1067.0,3080.0,12483.0,2026,3,27,6,1,0,spring,2.6290234714003944,39.71683333333333,31.33673333333333,27.62474902789518,25.332248888888888
2026-03-28T00:00:00.000+05:30,29.970233333333333,241.37355555555555,5.323888888888889,0.1808527777777777,1083.0,7895.0,7118.0,2026,3,28,7,1,1,spring,16.46254319526627,26.1119,35.33593333333333,29.554419047619046,25.15339222222222
2026-03-29T00:00:00.000+05:30,27.045633333333335,241.52158333333335,4.726388888888889,0.1438069444444444,0.0,636.0,15420.0,2026,3,29,1,1,1,spring,26.9765,29.864166666666662,29.4176,29.56429523809524,25.07432666666666
2026-03-30T00:00:00.000+05:30,31.77423333333333,241.08461805555555,5.636527777777778,0.1949430555555555,1760.0,571.0,13765.0,2026,3,30,2,1,0,spring,30.369366666666668,25.710833333333333,11.8611,29.76499047619048,25.738097777777774
2026-03-31T00:00:00.000+05:30,32.06336666666667,240.1941736111111,5.662916666666667,0.1399847222222222,1067.0,6313.0,12041.0,2026,3,31,3,1,0,spring,33.245866666666664,33.485499999999995,21.645466666666668,29.596061904761907,26.085361111111105
2026-04-01T00:00:00.000+05:30,28.124,241.75415972222223,4.879027777777778,0.1003222222222222,1780.0,517.0,14393.0,2026,4,1,4,2,0,spring,27.998066666666663,26.0447,12.781766666666668,29.614052380952383,26.59676888888888
2026-04-02T00:00:00.000+05:30,27.477033333333335,242.77352083333332,4.733472222222222,0.1061847222222222,0.0,483.0,13074.0,2026,4,2,5,2,0,spring,27.521400000000003,27.723066666666668,15.597233333333332,29.607714285714284,26.992762222222215
2026-04-03T00:00:00.000+05:30,30.087966666666667,243.2499305555556,5.170972222222222,0.1435069444444444,1778.0,648.0,17694.0,2026,4,3,6,2,0,spring,30.7995,2.6290234714003944,11.381333333333334,29.506066666666666,27.616316666666663
2026-04-04T00:00:00.000+05:30,28.173133333333332,241.74743055555555,4.925694444444445,0.1659555555555555,1097.0,831.0,12687.0,2026,4,4,7,2,1,spring,29.970233333333333,16.46254319526627,18.895433333333337,29.249338095238095,27.92557333333333
2026-04-05T00:00:00.000+05:30,18.647,243.6551458333333,3.26875,0.1148749999999999,1755.0,1436.0,5503.0,2026,4,5,1,2,1,spring,27.045633333333335,26.9765,13.2452,28.049533333333333,28.105633333333333
2026-04-06T00:00:00.000+05:30,30.430866666666667,242.74411111111112,5.258888888888889,0.1184819444444444,1154.0,613.0,12476.0,2026,4,6,2,2,0,spring,31.77423333333333,30.369366666666668,22.874533333333332,27.85762380952381,28.357511111111112
2026-04-07T00:00:00.000+05:30,26.616366666666668,241.83122916666665,4.645416666666667,0.1281430555555555,1077.0,3440.0,11362.0,2026,4,7,3,2,0,spring,32.06336666666667,33.245866666666664,42.6183,27.07948095238095,27.824113333333333
2026-04-08T00:00:00.000+05:30,27.487,241.99483333333333,4.759027777777778,0.1146819444444444,145.0,669.0,13322.0,2026,4,8,4,2,0,spring,28.124,27.998066666666663,29.3352,26.98848095238095,27.76250666666667
2026-04-09T00:00:00.000+05:30,20.555833333333332,242.58288194444444,3.570555555555556,0.1128347222222222,1088.0,566.0,10595.0,2026,4,9,5,2,0,spring,27.477033333333335,27.521400000000003,30.3772,25.999738095238094,27.43512777777778
2026-04-10T00:00:00.000+05:30,19.8368,241.28286111111112,3.48625,0.1246666666666666,1044.0,960.0,8933.0,2026,4,10,6,2,0,spring,30.087966666666667,30.7995,32.518166666666666,24.535285714285717,27.01241555555556
2026-04-11T00:00:00.000+05:30,26.719683333333332,241.4909097222222,4.733819444444444,0.12155625,5499.0,554.0,8851.0,2026,4,11,7,2,1,spring,28.173133333333332,29.970233333333333,27.423733333333335,24.327650000000002,26.98894722222223
2026-04-12T00:00:00.000+05:30,23.990433333333332,242.00644444444447,4.164305555555556,0.1095347222222222,660.0,611.0,11949.0,2026,4,12,1,2,1,spring,18.647,27.045633333333335,39.71683333333333,25.090997619047616,26.464733888888894
2026-04-13T00:00:00.000+05:30,25.21173333333333,241.735125,4.392222222222222,0.1188472222222222,1097.0,646.0,13033.0,2026,4,13,2,2,0,spring,30.430866666666667,31.77423333333333,26.1119,24.345407142857145,26.434728333333343
2026-04-14T00:00:00.000+05:30,27.672733333333333,241.3756111111111,4.8469444444444445,0.1244430555555555,1132.0,5871.0,9194.0,2026,4,14,3,2,0,spring,26.616366666666668,32.06336666666667,29.864166666666662,24.496316666666665,26.361680555555562
2026-04-15T00:00:00.000+05:30,31.20296666666667,240.8521875,5.425416666666667,0.1162055555555555,2526.0,658.0,15667.0,2026,4,15,4,2,0,spring,27.487,28.124,25.710833333333333,25.027169047619047,26.54475166666667
2026-04-16T00:00:00.000+05:30,26.034366666666664,241.99183333333332,4.550694444444445,0.1183194444444444,2837.0,592.0,12623.0,2026,4,16,5,2,0,spring,20.555833333333332,27.477033333333335,33.485499999999995,25.809816666666666,26.296380555555558
2026-04-17T00:00:00.000+05:30,25.961866666666666,241.30517361111112,4.548055555555555,0.1040708333333333,553.0,3124.0,12571.0,2026,4,17,6,2,0,spring,19.8368,30.087966666666667,26.0447,26.684826190476194,26.29361944444445
2026-04-18T00:00:00.000+05:30,24.601766666666663,240.68122916666664,4.280833333333333,0.1029388888888888,1104.0,618.0,12550.0,2026,4,18,7,2,1,spring,26.719683333333332,28.173133333333332,27.723066666666668,26.382266666666663,26.189576111111116
2026-04-19T00:00:00.000+05:30,28.476566666666667,241.25981944444445,4.962916666666667,0.1155583333333333,1230.0,4255.0,13474.0,2026,4,19,1,2,1,spring,23.990433333333332,18.647,2.6290234714003944,27.023142857142854,27.05116088428666
2026-04-20T00:00:00.000+05:30,30.560466666666667,240.77725,5.33125,0.1221541666666666,1388.0,719.0,16668.0,2026,4,20,2,2,0,spring,25.21173333333333,30.430866666666667,16.46254319526627,27.787247619047616,27.52109166666667
2026-04-21T00:00:00.000+05:30,26.3319,241.93004166666668,4.556111111111111,0.1100041666666666,0.0,635.0,12902.0,2026,4,21,3,2,0,spring,27.672733333333333,26.616366666666668,26.9765,27.595699999999994,27.499605000000006
2026-04-22T00:00:00.000+05:30,24.3484,240.74602083333335,4.2659722222222225,0.1296180555555555,1062.0,653.0,12492.0,2026,4,22,4,2,0,spring,31.20296666666667,27.487,30.369366666666668,26.616476190476188,27.298906111111112
2026-04-23T00:00:00.000+05:30,19.6756,241.61291666666665,3.435277777777778,0.1230305555555555,0.0,623.0,10981.0,2026,4,23,5,2,0,spring,26.034366666666664,20.555833333333332,33.245866666666664,25.708080952380953,26.84656388888889
2026-04-24T00:00:00.000+05:30,25.306966666666664,241.5161180555556,4.585416666666666,0.2130819444444444,4445.0,1483.0,8223.0,2026,4,24,6,2,0,spring,25.961866666666666,19.8368,27.998066666666663,25.61452380952381,26.75686055555556
2026-04-25T00:00:00.000+05:30,25.712366666666664,240.66157638888888,4.521527777777778,0.1659652777777777,0.0,2350.0,7595.0,2026,4,25,7,2,1,spring,24.601766666666663,26.719683333333332,27.521400000000003,25.77318095238095,26.696559444444446
2026-04-26T00:00:00.000+05:30,18.045266666666667,241.23138194444445,3.169166666666667,0.1155694444444444,1038.0,460.0,7635.0,2026,4,26,1,2,1,spring,28.476566666666667,23.990433333333332,30.7995,24.282995238095236,26.27141833333333
2026-04-27T00:00:00.000+05:30,20.849,242.07596527777775,3.6158333333333337,0.1126944444444444,0.0,545.0,8539.0,2026,4,27,2,2,0,spring,30.560466666666667,25.21173333333333,29.970233333333333,22.895642857142857,25.967377222222222
2026-04-28T00:00:00.000+05:30,14.4643,242.51982638888887,2.551111111111111,0.1268638888888889,0.0,578.0,6035.0,2026,4,28,3,2,0,spring,26.3319,27.672733333333333,27.045633333333335,21.20027142857143,25.547999444444443
2026-04-29T00:00:00.000+05:30,18.3954,242.2791736111111,3.1961111111111107,0.1206347222222222,12.0,679.0,8102.0,2026,4,29,4,2,0,spring,24.3484,31.20296666666667,31.77423333333333,20.349842857142853,25.10203833333333
2026-04-30T00:00:00.000+05:30,18.6438,241.81767361111113,3.3229166666666665,0.1447180555555555,2695.0,659.0,6969.0,2026,4,30,5,2,0,spring,19.6756,26.034366666666664,32.06336666666667,20.20244285714286,24.654719444444435
2026-05-01T00:00:00.000+05:30,22.002633333333332,240.64716666666664,3.9298611111111112,0.1336972222222222,1984.0,4885.0,6751.0,2026,5,1,6,2,0,spring,25.306966666666664,25.961866666666666,28.124,19.730395238095237,24.450673888888886
2026-05-02T00:00:00.000+05:30,36.46516666666666,240.38825,6.422499999999999,0.1624861111111111,1858.0,7966.0,14454.0,2026,5,2,7,2,1,spring,25.712366666666664,24.601766666666663,27.477033333333335,21.266509523809525,24.750278333333327
2026-05-03T00:00:00.000+05:30,23.5217,237.18724305555557,4.158888888888889,0.1063833333333333,980.0,534.0,11825.0,2026,5,3,1,2,1,spring,18.045266666666667,28.476566666666667,30.087966666666667,22.04885714285714,24.53140277777777
2026-05-04T00:00:00.000+05:30,25.282666666666668,236.03702777777775,4.5025,0.1071111111111111,0.0,1018.0,12007.0,2026,5,4,2,2,0,spring,20.849,30.560466666666667,28.173133333333332,22.682238095238095,24.435053888888884
2026-05-05T00:00:00.000+05:30,30.088466666666665,236.10560416666667,5.365138888888889,0.0897222222222222,2969.0,2194.0,12183.0,2026,5,5,3,2,0,spring,14.4643,26.3319,18.647,24.914261904761904,24.81643611111111
2026-05-06T00:00:00.000+05:30,21.654166666666665,235.98911111111113,3.8222222222222224,0.0824333333333333,0.0,301.0,10280.0,2026,5,6,4,2,0,spring,18.3954,24.3484,30.430866666666667,25.3798,24.52387944444444
2026-05-07T00:00:00.000+05:30,27.400066666666664,237.49589583333335,4.8156944444444445,0.1008083333333333,1053.0,332.0,13602.0,2026,5,7,5,2,0,spring,18.6438,19.6756,26.616366666666668,26.63069523809524,24.550002777777774
2026-05-08T00:00:00.000+05:30,25.557033333333333,241.89702083333336,4.485277777777778,0.1202930555555555,3569.0,2435.0,10158.0,2026,5,8,6,2,0,spring,22.002633333333332,25.306966666666664,27.487,27.138466666666663,24.485670555555554
2026-05-09T00:00:00.000+05:30,26.1085,241.4013263888889,4.638472222222222,0.1426277777777777,2888.0,2636.0,9945.0,2026,5,9,7,2,1,spring,36.46516666666666,25.712366666666664,20.555833333333332,25.658942857142854,24.670759444444446
2026-05-10T00:00:00.000+05:30,24.46486666666667,240.99840972222225,4.260138888888889,0.1002069444444444,0.0,403.0,12893.0,2026,5,10,1,2,1,spring,23.5217,18.045266666666667,19.8368,25.79368095238095,24.82502833333334
2026-05-11T00:00:00.000+05:30,26.189466666666664,242.3830763888889,4.54375,0.1057638888888889,1156.0,345.0,11418.0,2026,5,11,2,2,0,spring,25.282666666666668,20.849,26.719683333333332,25.92322380952381,24.80735444444445
2026-05-12T00:00:00.000+05:30,33.923633333333335,241.716625,5.8902777777777775,0.1109708333333333,1036.0,4434.0,16362.0,2026,5,12,3,2,0,spring,30.088466666666665,14.4643,23.990433333333332,26.471104761904762,25.138461111111113
2026-05-13T00:00:00.000+05:30,25.903133333333336,242.96012847222224,4.479722222222223,0.1070145833333333,2124.5,1477.0,10527.5,2026,5,13,4,2,0,spring,21.654166666666665,18.3954,25.21173333333333,27.0781,25.161507777777786
2026-05-14T00:00:00.000+05:30,28.70243333333333,242.06722916666664,4.981944444444444,0.1110305555555555,1045.0,334.0,16764.0,2026,5,14,5,2,0,spring,27.400066666666664,18.6438,27.672733333333333,27.26415238095238,25.195831111111122
2026-05-15T00:00:00.000+05:30,32.412866666666666,242.10271527777775,5.709305555555555,0.1617666666666666,3347.0,336.0,13670.0,2026,5,15,6,2,0,spring,25.557033333333333,22.002633333333332,31.20296666666667,28.243557142857146,25.236161111111116
2026-05-16T00:00:00.000+05:30,35.0071,240.97365277777777,6.154444444444445,0.1141541666666666,3361.0,3922.0,11888.0,2026,5,16,7,2,1,spring,26.1085,36.46516666666666,26.034366666666664,29.51478571428572,25.53525222222223
2026-05-17T00:00:00.000+05:30,27.136366666666667,241.36027083333332,4.723194444444444,0.1023444444444444,1014.0,367.0,15344.0,2026,5,17,1,2,1,spring,24.46486666666667,23.5217,25.961866666666666,29.896428571428572,25.574402222222222
2026-05-18T00:00:00.000+05:30,23.6864,241.520875,4.118333333333333,0.1039249999999999,0.0,370.0,11677.0,2026,5,18,2,2,0,spring,26.189466666666664,25.282666666666668,24.601766666666663,29.538847619047623,25.54389
2026-05-19T00:00:00.000+05:30,23.7792,241.60104166666667,4.1762500000000005,0.1050374999999999,2122.0,659.0,9864.0,2026,5,19,3,2,0,spring,33.923633333333335,30.088466666666665,28.476566666666667,28.089642857142856,25.38731111111111
2026-05-20T00:00:00.000+05:30,19.23163333333333,242.45078472222224,3.3552777777777782,0.0966249999999999,0.0,369.0,10101.0,2026,5,20,4,2,0,spring,25.903133333333336,21.654166666666665,30.560466666666667,27.136571428571425,25.00968333333333
2026-05-21T00:00:00.000+05:30,21.573266666666665,241.75904861111113,3.7977777777777777,0.1164541666666666,1073.0,381.0,10113.0,2026,5,21,5,2,0,spring,28.70243333333333,27.400066666666664,26.3319,26.118119047619043,24.851062222222218
2026-05-22T00:00:00.000+05:30,34.92953333333333,239.55310416666663,6.156527777777778,0.1477069444444444,2278.0,2441.0,17454.0,2026,5,22,6,2,0,spring,32.412866666666666,25.557033333333333,24.3484,26.477642857142854,25.203766666666663
2026-05-23T00:00:00.000+05:30,24.7926,240.6903472222222,4.398055555555556,0.1757638888888889,864.0,416.0,9541.0,2026,5,23,7,2,1,spring,35.0071,26.1085,19.6756,25.01842857142857,25.37433333333333
2026-05-24T00:00:00.000+05:30,22.355533333333337,241.03509722222225,3.971111111111111,0.1583611111111111,1875.0,2467.0,7746.0,2026,5,24,1,2,1,spring,27.136366666666667,24.46486666666667,25.306966666666664,24.33545238095238,25.27595222222222
2026-05-25T00:00:00.000+05:30,19.9771,240.2630486111111,3.5909722222222222,0.1415736111111111,474.0,451.0,10439.0,2026,5,25,2,2,0,spring,23.6864,26.189466666666664,25.712366666666664,23.80555238095238,25.084776666666663
2026-05-26T00:00:00.000+05:30,23.1314,239.54319444444445,4.185,0.1677847222222222,914.0,4500.0,8530.0,2026,5,26,3,2,0,spring,23.7792,33.923633333333335,18.045266666666667,23.71300952380952,25.25431444444444
2026-05-27T00:00:00.000+05:30,22.0557,239.92095138888888,3.91125,0.1359972222222222,932.0,443.0,10669.0,2026,5,27,4,2,0,spring,19.23163333333333,25.903133333333336,20.849,24.11644761904762,25.294537777777773
2026-05-28T00:00:00.000+05:30,23.302733333333332,240.0395763888889,4.099027777777778,0.1128263888888888,1020.0,413.0,11616.0,2026,5,28,5,2,0,spring,21.573266666666665,28.70243333333333,14.4643,24.363514285714285,25.589152222222218
2026-05-29T00:00:00.000+05:30,34.163466666666665,240.20170833333336,6.040555555555556,0.1427861111111111,4057.0,400.0,16635.0,2026,5,29,6,2,0,spring,34.92953333333333,32.412866666666666,18.3954,24.25407619047619,26.11475444444444
2026-05-30T00:00:00.000+05:30,27.761666666666667,240.46701388888889,4.902083333333334,0.1228416666666666,2405.0,2976.0,9708.0,2026,5,30,7,2,1,spring,24.7926,35.0071,18.6438,24.67822857142857,26.418683333333327
2026-05-31T00:00:00.000+05:30,22.341033333333332,240.69020833333337,3.9730555555555553,0.1013013888888888,1710.0,2171.0,10461.0,2026,5,31,1,2,1,spring,22.355533333333337,27.136366666666667,22.002633333333332,24.676157142857143,26.42996333333333
2026-06-01T00:00:00.000+05:30,21.1494,240.5402777777778,3.718194444444445,0.0951180555555555,970.0,400.0,11858.0,2026,6,1,2,2,0,summer,19.9771,23.6864,36.46516666666666,24.84362857142857,25.919437777777777
2026-06-02T00:00:00.000+05:30,16.348300000000002,240.33645833333333,2.9158333333333335,0.0897486111111111,0.0,656.0,8454.0,2026,6,2,3,2,0,summer,23.1314,23.7792,23.5217,23.874614285714284,25.680324444444445
2026-06-03T00:00:00.000+05:30,23.23643333333333,240.24450694444445,4.154166666666667,0.1139138888888888,2916.0,451.0,12304.0,2026,6,3,4,2,0,summer,22.0557,19.23163333333333,25.282666666666668,24.043290476190474,25.612116666666665
2026-06-04T00:00:00.000+05:30,23.6759,240.27963888888888,4.203333333333333,0.1286416666666666,1695.0,397.0,12517.0,2026,6,4,5,2,0,summer,23.302733333333332,21.573266666666665,30.088466666666665,24.0966,25.39836444444444
2026-06-05T00:00:00.000+05:30,33.49406666666667,241.10038194444445,6.095138888888889,0.2041597222222222,10932.0,1253.0,12223.0,2026,6,5,6,2,0,summer,34.163466666666665,34.92953333333333,21.654166666666665,24.000971428571432,25.793027777777773
2026-06-06T00:00:00.000+05:30,29.1132,241.42161805555557,5.288194444444445,0.2022125,7609.0,574.0,11365.0,2026,6,6,7,2,1,summer,27.761666666666667,24.7926,27.400066666666664,24.19404761904762,25.850132222222218
2026-06-07T00:00:00.000+05:30,16.868033333333333,242.33104861111113,3.0329166666666665,0.1278541666666666,1821.0,488.0,6737.0,2026,6,7,1,2,1,summer,22.341033333333332,22.355533333333337,25.557033333333333,23.412190476190478,25.560498888888887
2026-06-08T00:00:00.000+05:30,22.700566666666667,241.07685416666664,4.03375,0.1377319444444444,1513.0,821.0,11374.0,2026,6,8,2,2,0,summer,21.1494,19.9771,26.1085,23.633785714285715,25.44690111111111
2026-06-09T00:00:00.000+05:30,25.578033333333337,241.18673611111112,4.544722222222222,0.1267597222222222,2774.0,4269.0,8255.0,2026,6,9,3,2,0,summer,16.348300000000002,23.1314,24.46486666666667,24.95231904761905,25.484006666666662
2026-06-10T00:00:00.000+05:30,20.25316666666667,241.69444444444449,3.591527777777778,0.1202958333333333,0.0,474.0,10870.0,2026,6,10,4,2,0,summer,23.23643333333333,22.0557,26.189466666666664,24.526138095238093,25.286129999999996
2026-06-11T00:00:00.000+05:30,24.5112,241.45329166666667,4.4125,0.1517847222222222,3439.0,468.0,11728.0,2026,6,11,5,2,0,summer,23.6759,23.302733333333332,33.923633333333335,24.645466666666668,24.972382222222215
2026-06-12T00:00:00.000+05:30,32.907783333333334,240.35415972222225,5.8475,0.1887118055555555,2705.0,3659.0,16200.0,2026,6,12,6,2,0,summer,33.49406666666667,34.163466666666665,25.903133333333336,24.561711904761903,25.205870555555546
2026-06-13T00:00:00.000+05:30,27.905933333333333,241.20292361111112,5.06,0.1761916666666666,4922.0,2516.0,9096.0,2026,6,13,7,2,1,summer,29.1132,27.761666666666667,28.70243333333333,24.389245238095242,25.179320555555545
2026-06-14T00:00:00.000+05:30,20.299733333333332,241.61683333333332,3.61375,0.1240555555555555,958.0,473.0,10336.0,2026,6,14,1,2,1,summer,16.868033333333333,22.341033333333332,32.412866666666666,24.879488095238095,24.77554944444444
2026-06-15T00:00:00.000+05:30,20.39943333333333,240.9032986111111,3.622916666666667,0.1243722222222222,0.0,488.0,10144.0,2026,6,15,2,2,0,summer,22.700566666666667,21.1494,35.0071,24.550754761904763,24.288627222222217
2026-06-16T00:00:00.000+05:30,29.468200000000003,240.75138194444443,5.18375,0.1271375,1875.0,4999.0,10336.0,2026,6,16,3,2,0,summer,25.578033333333337,16.348300000000002,27.136366666666667,25.106492857142857,24.366355000000002
2026-06-17T00:00:00.000+05:30,17.133633333333332,240.42709027777775,3.0509722222222218,0.1168527777777777,0.0,488.0,8510.0,2026,6,17,4,2,0,summer,20.25316666666667,23.23643333333333,23.6864,24.66084523809524,24.147929444444447
2026-06-18T00:00:00.000+05:30,22.205266666666667,240.52340972222223,3.945972222222222,0.1190402777777777,977.0,454.0,11977.0,2026,6,18,5,2,0,summer,24.5112,23.6759,23.7792,24.33142619047619,24.095465000000004
2026-06-19T00:00:00.000+05:30,23.603666666666665,241.7036388888889,4.214166666666666,0.1463944444444444,2385.0,1803.0,9554.0,2026,6,19,6,2,0,summer,32.907783333333334,33.49406666666667,19.23163333333333,23.002266666666664,24.24119944444445
2026-06-20T00:00:00.000+05:30,27.875833333333333,240.30783333333335,4.924444444444444,0.1000555555555555,1021.0,4195.0,12337.0,2026,6,20,7,2,1,summer,27.905933333333333,29.1132,21.573266666666665,22.997966666666667,24.451285000000006
2026-06-21T00:00:00.000+05:30,27.681500000000003,240.95399305555551,4.947638888888889,0.1178333333333333,3824.0,3525.0,11179.0,2026,6,21,1,2,1,summer,20.299733333333332,16.868033333333333,34.92953333333333,24.052504761904764,24.209683888888893
2026-06-22T00:00:00.000+05:30,25.343133333333338,240.6849236111111,4.581666666666667,0.1454402777777777,968.0,6176.0,9230.0,2026,6,22,2,2,0,summer,20.39943333333333,22.700566666666667,24.7926,24.758747619047618,24.228034999999995
2026-06-23T00:00:00.000+05:30,24.0344,239.99858333333336,4.383194444444444,0.2058902777777777,5740.0,1500.0,10188.0,2026,6,23,3,2,0,summer,29.468200000000003,25.578033333333337,22.355533333333337,23.982490476190474,24.283997222222226
2026-06-24T00:00:00.000+05:30,18.263,240.80948611111108,3.274583333333333,0.1602652777777778,973.0,883.0,8090.0,2026,6,24,4,2,0,summer,17.133633333333332,20.25316666666667,19.9771,24.14382857142857,24.226860555555557
2026-06-25T00:00:00.000+05:30,18.323966666666667,240.5305486111111,3.3211111111111107,0.1518986111111111,0.0,689.0,10466.0,2026,6,25,5,2,0,summer,22.205266666666667,24.5112,23.1314,23.589357142857146,24.06661277777778
2026-06-26T00:00:00.000+05:30,16.360333333333333,241.4948611111111,3.002638888888889,0.2045069444444444,921.0,1221.0,7939.0,2026,6,26,6,2,0,summer,23.603666666666665,32.907783333333334,22.0557,22.55459523809524,23.87676722222222
2026-06-27T00:00:00.000+05:30,18.9994,239.94747916666665,3.4852777777777777,0.2116041666666666,2665.0,764.0,7690.0,2026,6,27,7,2,1,summer,27.875833333333333,27.905933333333333,23.302733333333332,21.286533333333335,23.733322777777783
2026-06-28T00:00:00.000+05:30,24.522333333333332,240.4290138888889,4.3725,0.1950611111111111,0.0,809.0,12516.0,2026,6,28,1,2,1,summer,27.681500000000003,20.299733333333332,34.163466666666665,20.835223809523807,23.41195166666667
2026-06-29T00:00:00.000+05:30,22.80905,240.34065625,4.162638888888889,0.2244791666666666,1746.0,1984.0,8263.0,2026,6,29,2,2,0,summer,25.343133333333338,20.39943333333333,27.761666666666667,20.473211904761904,23.246864444444444
2026-06-30T00:00:00.000+05:30,23.068933333333337,240.61095833333337,4.09375,0.1656861111111111,398.0,806.0,5214.0,2026,6,30,3,2,0,summer,24.0344,29.468200000000003,22.341033333333332,20.335288095238095,23.271127777777778
2026-07-01T00:00:00.000+05:30,22.483366666666665,239.31421527777775,4.051944444444445,0.2003138888888888,877.0,921.0,7438.0,2026,7,1,4,3,0,summer,18.263,17.133633333333332,21.1494,20.93819761904762,23.315593333333336
2026-07-02T00:00:00.000+05:30,19.01546666666667,239.63011805555556,3.495,0.2064569444444444,822.0,932.0,6337.0,2026,7,2,5,3,0,summer,18.323966666666667,22.205266666666667,16.348300000000002,21.036983333333332,23.40449888888889
2026-07-03T00:00:00.000+05:30,18.6679,241.33627777777775,3.42125,0.2186847222222222,0.0,968.0,6151.0,2026,7,3,6,3,0,summer,16.360333333333333,23.603666666666665,23.23643333333333,21.366635714285714,23.25221444444445
2026-07-04T00:00:00.000+05:30,25.6348,240.33446527777775,4.561805555555556,0.1945458333333333,860.0,804.0,6597.0,2026,7,4,7,3,1,summer,18.9994,27.875833333333333,23.6759,22.314549999999997,23.317511111111113
2026-07-05T00:00:00.000+05:30,18.5665,241.1825625,3.3313888888888887,0.1623930555555555,841.0,837.0,6913.0,2026,7,5,1,3,1,summer,24.522333333333332,27.681500000000003,33.49406666666667,21.463716666666667,22.81992555555556
2026-07-06T00:00:00.000+05:30,16.765566666666665,240.5297013888889,3.0056944444444444,0.1335361111111111,0.0,771.0,8451.0,2026,7,6,2,3,0,summer,22.80905,25.343133333333338,29.1132,20.600361904761908,22.40833777777778
2026-07-07T00:00:00.000+05:30,13.913133333333333,240.6574513888889,2.5466666666666664,0.1455111111111111,879.0,760.0,5762.0,2026,7,7,3,3,0,summer,23.068933333333337,24.0344,16.868033333333333,19.292390476190473,22.30984111111112
2026-07-08T00:00:00.000+05:30,20.210866666666668,240.304125,3.629444444444444,0.1714541666666666,857.0,1350.0,8459.0,2026,7,8,4,3,0,summer,22.483366666666665,18.263,22.700566666666667,18.96774761904762,22.22685111111112
2026-07-09T00:00:00.000+05:30,18.05796666666667,240.79250694444443,3.3231944444444443,0.2181069444444444,0.0,625.0,5356.0,2026,7,9,5,3,0,summer,19.01546666666667,18.323966666666667,25.578033333333337,18.830961904761903,21.976182222222228
2026-07-10T00:00:00.000+05:30,19.241733333333332,240.06252083333337,3.510277777777778,0.1953347222222222,907.0,1240.0,8921.0,2026,7,10,6,3,0,summer,18.6679,16.360333333333333,20.25316666666667,18.912938095238097,21.94246777777778
2026-07-11T00:00:00.000+05:30,19.89286666666667,239.7739513888889,3.648055555555555,0.2101555555555555,848.0,594.0,7781.0,2026,7,11,7,3,1,summer,25.6348,18.9994,24.5112,18.092661904761904,21.788523333333334
2026-07-12T00:00:00.000+05:30,18.4929,240.2186458333333,3.397222222222222,0.1985499999999999,1724.0,646.0,6444.0,2026,7,12,1,3,1,summer,18.5665,24.522333333333332,32.907783333333334,18.082147619047618,21.30802722222222
2026-07-13T00:00:00.000+05:30,23.035233333333338,240.49479166666663,4.2404166666666665,0.1998069444444444,2273.0,2826.0,7894.0,2026,7,13,2,3,0,summer,16.765566666666665,22.80905,27.905933333333333,18.977814285714285,21.14567055555555
2026-07-14T00:00:00.000+05:30,23.4912,240.34191666666663,4.260555555555555,0.1725555555555555,1064.0,598.0,7575.0,2026,7,14,3,3,0,summer,13.913133333333333,23.068933333333337,20.299733333333332,20.346109523809524,21.252052777777774
2026-07-15T00:00:00.000+05:30,27.26355,240.36691666666667,4.791944444444444,0.1335583333333333,1108.0,2179.0,8203.5,2026,7,15,4,3,0,summer,20.210866666666668,22.483366666666665,20.39943333333333,21.35363571428572,21.480856666666668
2026-07-16T00:00:00.000+05:30,13.6676,241.15434722222224,2.4870833333333335,0.1366166666666666,0.0,568.0,3854.0,2026,7,16,5,3,0,summer,18.05796666666667,19.01546666666667,29.468200000000003,20.726440476190476,20.954169999999998
2026-07-17T00:00:00.000+05:30,13.4392,241.18420833333337,2.424166666666667,0.1259375,0.0,541.0,6094.0,2026,7,17,6,3,0,summer,19.241733333333332,18.6679,17.133633333333332,19.897507142857144,20.831022222222227
2026-07-18T00:00:00.000+05:30,13.533966666666666,241.45020138888887,2.417638888888889,0.1180069444444444,0.0,498.0,3943.0,2026,7,18,7,3,1,summer,19.89286666666667,25.6348,22.205266666666667,18.989092857142854,20.54197888888889
2026-07-19T00:00:00.000+05:30,13.352633333333332,241.84955555555555,2.395,0.1336791666666666,0.0,549.0,6105.0,2026,7,19,1,3,1,summer,18.4929,18.5665,23.603666666666665,18.254769047619046,20.20027777777778
2026-07-20T00:00:00.000+05:30,14.263733333333333,241.6489861111111,2.5684722222222223,0.1517083333333333,9.0,550.0,5178.0,2026,7,20,2,3,0,summer,23.035233333333338,16.765566666666665,27.875833333333333,17.00169761904762,19.746541111111114
2026-07-21T00:00:00.000+05:30,17.7361,241.72080555555556,3.204861111111111,0.1696152777777778,2030.0,585.0,6178.0,2026,7,21,3,3,0,summer,23.4912,13.913133333333333,27.681500000000003,16.17954047619048,19.415027777777777
2026-07-22T00:00:00.000+05:30,19.407433333333337,241.1897847222222,3.5011111111111113,0.2161694444444444,0.0,2151.0,5604.0,2026,7,22,4,3,0,summer,27.26355,20.210866666666668,25.343133333333338,15.057238095238095,19.217171111111114
2026-07-23T00:00:00.000+05:30,19.602633333333333,239.8829166666667,3.5233333333333334,0.1981111111111111,897.0,2106.0,8295.0,2026,7,23,5,3,0,summer,13.6676,18.05796666666667,24.0344,15.905100000000001,19.069445555555557
2026-07-24T00:00:00.000+05:30,15.361133333333331,240.2968680555555,2.786111111111111,0.1985097222222222,0.0,2096.0,3892.0,2026,7,24,6,3,0,summer,13.4392,19.241733333333332,18.263,16.179661904761904,18.972716666666667
2026-07-25T00:00:00.000+05:30,18.84016666666667,240.27947916666668,3.368611111111111,0.1792819444444444,0.0,3732.0,7549.0,2026,7,25,7,3,1,summer,13.533966666666666,19.89286666666667,18.323966666666667,16.937690476190475,18.989923333333333
2026-07-26T00:00:00.000+05:30,14.735833333333334,240.93763194444443,2.658333333333333,0.1235138888888889,0.0,2246.0,4147.0,2026,7,26,1,3,1,summer,13.352633333333332,18.4929,16.360333333333333,17.135290476190473,18.935773333333334
2026-07-27T00:00:00.000+05:30,15.872666666666667,239.63009722222225,2.8269444444444445,0.1213402777777777,907.0,523.0,4042.0,2026,7,27,2,3,0,summer,14.263733333333333,23.035233333333338,18.9994,17.36513809523809,18.831548888888893
2026-07-28T00:00:00.000+05:30,14.377566666666668,240.30625694444444,2.583472222222222,0.1269902777777778,801.0,544.0,7232.0,2026,7,28,3,3,0,summer,17.7361,23.4912,24.522333333333332,16.885347619047618,18.49339
2026-07-29T00:00:00.000+05:30,9.151733333333334,240.3845347222222,1.689722222222222,0.1231013888888888,0.0,537.0,4158.0,2026,7,29,4,3,0,summer,19.407433333333337,27.26355,22.80905,15.420247619047618,18.038146111111118
2026-07-30T00:00:00.000+05:30,9.187666666666669,240.04908333333333,1.695138888888889,0.1200375,0.0,534.0,4087.0,2026,7,30,5,3,0,summer,19.602633333333333,13.6676,23.068933333333337,13.93239523809524,17.575437222222224
2026-07-31T00:00:00.000+05:30,9.2436,239.68085416666665,1.7159722222222222,0.1262013888888888,0.0,548.0,4272.0,2026,7,31,6,3,0,summer,15.361133333333331,13.4392,22.483366666666665,13.058461904761907,17.13411166666667
2026-08-01T00:00:00.000+05:30,9.261066666666666,239.80130555555556,1.7205555555555554,0.1281180555555555,0.0,558.0,4263.0,2026,8,1,7,3,1,summer,18.84016666666667,13.533966666666666,19.01546666666667,11.690019047619048,16.808965000000004
2026-08-02T00:00:00.000+05:30,9.158033333333332,240.89735416666667,1.7008333333333332,0.1272527777777777,0.0,536.0,4191.0,2026,8,2,1,3,1,summer,14.735833333333334,13.352633333333332,18.6679,10.893190476190478,16.49196944444445
2026-08-03T00:00:00.000+05:30,10.253533333333332,241.5017013888889,1.8530555555555557,0.1229972222222222,0.0,527.0,4096.0,2026,8,3,2,3,0,summer,15.872666666666667,14.263733333333333,25.6348,10.090457142857144,15.979260555555557
2026-08-04T00:00:00.000+05:30,9.055933333333334,241.39795138888888,1.6722222222222225,0.1246055555555555,0.0,532.0,4116.0,2026,8,4,3,3,0,summer,14.377566666666668,17.7361,18.5665,9.33022380952381,15.662241666666667
2026-08-05T00:00:00.000+05:30,8.891266666666667,241.8593888888889,1.6345833333333335,0.1206111111111111,0.0,517.0,4013.0,2026,8,5,4,3,0,summer,9.151733333333334,19.407433333333337,16.765566666666665,9.293014285714287,15.399764999999999
2026-08-06T00:00:00.000+05:30,8.745766666666666,240.9532361111111,1.6036111111111109,0.1142944444444444,0.0,507.0,3947.0,2026,8,6,5,3,0,summer,9.187666666666669,19.602633333333333,13.913133333333333,9.229885714285714,15.227519444444443
2026-08-07T00:00:00.000+05:30,8.791266666666667,241.32504861111113,1.6180555555555556,0.1166847222222222,0.0,520.0,3968.0,2026,8,7,6,3,0,summer,9.2436,15.361133333333331,20.210866666666668,9.165266666666668,14.846866111111108
2026-08-08T00:00:00.000+05:30,8.807666666666668,240.7344652777778,1.6234722222222224,0.1167305555555555,0.0,526.0,3958.0,2026,8,8,7,3,1,summer,9.261066666666666,18.84016666666667,18.05796666666667,9.100495238095238,14.538522777777777
2026-08-09T00:00:00.000+05:30,8.917733333333333,241.06926388888888,1.6384722222222223,0.1190916666666666,0.0,515.0,4042.0,2026,8,9,1,3,1,summer,9.158033333333332,14.735833333333334,19.241733333333332,9.066166666666666,14.194389444444441
2026-08-10T00:00:00.000+05:30,9.0793,241.95466666666664,1.6648611111111111,0.1262555555555555,0.0,525.0,4141.0,2026,8,10,2,3,0,summer,10.253533333333332,15.872666666666667,19.89286666666667,8.898419047619047,13.833937222222216
2026-08-11T00:00:00.000+05:30,9.033366666666666,240.54286805555552,1.6716666666666666,0.1222666666666666,0.0,542.0,4118.0,2026,8,11,3,3,0,summer,9.055933333333334,14.377566666666668,18.4929,8.895195238095239,13.518619444444441
2026-08-12T00:00:00.000+05:30,8.8283,240.79493055555557,1.6237499999999998,0.1174291666666666,0.0,514.0,3982.0,2026,8,12,4,3,0,summer,8.891266666666667,9.151733333333334,23.035233333333338,8.8862,13.045054999999998
2026-08-13T00:00:00.000+05:30,8.9049,240.99115972222225,1.6345833333333335,0.1149569444444444,0.0,508.0,4097.0,2026,8,13,5,3,0,summer,8.745766666666666,9.187666666666669,23.4912,8.908933333333334,12.558845
2026-08-14T00:00:00.000+05:30,9.237833333333333,241.165875,1.683472222222222,0.1114652777777777,0.0,512.0,4471.0,2026,8,14,6,3,0,summer,8.791266666666667,9.2436,27.26355,8.97272857142857,11.95798777777778
2026-08-15T00:00:00.000+05:30,17.599766666666667,241.686625,3.161388888888889,0.1435902777777777,0.0,4361.0,5282.0,2026,8,15,7,3,1,summer,8.807666666666668,9.261066666666666,13.6676,10.228742857142858,12.08906
2026-08-16T00:00:00.000+05:30,18.828833333333332,241.07695833333335,3.4175,0.1284833333333333,1530.0,463.0,7328.0,2026,8,16,1,3,1,summer,8.917733333333333,9.158033333333332,13.4392,11.644614285714285,12.268714444444443
2026-08-17T00:00:00.000+05:30,17.20830315483603,240.9138349633152,3.315542195837722,0.1046945060410751,940.0,741.5064342050644,5548.0,2026,8,17,2,3,0,summer,9.0793,10.253533333333332,13.533966666666666,12.80590045069086,12.391192327383424
2026-08-22T00:00:00.000+05:30,2.210696845163968,242.77759518159107,2.7342132882194914,0.1720653915740501,0.0,173.49356579493565,360.0,2026,8,22,7,3,1,summer,9.033366666666666,9.055933333333334,13.352633333333332,11.831233333333332,12.019794444444443
2026-08-23T00:00:00.000+05:30,12.760966666666668,242.0454236111111,2.3279166666666664,0.1436083333333333,0.0,565.0,6106.0,2026,8,23,1,3,1,summer,8.8283,8.891266666666667,14.263733333333333,12.393042857142856,11.969702222222221
2026-08-24T00:00:00.000+05:30,12.049133333333334,241.6081597222222,2.254861111111111,0.1218458333333333,0.0,541.0,5712.0,2026,8,24,2,3,0,summer,8.9049,8.745766666666666,17.7361,12.842219047619045,11.780136666666666
2026-08-25T00:00:00.000+05:30,16.340133333333334,241.11630555555556,2.9448611111111114,0.1118972222222222,969.0,522.0,8959.0,2026,8,25,3,3,0,summer,9.237833333333333,8.791266666666667,19.407433333333337,13.85683333333333,11.677893333333332
2026-08-26T00:00:00.000+05:30,12.620866666666666,241.8138125,2.3005555555555555,0.1236763888888888,0.0,538.0,5078.0,2026,8,26,4,3,0,summer,17.599766666666667,8.807666666666668,19.602633333333333,13.145561904761905,11.445167777777776
2026-08-27T00:00:00.000+05:30,33.844166666666666,240.85945833333332,5.994027777777777,0.2113319444444444,930.0,7583.0,12707.0,2026,8,27,5,3,0,summer,18.828833333333332,8.917733333333333,15.361133333333331,15.290609523809524,12.06126888888889
2026-08-28T00:00:00.000+05:30,24.0476,242.56586111111113,4.281805555555556,0.1649333333333333,2086.0,549.0,12983.0,2026,8,28,6,3,0,summer,17.20830315483603,9.0793,18.84016666666667,16.26765193026152,12.234849999999998
2026-08-29T00:00:00.000+05:30,27.808,241.00794444444443,4.937777777777778,0.1331208333333333,3005.0,534.0,13095.0,2026,8,29,7,3,1,summer,2.210696845163968,9.033366666666666,14.735833333333334,19.924409523809523,12.670588888888888
2026-08-30T00:00:00.000+05:30,24.913366666666665,241.37439583333332,4.3825,0.1254555555555555,940.0,1470.0,11790.0,2026,8,30,1,3,1,summer,12.760966666666668,8.8283,15.872666666666667,21.660466666666668,12.971945555555555
2026-08-31T00:00:00.000+05:30,22.751766666666665,241.19238888888887,4.103472222222222,0.1169861111111111,2099.0,1723.0,7958.0,2026,8,31,2,3,0,summer,12.049133333333334,8.9049,14.377566666666668,23.189414285714285,13.251085555555555
2026-09-01T00:00:00.000+05:30,26.5553,241.26284027777777,4.691666666666666,0.125125,1947.0,1194.0,13990.0,2026,9,1,3,3,0,fall,16.340133333333334,9.237833333333333,9.151733333333334,24.648723809523805,13.831204444444444
2026-09-02T00:00:00.000+05:30,23.2082,240.94371527777776,4.08875,0.1182722222222222,929.0,500.0,11785.0,2026,9,2,4,3,0,fall,12.620866666666666,17.599766666666667,9.187666666666669,26.1612,14.298555555555554
2026-09-03T00:00:00.000+05:30,22.44023333333333,240.5336736111111,3.9734722222222225,0.1170805555555555,940.0,523.0,9747.0,2026,9,3,5,3,0,fall,33.844166666666666,18.828833333333332,9.2436,24.53206666666667,14.73844333333333
2026-09-04T00:00:00.000+05:30,29.064,241.10194444444443,5.173472222222222,0.1514055555555555,2605.0,734.0,13241.0,2026,9,4,6,3,0,fall,24.0476,17.20830315483603,9.261066666666666,25.24869523809524,15.39854111111111
2026-09-05T00:00:00.000+05:30,22.0503,242.14060416666663,3.96375,0.1298680555555555,1609.0,2732.0,7471.0,2026,9,5,7,3,1,fall,27.808,2.210696845163968,9.158033333333332,24.426166666666663,15.82828333333333
2026-09-06T00:00:00.000+05:30,23.7146,241.84175,4.206944444444445,0.1119472222222222,3164.0,532.0,10174.0,2026,9,6,1,3,1,fall,24.913366666666665,12.760966666666668,10.253533333333332,24.254914285714282,16.27698555555555
2026-09-07T00:00:00.000+05:30,24.197566666666667,241.2751597222222,4.307083333333333,0.1166402777777777,1929.0,922.0,11829.0,2026,9,7,2,3,0,fall,22.751766666666665,12.049133333333334,9.055933333333334,24.46145714285714,16.781706666666665
2026-09-08T00:00:00.000+05:30,21.7302,240.9840069444444,3.8720833333333338,0.1188763888888888,1.0,495.0,7478.0,2026,9,8,3,3,0,fall,26.5553,16.340133333333334,8.891266666666667,23.772157142857143,17.20967111111111
2026-09-09T00:00:00.000+05:30,20.645233333333337,240.6032152777778,3.701666666666666,0.1166347222222222,1813.0,2128.0,7016.0,2026,9,9,4,3,0,fall,23.2082,12.620866666666666,8.745766666666666,23.406019047619047,17.606319999999997
2026-09-10T00:00:00.000+05:30,22.135133333333332,241.8182013888889,3.921527777777778,0.138925,966.0,654.0,10773.0,2026,9,10,5,3,0,fall,22.44023333333333,33.844166666666666,8.791266666666667,23.362433333333335,18.051115555555555
2026-09-11T00:00:00.000+05:30,24.3885,241.67075,4.311944444444444,0.1636319444444444,930.0,1427.0,8996.0,2026,9,11,6,3,0,fall,29.064,24.0476,8.807666666666668,22.694504761904764,18.570476666666668
2026-09-12T00:00:00.000+05:30,26.8682,241.61972222222224,4.755694444444444,0.1398319444444444,1805.0,2080.0,8891.0,2026,9,12,7,3,1,fall,22.0503,27.808,8.917733333333333,23.38277619047619,19.168825555555554
2026-09-13T00:00:00.000+05:30,17.938666666666666,241.15527083333336,3.241111111111111,0.1318041666666666,1301.0,798.0,6710.0,2026,9,13,1,3,1,fall,23.7146,24.913366666666665,9.0793,22.55764285714286,19.464137777777776
2026-09-14T00:00:00.000+05:30,23.844633333333334,240.94131944444445,4.237361111111111,0.1368083333333333,1874.0,2705.0,10270.0,2026,9,14,2,3,0,fall,24.197566666666667,22.751766666666665,9.033366666666666,22.50722380952381,19.95784666666667
2026-09-15T00:00:00.000+05:30,16.434900000000003,241.29677777777775,2.9531944444444447,0.1524708333333333,0.0,898.0,6018.0,2026,9,15,3,3,0,fall,21.7302,26.5553,8.8283,21.75075238095238,20.2114
2026-09-16T00:00:00.000+05:30,22.328966666666663,240.41177083333335,3.9340277777777777,0.1189930555555555,1038.0,739.0,10310.0,2026,9,16,4,3,0,fall,20.645233333333337,23.2082,8.9049,21.991285714285716,20.65886888888889
2026-09-17T00:00:00.000+05:30,24.96013333333333,240.814875,4.427777777777778,0.1365569444444444,1954.0,5496.0,9727.0,2026,9,17,5,3,0,fall,22.135133333333332,22.44023333333333,9.237833333333333,22.394857142857145,21.18294555555556
2026-09-18T00:00:00.000+05:30,20.7991,241.55907638888888,3.662361111111111,0.1124847222222222,982.0,754.0,11779.0,2026,9,18,6,3,0,fall,24.3885,29.064,17.599766666666667,21.882085714285715,21.28959
2026-09-19T00:00:00.000+05:30,15.326666666666666,241.7113055555556,2.7115277777777775,0.1023652777777777,0.0,1307.0,5156.0,2026,9,19,7,3,1,fall,26.8682,22.0503,18.828833333333332,20.233295238095234,21.172851111111115
2026-09-20T00:00:00.000+05:30,28.0472,241.4937361111111,4.985972222222222,0.1355652777777777,3323.0,766.0,13262.0,2026,9,20,1,3,1,fall,17.938666666666666,23.7146,17.20830315483603,21.677371428571426,21.53414767261658
2026-09-21T00:00:00.000+05:30,18.522933333333334,240.91864583333333,3.311527777777778,0.1248013888888888,0.0,679.0,7969.0,2026,9,21,2,3,0,fall,23.844633333333334,24.197566666666667,2.210696845163968,20.917128571428574,22.07788888888889
2026-09-22T00:00:00.000+05:30,25.173233333333332,240.65502777777775,4.468055555555556,0.1307847222222222,2472.0,1167.0,11768.0,2026,9,22,3,3,0,fall,16.434900000000003,21.7302,12.760966666666668,22.165461904761905,22.491631111111115
2026-09-23T00:00:00.000+05:30,24.16436666666667,240.7245,4.227777777777778,0.1145402777777777,1021.0,755.0,12002.0,2026,9,23,4,3,0,fall,22.328966666666663,20.645233333333337,12.049133333333334,22.42766190476191,22.895472222222224
2026-09-24T00:00:00.000+05:30,22.1332,240.58872222222223,3.923611111111111,0.12865,1739.0,773.0,8666.0,2026,9,24,5,3,0,fall,24.96013333333333,22.135133333333332,16.340133333333334,22.023814285714284,23.088574444444443
2026-09-25T00:00:00.000+05:30,1.925530316914853,241.0956645692084,1.681129067211541,0.1060379400018575,0.0,150.0,961.9392898052693,2026,9,25,6,3,0,fall,20.7991,24.3885,12.620866666666666,19.32759004527355,22.73206323278605
2026-09-28T00:00:00.000+05:30,10.165669683085149,239.332314949609,7.352696818747504,0.0745151866266575,944.0,181.0,1976.0607101947307,2026,9,28,2,3,0,fall,15.326666666666666,26.8682,33.844166666666666,18.590304761904765,21.942780000000003
2026-09-29T00:00:00.000+05:30,28.073766666666664,241.22340972222224,4.879166666666666,0.0968125,1579.0,648.0,13047.0,2026,9,29,3,3,0,fall,28.0472,17.938666666666666,24.0476,18.5941,22.076985555555556
2026-09-30T00:00:00.000+05:30,20.804633333333335,242.30779166666665,3.6041666666666665,0.1064138888888888,0.0,771.0,7988.0,2026,9,30,4,3,0,fall,18.522933333333334,23.844633333333334,27.808,18.920057142857143,21.843539999999997
2026-10-01T00:00:00.000+05:30,25.080333333333332,240.80197916666663,4.372638888888889,0.1095722222222222,1752.0,724.0,11307.0,2026,10,1,5,4,0,fall,25.173233333333332,16.434900000000003,24.913366666666665,18.906785714285714,21.849105555555557
2026-10-02T00:00:00.000+05:30,32.05423333333333,240.70345833333332,5.584305555555555,0.1153375,3972.0,741.0,13532.0,2026,10,2,6,4,0,fall,24.16436666666667,22.328966666666663,22.751766666666665,20.033909523809523,22.159187777777774
2026-10-03T00:00:00.000+05:30,30.5114,241.93284027777776,5.398472222222223,0.1408430555555555,5000.0,2564.0,7738.0,2026,10,3,7,4,1,fall,22.1332,24.96013333333333,26.5553,21.230795238095236,22.291057777777777
2026-10-04T00:00:00.000+05:30,29.599333333333337,240.62145833333335,5.197916666666667,0.1302666666666666,1709.0,722.0,8252.0,2026,10,4,1,4,1,fall,1.925530316914853,20.7991,23.2082,25.184195669012162,22.504095555555548
2026-10-05T00:00:00.000+05:30,30.9104,239.919,5.422083333333333,0.1476680555555555,0.0,3012.0,12037.0,2026,10,5,2,4,0,fall,10.165669683085149,15.326666666666666,22.44023333333333,28.14772857142857,22.786434444444442
2026-10-06T00:00:00.000+05:30,21.924266666666664,241.27625,3.815555555555555,0.0976166666666666,1016.0,527.0,8055.0,2026,10,6,3,4,0,fall,28.073766666666664,28.0472,29.064,27.269228571428574,22.54844333333333
2026-10-07T00:00:00.000+05:30,30.1659,241.60523611111108,5.287638888888889,0.1250666666666666,2159.0,543.0,12666.0,2026,10,7,4,4,0,fall,20.804633333333335,18.522933333333334,22.0503,28.606552380952376,22.81896333333333
2026-10-08T00:00:00.000+05:30,25.174266666666664,240.98219444444445,4.433472222222222,0.1393166666666666,964.0,710.0,9927.0,2026,10,8,5,4,0,fall,25.080333333333332,25.173233333333332,23.7146,28.619971428571425,22.867618888888884
2026-10-09T00:00:00.000+05:30,26.863,240.1984375,4.740972222222222,0.1764027777777778,959.0,1585.0,13132.0,2026,10,9,6,4,0,fall,32.05423333333333,24.16436666666667,24.197566666666667,27.878366666666665,22.956466666666664
2026-10-10T00:00:00.000+05:30,33.31506666666667,240.3423472222222,5.9181944444444445,0.2273930555555555,3325.0,773.0,10297.0,2026,10,10,7,4,1,fall,30.5114,22.1332,21.7302,28.278890476190472,23.34262888888889
2026-10-11T00:00:00.000+05:30,27.043166666666664,239.92619444444443,4.820416666666667,0.1864791666666666,1007.0,5006.0,8734.0,2026,10,11,1,4,1,fall,29.599333333333337,1.925530316914853,20.645233333333337,27.913723809523805,23.555893333333334
2026-10-12T00:00:00.000+05:30,26.3282,240.26067361111112,4.681388888888889,0.1182416666666666,1104.0,780.0,9812.0,2026,10,12,2,4,0,fall,30.9104,10.165669683085149,22.135133333333332,27.259123809523807,23.695662222222218
2026-10-13T00:00:00.000+05:30,34.564766666666664,240.79931944444445,6.015833333333333,0.1198916666666666,1988.0,611.0,16593.0,2026,10,13,3,4,0,fall,21.924266666666664,28.073766666666664,24.3885,29.064909523809522,24.034871111111105
2026-10-14T00:00:00.000+05:30,35.585366666666665,240.90321527777775,6.261111111111111,0.1499611111111111,2583.0,2441.0,14239.0,2026,10,14,4,4,0,fall,30.1659,20.804633333333335,26.8682,29.839119047619047,24.325443333333332
2026-10-15T00:00:00.000+05:30,26.6054,240.7949444444444,4.6883333333333335,0.1399583333333333,712.0,827.0,10786.0,2026,10,15,5,4,0,fall,25.174266666666664,25.080333333333332,17.938666666666666,30.043566666666663,24.614334444444445
2026-10-16T00:00:00.000+05:30,16.666900000000002,241.91749305555555,2.936111111111111,0.1166236111111111,0.0,645.0,7656.0,2026,10,16,6,4,0,fall,26.863,32.05423333333333,23.844633333333334,28.586980952380948,24.375076666666676
2026-10-17T00:00:00.000+05:30,17.456366666666668,242.2758263888889,3.0640277777777776,0.1288152777777777,995.0,666.0,4681.0,2026,10,17,7,4,1,fall,33.31506666666667,30.5114,16.434900000000003,26.321452380952376,24.40912555555556
2026-10-18T00:00:00.000+05:30,45.2314,241.81618055555555,7.903333333333332,0.1813777777777778,2234.0,10218.0,16382.0,2026,10,18,1,4,1,fall,27.043166666666664,29.599333333333337,22.328966666666663,28.91977142857143,25.172540000000005
2026-10-19T00:00:00.000+05:30,32.09963333333334,241.9127847222222,5.6530555555555555,0.1524791666666666,1025.0,4110.0,9461.0,2026,10,19,2,4,0,fall,26.3282,30.9104,24.96013333333333,29.74426190476191,25.410523333333337
2026-10-20T00:00:00.000+05:30,28.7994,242.248125,5.033611111111111,0.1128916666666666,2154.0,690.0,10330.0,2026,10,20,3,4,0,fall,34.564766666666664,21.924266666666664,20.7991,28.920638095238097,25.677200000000003
2026-10-21T00:00:00.000+05:30,22.586633333333335,243.47242361111108,3.9468055555555552,0.1259958333333333,755.0,691.0,6757.0,2026,10,21,4,4,0,fall,35.585366666666665,30.1659,15.326666666666666,27.063676190476194,25.919198888888893
2026-10-22T00:00:00.000+05:30,27.814866666666667,242.79820138888888,4.783194444444445,0.1031402777777777,1106.0,478.0,12697.0,2026,10,22,5,4,0,fall,26.6054,25.174266666666664,28.0472,27.236457142857144,25.911454444444452
2026-10-23T00:00:00.000+05:30,38.2206,242.24353472222225,6.689722222222223,0.1479944444444444,3737.0,3883.0,13465.0,2026,10,23,6,4,0,fall,16.666900000000002,26.863,18.522933333333334,30.31555714285714,26.56804333333334
2026-10-24T00:00:00.000+05:30,39.87173333333333,243.02140972222224,6.971180555555556,0.1871659722222222,1982.0,7563.0,13237.5,2026,10,24,7,4,1,fall,17.456366666666668,33.31506666666667,25.173233333333332,33.51775238095238,27.057993333333336
2026-10-25T00:00:00.000+05:30,19.3882,242.40615277777775,3.3922222222222222,0.1106444444444444,0.0,541.0,6748.0,2026,10,25,1,4,1,fall,45.2314,27.043166666666664,24.16436666666667,29.825866666666666,26.89878777777778
2026-10-26T00:00:00.000+05:30,15.765066666666666,244.89095833333332,2.7504166666666667,0.1203236111111111,0.0,2488.0,4989.0,2026,10,26,2,4,0,fall,32.09963333333334,26.3282,22.1332,27.49235714285714,26.686516666666666
2026-10-27T00:00:00.000+05:30,21.004633333333334,246.1087083333333,3.622916666666667,0.1068277777777777,0.0,2058.0,8269.0,2026,10,27,3,4,0,fall,28.7994,34.564766666666664,1.925530316914853,26.37881904761905,27.32248676721395
2026-10-28T00:00:00.000+05:30,24.388766666666665,246.25389583333333,4.200138888888889,0.1300277777777778,1103.0,2627.0,9087.0,2026,10,28,4,4,0,fall,22.586633333333335,35.585366666666665,10.165669683085149,26.636266666666668,27.796590000000002
2026-10-29T00:00:00.000+05:30,20.0737,245.74310416666668,3.5119444444444445,0.1359166666666666,1075.0,726.0,3911.0,2026,10,29,5,4,0,fall,27.814866666666667,26.6054,28.073766666666664,25.530385714285718,27.52992111111111
2026-10-30T00:00:00.000+05:30,35.87833333333333,243.26736805555555,6.229027777777778,0.1356388888888889,2353.0,614.0,15303.0,2026,10,30,6,4,0,fall,38.2206,16.666900000000002,20.804633333333335,25.195776190476188,28.03237777777778
2026-10-31T00:00:00.000+05:30,24.607166666666668,245.49527777777777,4.235138888888889,0.1445013888888889,1430.0,678.0,5589.0,2026,10,31,7,4,1,fall,39.87173333333333,17.456366666666668,25.080333333333332,23.015123809523807,28.016605555555557
2026-11-01T00:00:00.000+05:30,23.053,246.37959722222223,3.937638888888889,0.1299208333333333,0.0,634.0,8746.0,2026,11,1,1,4,1,fall,19.3882,45.2314,32.05423333333333,23.538666666666668,27.716564444444447
2026-11-02T00:00:00.000+05:30,19.851366666666667,245.78691666666663,3.4218055555555553,0.1295277777777778,0.0,574.0,5784.0,2026,11,2,2,4,0,fall,15.765066666666666,32.09963333333334,30.5114,24.122423809523813,27.36123
2026-11-03T00:00:00.000+05:30,21.554966666666665,244.27853472222225,3.7595833333333335,0.1224055555555555,1021.0,1108.0,6529.0,2026,11,3,3,4,0,fall,21.004633333333334,28.7994,29.599333333333337,24.20104285714286,27.093084444444447
2026-11-04T00:00:00.000+05:30,42.58576666666667,243.15222916666667,7.4961111111111105,0.1753041666666666,6029.0,11193.0,10286.0,2026,11,4,4,4,0,fall,24.388766666666665,22.586633333333335,30.9104,26.800614285714286,27.482263333333336
2026-11-05T00:00:00.000+05:30,28.9348,243.77503472222224,5.053333333333334,0.1253458333333333,0.0,790.0,12610.0,2026,11,5,5,4,0,fall,20.0737,27.814866666666667,21.924266666666664,28.06648571428571,27.71594777777778
2026-11-06T00:00:00.000+05:30,30.09013333333333,238.43022222222223,5.345138888888889,0.1346930555555555,3255.0,680.0,9803.0,2026,11,6,6,4,0,fall,35.87833333333333,38.2206,30.1659,27.2396,27.713422222222228
2026-11-07T00:00:00.000+05:30,27.896933333333333,238.4364861111111,4.965972222222222,0.1215111111111111,1026.0,621.0,6943.0,2026,11,7,7,4,1,fall,24.607166666666668,39.87173333333333,25.174266666666664,27.709566666666667,27.80417777777778
2026-11-08T00:00:00.000+05:30,30.425666666666665,237.7430625,5.373194444444445,0.10115,1087.0,555.0,13038.0,2026,11,8,1,4,1,fall,23.053,19.3882,26.863,28.76280476190476,27.922933333333333
2026-11-09T00:00:00.000+05:30,33.701633333333334,237.78809027777777,5.985972222222221,0.1074097222222222,2097.0,583.0,12500.0,2026,11,9,2,4,0,fall,19.851366666666667,15.765066666666666,33.31506666666667,30.74141428571429,27.93581888888889
2026-11-10T00:00:00.000+05:30,32.442233333333334,239.08477083333335,5.716666666666667,0.1065777777777777,1026.0,5858.0,13308.0,2026,11,10,3,4,0,fall,21.554966666666665,21.004633333333334,27.043166666666664,32.29673809523809,28.11578777777778
2026-11-11T00:00:00.000+05:30,29.559866666666668,238.72870833333337,5.2555555555555555,0.1056861111111111,3424.0,2216.0,6259.0,2026,11,11,4,4,0,fall,42.58576666666667,24.388766666666665,26.3282,30.435895238095238,28.223509999999997
2026-11-12T00:00:00.000+05:30,30.6137,238.8378958333333,5.434861111111111,0.1049611111111111,2054.0,489.0,10308.0,2026,11,12,5,4,0,fall,28.9348,20.0737,34.564766666666664,30.675738095238096,28.09180777777778
2026-11-13T00:00:00.000+05:30,33.719566666666665,239.33274305555557,5.919583333333334,0.112625,1051.0,589.0,13853.0,2026,11,13,6,4,0,fall,30.09013333333333,35.87833333333333,35.585366666666665,31.19422857142857,28.029614444444444
2026-11-14T00:00:00.000+05:30,33.9732,239.2797986111111,6.032361111111111,0.1414541666666666,5344.0,549.0,8758.0,2026,11,14,7,4,1,fall,27.896933333333333,24.607166666666668,26.6054,32.062266666666666,28.275207777777776
2026-11-15T00:00:00.000+05:30,29.123033333333336,239.5492430555555,5.125694444444444,0.0879972222222222,1075.0,4222.0,8918.0,2026,11,15,1,4,1,fall,30.425666666666665,23.053,16.666900000000002,31.876176190476183,28.69041222222222
2026-11-16T00:00:00.000+05:30,25.162466666666667,241.19761111111112,4.403611111111111,0.0927763888888889,0.0,478.0,7949.0,2026,11,16,2,4,0,fall,33.701633333333334,19.851366666666667,17.456366666666668,30.656295238095236,28.94728222222222
2026-11-17T00:00:00.000+05:30,26.3672,241.45224305555556,4.63125,0.0985527777777777,1153.0,491.0,8915.0,2026,11,17,3,4,0,fall,32.442233333333334,21.554966666666665,45.2314,29.78843333333333,28.318475555555555
2026-11-18T00:00:00.000+05:30,27.535866666666667,241.01675,4.876944444444445,0.1431916666666666,2175.0,489.0,9449.0,2026,11,18,4,4,0,fall,29.559866666666668,42.58576666666667,32.09963333333334,29.499290476190478,28.16635
2026-11-19T00:00:00.000+05:30,26.173333333333336,240.04675694444447,4.5784722222222225,0.0853666666666666,0.0,483.0,11914.0,2026,11,19,5,4,0,fall,30.6137,28.9348,28.7994,28.864952380952385,28.078814444444443
2026-11-20T00:00:00.000+05:30,36.61676666666666,240.60833333333332,6.472361111111112,0.1067833333333333,4367.0,2947.0,11433.0,2026,11,20,6,4,0,fall,33.719566666666665,30.09013333333333,22.586633333333335,29.278838095238093,28.54648555555555
2026-11-21T00:00:00.000+05:30,15.015166666666666,241.1801944444444,2.6379166666666665,0.0830722222222222,0.0,506.0,4778.0,2026,11,21,7,4,1,fall,33.9732,27.896933333333333,27.814866666666667,26.570547619047613,28.11982888888889
2026-11-22T00:00:00.000+05:30,34.025600000000004,240.1971180555555,6.014166666666666,0.0988569444444444,4855.0,2110.0,10136.0,2026,11,22,1,4,1,fall,29.123033333333336,30.425666666666665,38.2206,27.270914285714287,27.979995555555554
2026-11-23T00:00:00.000+05:30,26.292266666666663,240.57552777777775,4.674444444444444,0.0954513888888888,1871.0,458.0,7611.0,2026,11,23,2,4,0,fall,25.162466666666667,33.701633333333334,39.87173333333333,27.432314285714288,27.52734666666667
2026-11-24T00:00:00.000+05:30,29.93746666666667,240.0309652777778,5.249583333333333,0.0919861111111111,1096.0,2848.0,12224.0,2026,11,24,3,4,0,fall,26.3672,32.442233333333334,19.3882,27.94235238095238,27.87898888888889
2026-11-25T00:00:00.000+05:30,23.852733333333333,241.5362569444445,4.169444444444444,0.0806444444444444,1076.0,426.0,5072.0,2026,11,25,4,4,0,fall,27.535866666666667,29.559866666666668,15.765066666666666,27.416190476190476,28.148577777777778
2026-11-26T00:00:00.000+05:30,24.801733333333335,240.2910292953286,4.9562945368171025,0.0956658749010292,1080.0,385.0,9989.0,2026,11,26,5,4,0,fall,26.173333333333336,30.6137,21.004633333333334,27.220247619047623,28.27514777777778
